delivery_id,po_id,delivery_date,delivered_qty,quality_status
1,1,2024-05-29,365,Accepted
2,2,2025-01-26,217,Accepted
3,3,2026-01-31,441,Accepted
4,4,2025-03-31,429,Partial
5,5,2025-07-15,101,Partial
6,6,2025-01-28,171,Partial
7,6,2025-02-12,172,Rejected
8,7,2024-02-15,68,Accepted
9,7,2024-02-16,68,Rejected
10,7,2024-02-08,70,Rejected
11,8,2024-03-29,59,Rejected
12,9,2024-08-10,373,Accepted
13,10,2024-07-07,282,Accepted
14,11,2025-10-25,60,Accepted
15,11,2025-11-04,60,Accepted
16,12,2025-10-06,177,Accepted
17,13,2025-10-10,230,Accepted
18,14,2025-05-04,29,Accepted
19,15,2025-03-17,13,Accepted
20,15,2025-03-25,13,Accepted
21,16,2025-05-15,99,Partial
22,16,2025-05-15,99,Accepted
23,17,2024-11-01,120,Accepted
24,18,2025-06-16,26,Partial
25,19,2025-08-27,351,Accepted
26,20,2025-08-17,359,Accepted
27,21,2025-05-11,497,Partial
28,22,2024-02-15,337,Accepted
29,23,2025-07-12,57,Accepted
30,24,2024-10-14,118,Accepted
31,24,2024-10-17,118,Rejected
32,25,2025-07-29,142,Accepted
33,26,2025-02-20,11,Accepted
34,26,2025-02-27,11,Accepted
35,26,2025-03-13,13,Accepted
36,27,2025-11-05,385,Rejected
37,28,2024-11-05,91,Accepted
38,29,2026-01-01,91,Accepted
39,30,2025-11-03,79,Partial
40,30,2025-10-15,79,Rejected
41,31,2024-10-09,197,Rejected
42,32,2025-02-02,16,Accepted
43,33,2025-02-23,31,Accepted
44,33,2025-03-03,31,Partial
45,34,2025-08-11,168,Accepted
46,35,2025-06-15,359,Accepted
47,36,2025-09-24,246,Rejected
48,37,2024-11-03,330,Accepted
49,38,2025-02-06,213,Accepted
50,39,2024-11-30,355,Rejected
51,40,2025-11-15,298,Rejected
52,41,2024-09-16,219,Rejected
53,41,2024-09-23,220,Accepted
54,42,2025-04-09,273,Accepted
55,43,2024-04-27,335,Rejected
56,44,2025-09-29,200,Accepted
57,45,2024-11-08,152,Partial
58,46,2024-10-23,398,Accepted
59,47,2025-04-28,402,Rejected
60,48,2025-02-07,301,Accepted
61,49,2025-10-25,338,Accepted
62,50,2025-01-26,13,Accepted
63,50,2025-01-28,14,Partial
64,51,2025-03-07,327,Rejected
65,52,2024-04-16,80,Accepted
66,52,2024-04-28,81,Accepted
67,53,2024-02-14,107,Partial
68,54,2024-11-14,115,Partial
69,55,2026-02-15,31,Accepted
70,56,2025-12-09,113,Rejected
71,57,2025-05-01,395,Partial
72,58,2025-05-30,207,Accepted
73,58,2025-06-04,208,Rejected
74,59,2024-11-03,150,Accepted
75,60,2024-06-18,422,Accepted
76,61,2024-01-18,132,Accepted
77,62,2024-09-16,81,Accepted
78,62,2024-09-29,81,Accepted
79,63,2024-09-15,77,Rejected
80,64,2024-06-24,191,Accepted
81,65,2024-07-28,131,Accepted
82,65,2024-07-23,132,Accepted
83,66,2024-03-22,432,Accepted
84,67,2025-04-30,37,Accepted
85,68,2025-11-25,399,Rejected
86,69,2025-06-27,74,Accepted
87,70,2024-11-29,444,Partial
88,71,2024-12-06,40,Accepted
89,72,2024-09-06,351,Accepted
90,73,2024-06-07,145,Partial
91,73,2024-05-28,145,Rejected
92,73,2024-06-03,147,Partial
93,74,2025-05-13,425,Accepted
94,75,2025-03-18,493,Accepted
95,76,2024-01-27,380,Accepted
96,77,2024-12-22,485,Partial
97,78,2024-09-01,302,Accepted
98,79,2024-06-07,404,Partial
99,80,2025-06-27,466,Accepted
100,81,2025-02-25,248,Rejected
101,82,2025-05-06,43,Partial
102,83,2025-07-23,420,Accepted
103,84,2026-01-04,37,Accepted
104,85,2025-09-22,361,Accepted
105,86,2025-05-15,19,Accepted
106,86,2025-06-01,20,Accepted
107,87,2025-11-07,498,Partial
108,88,2025-01-24,420,Partial
109,89,2026-02-02,296,Rejected
110,90,2025-08-25,374,Accepted
111,91,2025-05-06,71,Rejected
112,91,2025-05-10,72,Accepted
113,92,2025-11-15,102,Accepted
114,92,2025-11-15,103,Accepted
115,93,2025-02-24,480,Rejected
116,94,2025-06-25,364,Accepted
117,95,2024-08-31,80,Accepted
118,96,2026-01-17,492,Accepted
119,97,2025-05-08,197,Accepted
120,98,2025-09-01,225,Accepted
121,98,2025-09-03,226,Accepted
122,99,2025-01-08,442,Accepted
123,100,2025-10-28,254,Accepted
124,101,2024-04-13,185,Accepted
125,102,2024-05-09,37,Accepted
126,103,2025-03-05,68,Accepted
127,104,2025-07-18,20,Accepted
128,105,2025-09-05,286,Accepted
129,106,2024-11-27,481,Accepted
130,107,2025-05-20,273,Partial
131,108,2025-02-14,159,Accepted
132,108,2025-03-06,159,Accepted
133,108,2025-02-24,161,Rejected
134,109,2025-12-18,405,Partial
135,110,2025-06-10,132,Accepted
136,111,2024-11-20,311,Accepted
137,112,2025-12-22,325,Accepted
138,113,2024-04-08,63,Rejected
139,113,2024-03-29,63,Partial
140,114,2026-01-16,342,Accepted
141,115,2024-05-19,243,Accepted
142,116,2024-08-17,17,Accepted
143,117,2025-09-21,87,Partial
144,118,2025-07-01,463,Partial
145,119,2026-01-10,91,Accepted
146,119,2025-12-29,91,Partial
147,120,2025-07-30,108,Partial
148,121,2025-05-14,329,Accepted
149,122,2024-10-02,26,Accepted
150,122,2024-10-12,27,Partial
151,123,2024-02-13,337,Accepted
152,124,2024-04-25,80,Accepted
153,125,2024-08-13,182,Accepted
154,126,2024-02-16,142,Accepted
155,127,2025-02-16,457,Partial
156,128,2025-08-19,401,Accepted
157,129,2026-01-08,177,Accepted
158,130,2025-01-28,418,Accepted
159,131,2025-10-18,128,Partial
160,132,2026-02-09,207,Rejected
161,132,2026-02-04,207,Accepted
162,133,2025-10-31,441,Rejected
163,134,2025-01-13,21,Rejected
164,134,2025-01-29,21,Partial
165,135,2024-09-25,42,Rejected
166,136,2026-01-06,256,Accepted
167,137,2024-08-05,457,Partial
168,138,2024-11-13,390,Accepted
169,139,2024-03-18,310,Accepted
170,140,2025-09-03,60,Rejected
171,140,2025-09-04,61,Accepted
172,141,2025-05-23,42,Rejected
173,142,2024-03-13,98,Accepted
174,142,2024-03-10,98,Accepted
175,142,2024-03-25,99,Partial
176,143,2024-07-27,46,Accepted
177,143,2024-08-02,47,Rejected
178,144,2025-03-12,39,Accepted
179,145,2025-03-25,276,Partial
180,146,2025-09-13,271,Accepted
181,147,2024-07-23,239,Accepted
182,148,2025-12-05,402,Accepted
183,149,2025-01-12,481,Accepted
184,150,2025-09-29,230,Accepted
185,151,2024-08-05,211,Accepted
186,152,2024-02-27,88,Accepted
187,153,2024-03-18,106,Accepted
188,154,2024-11-12,98,Accepted
189,155,2025-12-12,157,Accepted
190,156,2024-02-22,114,Accepted
191,156,2024-02-27,114,Accepted
192,157,2024-09-29,473,Accepted
193,158,2024-04-29,442,Accepted
194,159,2025-12-26,95,Accepted
195,159,2025-12-20,95,Partial
196,159,2025-12-14,97,Partial
197,160,2025-06-03,82,Accepted
198,160,2025-06-25,82,Accepted
199,161,2025-07-17,279,Accepted
200,162,2025-07-03,200,Accepted
201,162,2025-06-26,201,Accepted
202,163,2025-06-07,61,Rejected
203,163,2025-06-06,61,Rejected
204,163,2025-05-25,61,Accepted
205,164,2025-08-17,243,Partial
206,165,2024-02-10,116,Rejected
207,166,2025-10-27,468,Accepted
208,167,2025-07-16,307,Partial
209,168,2025-07-23,426,Partial
210,169,2024-12-04,14,Accepted
211,170,2025-09-08,64,Accepted
212,170,2025-09-05,65,Partial
213,171,2024-10-31,32,Partial
214,172,2024-02-12,243,Accepted
215,173,2025-11-01,231,Partial
216,173,2025-11-25,231,Accepted
217,174,2024-07-31,478,Accepted
218,175,2024-04-11,58,Accepted
219,175,2024-03-31,59,Accepted
220,176,2025-04-24,138,Accepted
221,176,2025-05-03,138,Accepted
222,176,2025-04-17,138,Rejected
223,177,2024-07-16,142,Rejected
224,178,2025-10-15,225,Rejected
225,179,2024-12-27,123,Accepted
226,180,2024-01-24,48,Accepted
227,180,2024-02-02,48,Accepted
228,180,2024-02-07,49,Accepted
229,181,2025-12-15,470,Accepted
230,182,2025-02-20,130,Rejected
231,182,2025-02-19,130,Partial
232,182,2025-02-12,131,Rejected
233,183,2024-08-19,71,Partial
234,183,2024-08-05,71,Accepted
235,183,2024-08-26,71,Accepted
236,184,2025-06-28,119,Partial
237,185,2025-02-21,132,Accepted
238,186,2024-02-22,68,Accepted
239,186,2024-02-21,68,Partial
240,186,2024-02-28,70,Accepted
241,187,2025-07-16,164,Rejected
242,188,2024-11-06,21,Accepted
243,189,2025-06-16,442,Accepted
244,190,2025-11-30,26,Rejected
245,190,2025-11-27,27,Accepted
246,191,2025-04-12,70,Accepted
247,192,2025-06-10,195,Partial
248,193,2024-08-17,202,Rejected
249,194,2024-07-08,340,Accepted
250,195,2024-12-11,26,Accepted
251,196,2025-10-08,53,Partial
252,197,2025-03-08,105,Partial
253,197,2025-02-26,106,Accepted
254,198,2024-10-17,111,Accepted
255,199,2025-08-17,371,Accepted
256,200,2025-09-25,493,Accepted
257,201,2025-11-18,374,Accepted
258,202,2024-09-28,465,Partial
259,203,2025-07-10,106,Accepted
260,204,2025-04-12,457,Partial
261,205,2025-01-03,65,Accepted
262,206,2024-10-27,291,Rejected
263,207,2024-04-04,138,Accepted
264,208,2024-08-23,357,Accepted
265,209,2025-03-04,374,Accepted
266,210,2025-11-09,126,Accepted
267,210,2025-10-28,127,Accepted
268,211,2025-10-23,397,Partial
269,212,2024-06-20,34,Accepted
270,213,2025-06-18,378,Rejected
271,214,2024-03-26,375,Accepted
272,215,2025-05-21,172,Accepted
273,216,2024-10-18,383,Partial
274,217,2025-01-24,92,Accepted
275,218,2025-07-01,124,Accepted
276,218,2025-07-10,124,Accepted
277,218,2025-07-21,125,Accepted
278,219,2024-11-30,26,Partial
279,219,2024-12-09,26,Accepted
280,219,2024-12-16,27,Partial
281,220,2025-09-30,195,Accepted
282,221,2025-02-23,83,Partial
283,222,2026-01-28,292,Partial
284,223,2025-05-13,229,Partial
285,224,2024-09-15,343,Accepted
286,225,2025-08-31,22,Partial
287,226,2024-11-25,28,Partial
288,226,2024-11-12,28,Rejected
289,226,2024-11-14,28,Partial
290,227,2025-02-18,25,Rejected
291,227,2025-02-20,25,Rejected
292,227,2025-03-08,27,Partial
293,228,2024-05-24,210,Rejected
294,229,2024-04-01,270,Accepted
295,230,2025-04-06,7,Accepted
296,230,2025-04-20,8,Accepted
297,231,2024-06-28,140,Accepted
298,232,2026-02-03,411,Partial
299,233,2025-10-14,401,Accepted
300,234,2025-07-06,100,Partial
301,234,2025-07-10,101,Accepted
302,235,2025-07-20,104,Accepted
303,235,2025-08-01,104,Rejected
304,235,2025-07-19,105,Rejected
305,236,2025-04-04,480,Accepted
306,237,2024-03-31,326,Accepted
307,238,2024-10-24,194,Rejected
308,239,2025-01-11,88,Accepted
309,240,2025-12-10,119,Accepted
310,241,2024-07-12,144,Accepted
311,242,2025-02-10,71,Accepted
312,243,2024-09-21,363,Partial
313,244,2024-05-16,28,Partial
314,245,2024-04-06,41,Accepted
315,246,2024-11-07,82,Accepted
316,247,2024-04-05,61,Accepted
317,247,2024-03-29,61,Rejected
318,247,2024-04-03,61,Accepted
319,248,2024-03-01,30,Rejected
320,249,2024-10-15,491,Accepted
321,250,2024-06-28,41,Accepted
322,251,2025-03-27,306,Rejected
323,252,2024-02-09,246,Accepted
324,252,2024-03-02,246,Partial
325,253,2024-09-05,4,Accepted
326,253,2024-09-09,4,Rejected
327,254,2024-12-30,207,Accepted
328,254,2025-01-04,207,Rejected
329,255,2026-01-06,81,Partial
330,256,2025-04-20,307,Accepted
331,257,2025-11-14,200,Accepted
332,258,2024-10-16,233,Accepted
333,258,2024-10-18,233,Accepted
334,259,2025-01-11,328,Accepted
335,260,2024-11-28,113,Accepted
336,261,2025-12-04,397,Rejected
337,262,2026-01-05,183,Accepted
338,263,2025-12-30,274,Accepted
339,264,2025-08-02,396,Accepted
340,265,2025-01-18,246,Rejected
341,266,2025-02-21,58,Rejected
342,267,2025-12-28,42,Accepted
343,267,2026-01-10,42,Partial
344,267,2026-01-25,44,Accepted
345,268,2024-09-05,277,Rejected
346,269,2024-10-17,179,Partial
347,270,2025-11-29,260,Accepted
348,271,2024-10-14,72,Partial
349,271,2024-10-18,73,Partial
350,272,2024-07-13,31,Rejected
351,273,2025-03-08,243,Accepted
352,274,2024-10-08,178,Accepted
353,275,2025-10-31,324,Accepted
354,276,2025-11-18,202,Partial
355,277,2024-09-08,26,Accepted
356,278,2025-03-02,24,Accepted
357,279,2026-01-22,182,Accepted
358,280,2025-07-04,483,Accepted
359,281,2024-07-01,7,Partial
360,281,2024-06-26,7,Accepted
361,281,2024-07-06,8,Partial
362,282,2025-04-26,51,Accepted
363,283,2025-05-06,303,Partial
364,284,2025-05-28,395,Accepted
365,285,2024-03-09,59,Accepted
366,286,2024-09-28,178,Accepted
367,286,2024-09-14,178,Rejected
368,287,2025-10-11,27,Rejected
369,287,2025-10-28,28,Accepted
370,288,2024-07-29,72,Accepted
371,288,2024-07-21,72,Rejected
372,289,2024-08-31,267,Accepted
373,290,2024-09-08,373,Accepted
374,291,2024-06-02,115,Accepted
375,291,2024-06-13,116,Accepted
376,292,2024-06-17,171,Accepted
377,293,2024-10-04,171,Accepted
378,294,2025-10-28,286,Accepted
379,295,2024-01-31,296,Partial
380,296,2024-08-31,171,Rejected
381,297,2024-03-29,27,Rejected
382,298,2025-04-07,217,Accepted
383,299,2024-08-07,477,Rejected
384,300,2025-08-29,131,Rejected
385,300,2025-08-28,132,Accepted
386,301,2025-04-18,266,Accepted
387,302,2025-08-21,487,Partial
388,303,2025-04-23,367,Rejected
389,304,2024-12-08,268,Partial
390,305,2025-10-30,408,Accepted
391,306,2024-12-31,396,Accepted
392,307,2026-01-06,156,Partial
393,308,2026-01-20,41,Accepted
394,309,2025-04-03,69,Accepted
395,309,2025-03-31,69,Accepted
396,309,2025-03-27,69,Partial
397,310,2025-06-27,349,Rejected
398,311,2024-08-27,229,Accepted
399,312,2025-09-21,75,Partial
400,312,2025-09-12,75,Partial
401,312,2025-09-20,77,Rejected
402,313,2025-06-20,32,Partial
403,313,2025-06-22,32,Accepted
404,313,2025-06-11,32,Accepted
405,314,2025-11-08,20,Partial
406,315,2024-08-19,28,Accepted
407,316,2025-08-15,495,Partial
408,317,2024-12-31,29,Partial
409,318,2024-06-22,75,Partial
410,318,2024-06-26,76,Accepted
411,319,2024-05-23,157,Accepted
412,320,2025-03-19,398,Partial
413,321,2024-10-01,323,Accepted
414,322,2024-04-10,226,Rejected
415,323,2024-12-21,77,Accepted
416,324,2025-05-29,127,Accepted
417,324,2025-05-29,127,Partial
418,325,2024-10-08,190,Rejected
419,326,2026-01-05,176,Rejected
420,327,2025-08-23,10,Accepted
421,328,2025-02-08,220,Accepted
422,329,2025-12-13,356,Partial
423,330,2024-12-27,190,Partial
424,330,2024-12-23,190,Rejected
425,331,2024-05-21,385,Accepted
426,332,2024-02-26,196,Accepted
427,333,2025-12-06,68,Accepted
428,333,2025-11-25,69,Accepted
429,334,2025-12-18,242,Accepted
430,335,2025-07-04,179,Accepted
431,335,2025-07-28,180,Rejected
432,336,2024-04-20,276,Accepted
433,337,2024-08-29,216,Accepted
434,338,2024-03-11,216,Rejected
435,338,2024-02-24,217,Accepted
436,339,2024-03-04,153,Accepted
437,340,2024-07-22,315,Accepted
438,341,2025-04-19,100,Partial
439,342,2024-03-05,123,Partial
440,342,2024-03-05,123,Accepted
441,343,2026-02-13,78,Accepted
442,344,2025-01-04,26,Partial
443,344,2025-01-02,26,Accepted
444,344,2025-01-09,26,Partial
445,345,2024-08-19,316,Accepted
446,346,2025-03-09,378,Accepted
447,347,2025-08-25,76,Accepted
448,347,2025-08-21,77,Partial
449,348,2024-09-14,138,Accepted
450,349,2024-03-28,162,Rejected
451,350,2024-02-25,255,Accepted
452,351,2025-10-05,80,Accepted
453,352,2024-04-12,263,Partial
454,353,2025-05-19,189,Accepted
455,354,2024-11-07,130,Partial
456,355,2025-08-23,142,Accepted
457,355,2025-08-15,142,Accepted
458,356,2024-02-26,54,Accepted
459,356,2024-03-12,55,Accepted
460,357,2025-11-22,241,Rejected
461,358,2025-06-24,404,Accepted
462,359,2024-12-30,332,Rejected
463,360,2024-06-24,126,Rejected
464,361,2026-01-28,112,Accepted
465,362,2024-09-05,43,Accepted
466,362,2024-09-22,44,Accepted
467,363,2025-01-11,38,Partial
468,363,2025-01-18,38,Rejected
469,363,2025-01-22,38,Accepted
470,364,2024-11-13,215,Accepted
471,365,2024-08-01,186,Accepted
472,366,2024-12-18,397,Partial
473,367,2024-05-11,146,Rejected
474,367,2024-05-22,146,Accepted
475,367,2024-06-01,147,Accepted
476,368,2024-02-23,248,Partial
477,369,2024-09-26,306,Accepted
478,370,2024-04-30,55,Accepted
479,371,2024-11-23,156,Accepted
480,372,2025-10-02,129,Accepted
481,373,2024-05-19,333,Rejected
482,374,2024-02-22,435,Accepted
483,375,2024-05-18,449,Accepted
484,376,2025-02-18,125,Accepted
485,377,2024-08-18,363,Rejected
486,378,2025-02-05,357,Accepted
487,379,2024-02-22,166,Accepted
488,379,2024-03-08,167,Rejected
489,380,2024-09-21,242,Rejected
490,381,2024-11-17,118,Accepted
491,381,2024-12-02,118,Accepted
492,382,2024-11-29,64,Accepted
493,383,2025-02-26,430,Rejected
494,384,2025-08-14,57,Accepted
495,384,2025-09-02,57,Accepted
496,385,2025-01-13,125,Accepted
497,386,2025-09-27,131,Rejected
498,387,2025-02-01,334,Accepted
499,388,2024-08-19,131,Partial
500,388,2024-08-21,131,Partial
501,389,2024-07-22,48,Accepted
502,390,2024-10-03,103,Accepted
503,391,2025-03-30,480,Accepted
504,392,2024-07-25,173,Accepted
505,392,2024-07-16,173,Partial
506,393,2025-11-25,110,Accepted
507,393,2025-11-27,110,Rejected
508,393,2025-11-28,110,Partial
509,394,2025-01-07,74,Accepted
510,395,2025-10-28,19,Accepted
511,396,2025-07-05,67,Accepted
512,396,2025-07-10,68,Accepted
513,397,2024-10-01,40,Partial
514,398,2024-07-03,147,Accepted
515,399,2025-08-05,62,Accepted
516,400,2024-09-25,73,Partial
517,401,2024-07-27,217,Partial
518,402,2025-11-26,24,Partial
519,402,2025-11-27,24,Partial
520,403,2025-01-31,223,Partial
521,404,2024-02-25,307,Accepted
522,405,2025-01-25,125,Accepted
523,406,2025-01-13,201,Accepted
524,407,2025-10-01,224,Accepted
525,408,2025-06-15,148,Accepted
526,408,2025-06-14,148,Accepted
527,408,2025-07-01,148,Accepted
528,409,2024-06-04,146,Partial
529,410,2024-05-11,191,Partial
530,411,2025-05-18,324,Rejected
531,412,2024-02-13,409,Rejected
532,413,2024-09-09,127,Accepted
533,414,2024-05-20,416,Accepted
534,415,2024-02-11,262,Accepted
535,416,2025-11-19,28,Accepted
536,417,2024-03-18,370,Accepted
537,418,2024-01-29,337,Rejected
538,419,2026-01-07,87,Accepted
539,420,2024-06-22,140,Accepted
540,420,2024-06-06,140,Rejected
541,421,2025-09-07,333,Partial
542,422,2024-02-07,143,Accepted
543,423,2024-05-23,416,Accepted
544,424,2024-05-09,297,Accepted
545,425,2025-06-05,139,Accepted
546,426,2025-05-13,27,Accepted
547,426,2025-05-16,28,Accepted
548,427,2025-01-15,308,Accepted
549,428,2024-07-23,434,Partial
550,429,2024-04-08,472,Accepted
551,430,2025-04-12,75,Accepted
552,431,2024-07-24,268,Accepted
553,432,2025-04-01,54,Accepted
554,433,2025-05-24,80,Partial
555,434,2025-10-14,106,Partial
556,435,2025-01-18,346,Rejected
557,436,2024-01-31,294,Accepted
558,437,2024-08-26,37,Accepted
559,437,2024-08-20,38,Accepted
560,438,2025-11-02,275,Accepted
561,439,2025-02-12,64,Rejected
562,439,2025-03-03,64,Rejected
563,440,2025-04-18,49,Partial
564,440,2025-04-15,49,Rejected
565,441,2025-01-03,119,Accepted
566,442,2024-05-25,44,Accepted
567,442,2024-05-31,45,Accepted
568,443,2025-11-13,465,Partial
569,444,2025-08-12,408,Accepted
570,445,2026-02-26,104,Rejected
571,446,2025-09-30,236,Accepted
572,446,2025-10-14,237,Accepted
573,447,2024-09-07,100,Accepted
574,447,2024-09-27,100,Partial
575,448,2024-08-22,70,Rejected
576,449,2024-08-04,97,Accepted
577,449,2024-08-03,98,Accepted
578,450,2025-11-30,169,Accepted
579,450,2025-11-26,170,Accepted
580,451,2025-02-26,139,Rejected
581,452,2025-01-09,97,Accepted
582,453,2026-01-10,100,Accepted
583,454,2025-04-15,483,Partial
584,455,2025-11-21,68,Accepted
585,456,2026-02-07,442,Accepted
586,457,2024-03-18,499,Accepted
587,458,2024-10-30,291,Accepted
588,459,2025-07-23,153,Rejected
589,460,2025-08-23,248,Accepted
590,461,2024-06-07,192,Rejected
591,461,2024-05-22,192,Accepted
592,462,2024-08-29,84,Rejected
593,462,2024-09-13,84,Accepted
594,463,2025-03-27,112,Accepted
595,463,2025-04-02,113,Rejected
596,464,2025-09-11,454,Accepted
597,465,2024-04-28,458,Accepted
598,466,2025-04-29,387,Accepted
599,467,2024-09-06,183,Rejected
600,468,2024-08-06,139,Accepted
601,468,2024-07-20,139,Accepted
602,469,2025-02-15,84,Accepted
603,470,2024-12-15,322,Partial
604,471,2025-05-16,40,Accepted
605,471,2025-05-12,40,Accepted
606,472,2024-09-23,381,Partial
607,473,2025-10-12,20,Partial
608,474,2024-03-21,25,Partial
609,475,2025-11-04,132,Rejected
610,476,2024-02-21,9,Rejected
611,476,2024-03-13,10,Accepted
612,477,2025-07-11,111,Accepted
613,478,2024-10-10,204,Partial
614,479,2024-11-03,205,Partial
615,480,2024-02-01,497,Accepted
616,481,2025-06-11,309,Accepted
617,482,2024-05-15,365,Accepted
618,483,2025-05-30,460,Partial
619,484,2025-07-07,202,Accepted
620,484,2025-07-12,202,Accepted
621,485,2025-10-17,419,Accepted
622,486,2025-07-23,339,Rejected
623,487,2024-09-12,212,Accepted
624,487,2024-09-24,213,Accepted
625,488,2025-07-27,103,Accepted
626,489,2025-10-16,126,Rejected
627,490,2024-08-30,100,Accepted
628,491,2024-04-29,239,Partial
629,492,2025-11-14,117,Accepted
630,493,2024-05-27,155,Accepted
631,494,2025-04-16,204,Partial
632,495,2024-08-06,435,Rejected
633,496,2024-05-21,415,Accepted
634,497,2025-08-14,214,Accepted
635,497,2025-08-13,214,Accepted
636,498,2024-05-20,147,Partial
637,499,2025-06-23,341,Accepted
638,500,2025-07-10,232,Accepted
639,500,2025-07-08,232,Rejected
640,501,2024-03-11,130,Rejected
641,501,2024-03-07,130,Accepted
642,502,2024-05-31,253,Rejected
643,503,2025-09-02,122,Rejected
644,503,2025-09-03,122,Partial
645,504,2025-02-27,30,Accepted
646,505,2024-05-07,484,Rejected
647,506,2026-01-10,29,Rejected
648,507,2024-08-13,497,Accepted
649,508,2024-02-04,34,Partial
650,509,2025-12-03,31,Accepted
651,509,2025-11-26,31,Rejected
652,509,2025-12-15,33,Accepted
653,510,2024-01-25,359,Rejected
654,511,2025-02-18,100,Accepted
655,511,2025-02-22,101,Accepted
656,512,2026-02-01,22,Accepted
657,513,2025-03-23,11,Accepted
658,514,2025-04-21,204,Accepted
659,515,2024-11-03,410,Accepted
660,516,2024-05-09,421,Partial
661,517,2025-03-10,43,Accepted
662,518,2025-10-21,477,Rejected
663,519,2024-04-01,71,Partial
664,520,2025-11-23,496,Accepted
665,521,2024-12-11,99,Rejected
666,522,2025-03-14,127,Accepted
667,523,2024-06-12,317,Partial
668,524,2025-05-21,489,Accepted
669,525,2024-06-17,81,Accepted
670,526,2024-08-08,51,Accepted
671,527,2025-08-02,105,Partial
672,528,2024-02-25,156,Accepted
673,529,2024-12-17,158,Rejected
674,530,2025-04-07,69,Partial
675,531,2024-05-09,310,Accepted
676,532,2024-09-09,401,Rejected
677,533,2024-09-28,453,Accepted
678,534,2025-06-21,90,Accepted
679,535,2026-01-04,317,Accepted
680,536,2025-09-25,11,Rejected
681,537,2024-06-30,127,Rejected
682,538,2024-02-27,77,Accepted
683,539,2024-03-23,201,Accepted
684,539,2024-03-24,201,Accepted
685,540,2025-04-28,198,Rejected
686,541,2024-05-18,102,Accepted
687,542,2024-07-23,295,Rejected
688,543,2025-09-20,74,Accepted
689,544,2025-10-21,268,Rejected
690,545,2025-10-05,414,Accepted
691,546,2024-08-04,95,Accepted
692,547,2025-05-30,224,Accepted
693,547,2025-05-12,224,Rejected
694,548,2025-04-01,29,Accepted
695,549,2024-06-25,63,Accepted
696,549,2024-06-29,63,Partial
697,550,2025-04-07,160,Accepted
698,550,2025-04-05,161,Accepted
699,551,2025-02-23,51,Accepted
700,551,2025-03-09,51,Accepted
701,552,2024-11-29,425,Accepted
702,553,2025-07-08,71,Accepted
703,553,2025-07-24,71,Rejected
704,554,2025-06-01,429,Accepted
705,555,2025-02-28,312,Accepted
706,556,2025-08-10,50,Partial
707,556,2025-07-31,51,Accepted
708,557,2025-08-06,431,Accepted
709,558,2025-04-04,110,Accepted
710,558,2025-03-18,111,Rejected
711,559,2024-08-10,276,Accepted
712,560,2025-08-28,24,Accepted
713,561,2025-08-06,226,Rejected
714,562,2026-01-14,127,Accepted
715,562,2026-01-27,128,Accepted
716,563,2024-05-26,30,Accepted
717,563,2024-05-31,31,Rejected
718,564,2024-12-11,345,Rejected
719,565,2025-11-30,44,Partial
720,565,2025-11-17,44,Partial
721,565,2025-11-23,45,Accepted
722,566,2025-02-28,125,Partial
723,567,2025-12-25,387,Partial
724,568,2024-03-01,498,Partial
725,569,2024-03-09,333,Accepted
726,570,2025-09-21,292,Partial
727,571,2024-10-13,92,Accepted
728,571,2024-10-07,93,Rejected
729,572,2025-02-20,249,Accepted
730,573,2024-12-23,374,Accepted
731,574,2024-11-16,457,Accepted
732,575,2026-01-05,253,Accepted
733,576,2024-03-28,244,Accepted
734,576,2024-04-11,245,Accepted
735,577,2025-07-25,102,Accepted
736,577,2025-07-27,102,Partial
737,578,2025-11-22,189,Rejected
738,579,2025-06-12,27,Partial
739,579,2025-06-04,28,Partial
740,580,2024-12-05,363,Rejected
741,581,2024-06-01,279,Accepted
742,582,2025-07-08,131,Partial
743,582,2025-06-30,132,Accepted
744,583,2024-12-21,426,Partial
745,584,2024-04-26,229,Accepted
746,585,2024-10-02,214,Accepted
747,585,2024-10-04,214,Rejected
748,586,2025-12-30,139,Accepted
749,586,2025-12-30,139,Accepted
750,587,2024-08-08,143,Accepted
751,588,2024-06-14,161,Partial
752,589,2025-06-10,343,Rejected
753,590,2024-07-03,36,Accepted
754,591,2025-12-09,229,Rejected
755,591,2025-12-08,230,Rejected
756,592,2025-10-26,324,Accepted
757,593,2026-01-21,345,Accepted
758,594,2025-12-06,342,Accepted
759,595,2024-07-10,396,Partial
760,596,2024-07-04,243,Partial
761,597,2024-10-22,276,Accepted
762,598,2025-01-20,428,Partial
763,599,2025-11-16,63,Accepted
764,599,2025-11-10,63,Accepted
765,600,2025-07-21,177,Rejected
766,601,2025-05-04,255,Accepted
767,602,2025-11-09,236,Accepted
768,603,2025-05-26,41,Accepted
769,604,2024-11-04,27,Accepted
770,604,2024-10-26,27,Rejected
771,604,2024-10-24,28,Accepted
772,605,2024-12-11,388,Accepted
773,606,2025-02-05,389,Accepted
774,607,2024-04-21,125,Rejected
775,608,2025-07-09,180,Rejected
776,609,2025-05-30,195,Accepted
777,609,2025-05-31,196,Accepted
778,610,2025-07-17,113,Rejected
779,610,2025-07-19,114,Partial
780,611,2025-03-20,106,Rejected
781,612,2025-09-18,462,Rejected
782,613,2025-12-31,41,Accepted
783,614,2025-04-01,230,Accepted
784,614,2025-03-21,231,Accepted
785,615,2024-12-30,51,Accepted
786,616,2024-04-01,89,Rejected
787,616,2024-04-07,89,Partial
788,617,2025-08-30,46,Accepted
789,618,2025-11-20,280,Accepted
790,619,2025-06-21,204,Partial
791,620,2025-10-29,77,Accepted
792,621,2025-10-11,466,Accepted
793,622,2025-08-30,228,Rejected
794,623,2025-01-14,112,Partial
795,624,2024-03-22,105,Accepted
796,624,2024-03-31,105,Accepted
797,625,2024-01-26,110,Accepted
798,626,2024-07-03,9,Accepted
799,626,2024-06-26,9,Accepted
800,627,2024-12-23,452,Accepted
801,628,2025-08-01,354,Rejected
802,629,2024-12-15,422,Accepted
803,630,2024-03-05,153,Rejected
804,630,2024-02-24,154,Rejected
805,631,2024-06-28,12,Partial
806,632,2026-01-09,326,Accepted
807,633,2026-01-18,68,Accepted
808,634,2024-10-27,191,Accepted
809,635,2025-08-27,237,Accepted
810,635,2025-08-24,238,Rejected
811,636,2025-07-14,405,Accepted
812,637,2025-12-18,334,Accepted
813,638,2025-11-19,459,Partial
814,639,2025-05-15,129,Accepted
815,640,2024-11-07,343,Accepted
816,641,2025-05-06,382,Accepted
817,642,2024-09-29,416,Partial
818,643,2024-10-21,151,Rejected
819,644,2025-04-19,260,Accepted
820,645,2025-04-08,445,Accepted
821,646,2025-03-31,443,Rejected
822,647,2024-11-22,261,Accepted
823,648,2024-11-20,72,Partial
824,648,2024-11-28,72,Partial
825,649,2024-02-17,96,Accepted
826,649,2024-02-20,96,Accepted
827,650,2025-05-10,200,Accepted
828,651,2025-04-09,242,Accepted
829,652,2026-01-01,187,Partial
830,653,2025-01-29,132,Accepted
831,654,2025-01-29,245,Rejected
832,654,2025-01-18,246,Accepted
833,655,2024-03-14,301,Accepted
834,656,2024-06-03,301,Accepted
835,657,2024-09-17,49,Partial
836,657,2024-10-01,49,Partial
837,657,2024-10-08,51,Accepted
838,658,2024-11-08,125,Partial
839,659,2024-11-02,119,Accepted
840,660,2024-10-29,125,Partial
841,661,2025-07-26,116,Accepted
842,661,2025-08-12,116,Accepted
843,662,2024-05-13,347,Partial
844,663,2024-09-19,281,Accepted
845,664,2024-05-14,164,Accepted
846,664,2024-05-12,164,Accepted
847,665,2024-09-08,281,Accepted
848,666,2025-06-18,428,Partial
849,667,2024-02-19,459,Partial
850,668,2024-09-28,116,Accepted
851,669,2024-02-26,31,Partial
852,670,2026-01-07,408,Accepted
853,671,2025-08-12,365,Accepted
854,672,2024-08-11,248,Accepted
855,673,2024-06-29,210,Rejected
856,673,2024-07-01,211,Rejected
857,674,2024-04-14,308,Partial
858,675,2025-01-14,22,Accepted
859,676,2025-08-01,161,Partial
860,677,2025-03-27,443,Partial
861,678,2025-11-08,141,Accepted
862,678,2025-11-06,141,Accepted
863,679,2024-10-23,483,Accepted
864,680,2024-08-17,387,Accepted
865,681,2025-01-27,354,Accepted
866,682,2024-07-11,88,Accepted
867,683,2026-01-20,245,Accepted
868,683,2026-01-11,245,Partial
869,684,2024-06-02,154,Rejected
870,685,2025-02-03,310,Accepted
871,686,2025-03-11,361,Accepted
872,687,2024-02-29,35,Accepted
873,688,2025-02-03,213,Accepted
874,689,2025-01-16,419,Accepted
875,690,2024-07-12,347,Accepted
876,691,2024-04-13,95,Accepted
877,691,2024-04-26,95,Accepted
878,691,2024-05-05,95,Rejected
879,692,2024-03-08,44,Accepted
880,692,2024-03-23,44,Partial
881,693,2024-02-11,346,Accepted
882,694,2025-01-21,234,Accepted
883,694,2025-01-23,234,Rejected
884,695,2024-05-01,385,Accepted
885,696,2025-12-17,62,Accepted
886,697,2024-07-24,225,Rejected
887,698,2025-05-19,465,Accepted
888,699,2025-06-19,486,Accepted
889,700,2025-01-17,422,Partial
890,701,2025-12-01,68,Rejected
891,701,2025-11-17,68,Accepted
892,702,2024-05-04,387,Rejected
893,703,2024-07-17,116,Partial
894,704,2024-07-26,298,Rejected
895,705,2024-05-19,470,Rejected
896,706,2024-09-06,255,Rejected
897,707,2024-09-22,361,Accepted
898,708,2025-09-01,11,Partial
899,708,2025-08-26,11,Rejected
900,708,2025-08-28,11,Accepted
901,709,2024-09-15,114,Accepted
902,709,2024-09-13,114,Accepted
903,710,2025-11-07,36,Partial
904,711,2025-08-19,448,Accepted
905,712,2025-11-06,45,Partial
906,712,2025-11-18,46,Accepted
907,713,2024-04-09,141,Accepted
908,714,2026-01-30,94,Accepted
909,715,2025-05-08,19,Accepted
910,716,2026-01-23,45,Accepted
911,717,2024-11-01,166,Accepted
912,718,2025-12-30,153,Partial
913,719,2025-03-14,222,Accepted
914,720,2024-03-04,36,Rejected
915,721,2024-11-01,458,Rejected
916,722,2024-05-16,366,Accepted
917,723,2025-12-18,77,Accepted
918,724,2024-10-09,220,Accepted
919,725,2024-06-17,352,Accepted
920,726,2025-03-05,29,Accepted
921,727,2024-11-29,217,Accepted
922,728,2024-04-27,206,Accepted
923,729,2025-08-29,368,Rejected
924,730,2025-10-21,478,Accepted
925,731,2025-07-18,164,Partial
926,731,2025-07-24,164,Partial
927,731,2025-08-07,164,Accepted
928,732,2025-04-26,287,Accepted
929,733,2024-11-12,158,Accepted
930,734,2025-03-03,281,Accepted
931,735,2025-02-10,76,Accepted
932,735,2025-02-24,76,Accepted
933,735,2025-02-25,77,Accepted
934,736,2024-06-01,148,Rejected
935,737,2024-04-13,93,Partial
936,737,2024-04-26,93,Accepted
937,737,2024-04-10,95,Accepted
938,738,2024-07-21,186,Accepted
939,739,2025-01-05,74,Partial
940,739,2025-01-19,74,Rejected
941,740,2024-05-16,322,Accepted
942,741,2024-05-04,27,Rejected
943,742,2025-10-25,433,Partial
944,743,2024-11-17,133,Accepted
945,744,2025-04-02,148,Accepted
946,745,2025-03-03,86,Accepted
947,745,2025-03-03,86,Accepted
948,746,2025-07-28,351,Accepted
949,747,2025-07-24,194,Accepted
950,748,2024-09-25,109,Rejected
951,749,2025-10-11,391,Accepted
952,750,2024-11-05,188,Accepted
953,751,2025-10-07,225,Rejected
954,751,2025-10-23,226,Accepted
955,752,2024-11-25,394,Accepted
956,753,2024-05-01,249,Rejected
957,753,2024-04-24,249,Accepted
958,754,2025-08-18,344,Partial
959,755,2024-03-02,108,Accepted
960,756,2025-08-04,143,Accepted
961,757,2024-02-23,103,Partial
962,757,2024-02-22,104,Accepted
963,758,2024-07-26,163,Rejected
964,758,2024-07-07,163,Accepted
965,758,2024-07-25,163,Partial
966,759,2025-04-12,81,Accepted
967,759,2025-04-16,81,Accepted
968,760,2025-12-15,68,Partial
969,760,2025-12-24,68,Accepted
970,761,2024-11-25,367,Partial
971,762,2024-04-30,410,Rejected
972,763,2024-07-03,353,Accepted
973,764,2025-11-09,82,Accepted
974,765,2025-07-22,23,Accepted
975,766,2024-04-20,410,Rejected
976,767,2024-10-20,227,Accepted
977,768,2024-07-29,176,Partial
978,769,2024-05-30,73,Accepted
979,770,2025-11-10,65,Accepted
980,770,2025-11-08,66,Accepted
981,771,2025-05-09,228,Accepted
982,772,2024-06-19,95,Partial
983,773,2025-05-22,182,Rejected
984,774,2024-11-19,23,Rejected
985,774,2024-11-27,23,Accepted
986,775,2024-02-22,467,Partial
987,776,2025-01-04,472,Rejected
988,777,2024-05-28,57,Accepted
989,778,2024-07-12,48,Accepted
990,779,2025-10-27,457,Accepted
991,780,2025-07-08,171,Accepted
992,781,2024-05-07,117,Rejected
993,781,2024-04-24,118,Accepted
994,782,2025-10-13,21,Rejected
995,783,2025-03-26,316,Rejected
996,784,2025-10-21,218,Partial
997,784,2025-10-24,219,Accepted
998,785,2025-08-06,170,Rejected
999,786,2024-10-14,104,Accepted
1000,787,2025-02-14,115,Partial
1001,788,2025-03-03,80,Partial
1002,788,2025-03-21,80,Accepted
1003,789,2025-06-24,81,Accepted
1004,789,2025-07-17,81,Accepted
1005,789,2025-07-05,81,Accepted
1006,790,2024-08-03,194,Accepted
1007,791,2024-10-17,5,Accepted
1008,791,2024-10-07,5,Rejected
1009,792,2024-07-30,30,Rejected
1010,793,2024-09-04,75,Accepted
1011,794,2024-05-22,291,Accepted
1012,795,2024-02-28,173,Partial
1013,796,2025-12-21,188,Accepted
1014,797,2024-03-11,185,Partial
1015,798,2025-10-18,204,Accepted
1016,798,2025-10-23,204,Accepted
1017,799,2024-02-04,6,Partial
1018,799,2024-02-13,6,Accepted
1019,800,2025-08-21,378,Accepted
1020,801,2024-10-22,361,Partial
1021,802,2025-02-08,471,Rejected
1022,803,2024-09-09,14,Accepted
1023,804,2025-01-09,291,Accepted
1024,805,2025-01-04,199,Partial
1025,806,2025-02-14,243,Rejected
1026,807,2024-11-18,179,Rejected
1027,807,2024-11-14,179,Rejected
1028,808,2025-03-13,121,Accepted
1029,809,2025-10-05,113,Partial
1030,809,2025-10-11,114,Accepted
1031,810,2024-12-01,440,Partial
1032,811,2024-11-01,46,Partial
1033,811,2024-10-20,47,Accepted
1034,812,2024-05-01,338,Accepted
1035,813,2024-10-30,125,Accepted
1036,813,2024-10-29,125,Partial
1037,814,2024-05-15,131,Rejected
1038,814,2024-05-14,131,Partial
1039,814,2024-05-14,132,Rejected
1040,815,2024-06-28,294,Accepted
1041,816,2026-01-01,74,Accepted
1042,817,2024-03-30,369,Rejected
1043,818,2025-01-14,393,Accepted
1044,819,2025-10-03,35,Accepted
1045,819,2025-10-19,36,Partial
1046,820,2026-01-03,223,Accepted
1047,820,2025-12-23,224,Accepted
1048,821,2024-06-09,345,Accepted
1049,822,2024-06-28,98,Rejected
1050,822,2024-06-18,98,Accepted
1051,822,2024-06-30,98,Accepted
1052,823,2024-10-23,421,Rejected
1053,824,2025-03-30,198,Accepted
1054,825,2026-01-12,61,Accepted
1055,826,2024-06-27,276,Partial
1056,827,2024-06-14,451,Accepted
1057,828,2024-07-07,88,Accepted
1058,828,2024-07-16,88,Accepted
1059,828,2024-08-02,89,Accepted
1060,829,2025-10-22,210,Partial
1061,829,2025-11-14,211,Accepted
1062,830,2024-02-17,83,Partial
1063,830,2024-03-02,83,Partial
1064,831,2024-11-03,262,Rejected
1065,832,2024-05-11,384,Rejected
1066,833,2024-06-13,402,Accepted
1067,834,2025-12-27,81,Accepted
1068,834,2025-12-31,81,Accepted
1069,835,2024-02-20,149,Partial
1070,835,2024-02-24,149,Rejected
1071,835,2024-02-23,150,Partial
1072,836,2024-09-25,13,Accepted
1073,836,2024-09-28,13,Rejected
1074,836,2024-10-05,15,Accepted
1075,837,2025-12-09,395,Partial
1076,838,2025-03-29,467,Accepted
1077,839,2024-03-11,153,Accepted
1078,840,2024-12-16,80,Accepted
1079,841,2025-12-21,130,Accepted
1080,842,2024-11-23,212,Accepted
1081,843,2025-03-10,375,Rejected
1082,844,2025-02-24,167,Partial
1083,845,2025-05-18,364,Accepted
1084,846,2024-06-10,73,Accepted
1085,847,2025-11-01,409,Accepted
1086,848,2026-02-06,176,Accepted
1087,849,2024-05-10,306,Accepted
1088,850,2025-10-02,102,Accepted
1089,850,2025-09-29,102,Accepted
1090,850,2025-10-02,102,Accepted
1091,851,2025-09-18,366,Accepted
1092,852,2025-08-10,409,Accepted
1093,853,2024-11-09,266,Accepted
1094,854,2024-12-29,46,Accepted
1095,854,2025-01-02,46,Rejected
1096,854,2025-01-21,47,Rejected
1097,855,2025-10-27,33,Partial
1098,855,2025-10-29,33,Accepted
1099,856,2024-06-13,131,Accepted
1100,857,2025-10-06,156,Partial
1101,858,2025-11-26,151,Partial
1102,858,2025-11-14,151,Partial
1103,858,2025-11-26,153,Rejected
1104,859,2025-06-12,194,Accepted
1105,860,2024-10-07,20,Rejected
1106,860,2024-09-28,20,Partial
1107,860,2024-10-05,21,Partial
1108,861,2025-03-08,480,Rejected
1109,862,2024-02-27,248,Accepted
1110,863,2025-12-13,130,Accepted
1111,863,2026-01-04,131,Accepted
1112,864,2024-09-10,150,Partial
1113,865,2024-02-29,414,Accepted
1114,866,2025-09-20,283,Rejected
1115,867,2025-05-03,244,Accepted
1116,868,2025-04-14,110,Accepted
1117,869,2024-03-18,251,Accepted
1118,870,2025-08-25,240,Accepted
1119,870,2025-09-01,240,Accepted
1120,871,2025-05-01,272,Rejected
1121,872,2025-09-05,58,Accepted
1122,872,2025-09-21,59,Partial
1123,873,2025-10-04,77,Rejected
1124,874,2024-07-02,160,Accepted
1125,874,2024-07-10,161,Accepted
1126,875,2024-07-22,480,Partial
1127,876,2025-12-01,326,Accepted
1128,877,2025-03-09,157,Accepted
1129,878,2024-12-05,60,Partial
1130,879,2024-08-17,496,Partial
1131,880,2025-05-14,121,Accepted
1132,881,2025-09-01,419,Accepted
1133,882,2024-02-19,447,Accepted
1134,883,2025-03-04,190,Accepted
1135,884,2026-02-14,16,Accepted
1136,884,2026-02-17,16,Accepted
1137,885,2024-08-31,337,Rejected
1138,886,2024-08-19,87,Accepted
1139,887,2025-10-24,150,Partial
1140,888,2024-03-13,32,Accepted
1141,889,2024-11-15,342,Accepted
1142,890,2025-01-11,255,Partial
1143,891,2025-09-02,336,Accepted
1144,892,2024-05-06,475,Accepted
1145,893,2024-12-28,482,Accepted
1146,894,2024-05-25,468,Accepted
1147,895,2025-08-21,34,Partial
1148,895,2025-08-07,34,Accepted
1149,896,2025-05-07,254,Accepted
1150,897,2025-02-02,99,Accepted
1151,897,2025-02-08,100,Rejected
1152,898,2024-11-27,274,Rejected
1153,899,2024-05-24,261,Rejected
1154,900,2025-12-18,75,Accepted
1155,901,2025-05-27,84,Partial
1156,902,2024-09-12,190,Accepted
1157,903,2024-12-31,190,Accepted
1158,904,2025-07-05,207,Accepted
1159,905,2025-07-21,269,Accepted
1160,906,2025-01-06,46,Accepted
1161,906,2024-12-20,46,Rejected
1162,906,2025-01-07,48,Accepted
1163,907,2024-09-21,193,Accepted
1164,907,2024-09-29,194,Partial
1165,908,2025-05-17,333,Accepted
1166,909,2025-05-12,126,Accepted
1167,910,2025-04-10,82,Accepted
1168,910,2025-04-02,82,Accepted
1169,910,2025-04-04,84,Partial
1170,911,2024-03-09,230,Accepted
1171,911,2024-03-11,230,Partial
1172,912,2024-12-26,407,Partial
1173,913,2025-04-04,62,Partial
1174,914,2025-12-22,50,Accepted
1175,915,2025-02-09,128,Accepted
1176,916,2024-10-07,17,Accepted
1177,917,2025-03-08,41,Partial
1178,918,2024-06-13,214,Accepted
1179,919,2024-04-03,442,Accepted
1180,920,2025-06-19,304,Partial
1181,921,2026-02-11,283,Accepted
1182,922,2025-09-28,271,Partial
1183,923,2025-03-20,346,Rejected
1184,924,2024-02-11,310,Partial
1185,925,2026-01-20,324,Rejected
1186,926,2024-12-18,143,Rejected
1187,927,2024-08-17,348,Accepted
1188,928,2025-12-01,70,Rejected
1189,928,2025-11-17,70,Accepted
1190,929,2025-07-28,369,Accepted
1191,930,2025-07-31,107,Accepted
1192,931,2024-08-25,231,Partial
1193,932,2026-02-12,12,Accepted
1194,933,2025-01-07,329,Partial
1195,934,2025-02-23,56,Accepted
1196,934,2025-02-28,56,Accepted
1197,934,2025-03-05,57,Partial
1198,935,2025-08-06,218,Rejected
1199,936,2025-05-21,496,Accepted
1200,937,2024-06-14,306,Rejected
1201,938,2024-09-10,356,Partial
1202,939,2024-10-10,440,Accepted
1203,940,2025-12-30,153,Accepted
1204,940,2026-01-16,153,Rejected
1205,941,2025-06-27,216,Rejected
1206,942,2024-11-16,341,Accepted
1207,943,2025-08-17,95,Accepted
1208,943,2025-08-06,95,Accepted
1209,944,2025-07-30,452,Rejected
1210,945,2024-11-19,105,Rejected
1211,946,2024-11-14,143,Accepted
1212,946,2024-11-19,143,Rejected
1213,947,2025-11-17,85,Accepted
1214,948,2025-04-04,250,Partial
1215,949,2024-04-30,314,Accepted
1216,950,2025-08-04,161,Accepted
1217,950,2025-07-29,162,Partial
1218,951,2025-03-20,128,Partial
1219,951,2025-03-27,129,Accepted
1220,952,2025-02-03,97,Partial
1221,952,2025-01-25,98,Accepted
1222,953,2025-07-11,154,Accepted
1223,954,2025-12-01,246,Accepted
1224,955,2024-09-22,115,Accepted
1225,955,2024-09-06,115,Accepted
1226,956,2024-11-13,86,Accepted
1227,957,2024-05-23,59,Partial
1228,957,2024-05-25,59,Accepted
1229,958,2025-05-20,112,Accepted
1230,959,2024-12-07,351,Partial
1231,960,2024-09-15,284,Partial
1232,961,2025-07-15,255,Accepted
1233,962,2024-12-14,108,Accepted
1234,962,2024-12-06,108,Rejected
1235,962,2024-12-21,109,Accepted
1236,963,2025-01-13,146,Partial
1237,964,2024-12-24,101,Accepted
1238,964,2024-12-28,101,Accepted
1239,964,2024-12-31,103,Accepted
1240,965,2024-07-30,212,Accepted
1241,965,2024-07-28,213,Accepted
1242,966,2024-05-06,30,Partial
1243,967,2025-09-19,181,Rejected
1244,968,2024-03-19,195,Accepted
1245,969,2024-09-23,426,Rejected
1246,970,2025-06-13,224,Partial
1247,971,2024-05-29,435,Accepted
1248,972,2025-06-05,179,Accepted
1249,972,2025-06-08,180,Rejected
1250,973,2025-07-09,149,Partial
1251,974,2025-06-07,252,Partial
1252,975,2024-09-25,101,Partial
1253,975,2024-09-22,101,Accepted
1254,976,2024-02-11,216,Accepted
1255,977,2025-10-22,323,Accepted
1256,978,2024-10-04,316,Partial
1257,979,2025-09-14,441,Accepted
1258,980,2024-06-14,324,Accepted
1259,981,2024-06-16,236,Accepted
1260,982,2025-08-19,344,Accepted
1261,983,2025-11-28,72,Accepted
1262,984,2025-10-25,164,Accepted
1263,984,2025-10-21,164,Accepted
1264,984,2025-11-05,164,Accepted
1265,985,2025-07-29,257,Accepted
1266,986,2024-08-15,88,Accepted
1267,987,2025-11-09,67,Accepted
1268,988,2025-05-18,113,Rejected
1269,989,2024-07-01,265,Partial
1270,990,2024-05-22,265,Partial
1271,991,2025-11-04,131,Accepted
1272,991,2025-10-24,131,Partial
1273,991,2025-11-01,131,Accepted
1274,992,2024-08-17,101,Accepted
1275,992,2024-08-09,102,Accepted
1276,993,2025-07-26,300,Rejected
1277,994,2024-05-21,163,Accepted
1278,995,2024-08-30,317,Accepted
1279,996,2024-08-12,348,Accepted
1280,997,2024-08-16,18,Partial
1281,997,2024-08-10,18,Partial
1282,998,2025-07-02,375,Partial
1283,999,2025-11-28,461,Accepted
1284,1000,2025-11-16,94,Accepted
1285,1000,2025-11-20,94,Partial
1286,1000,2025-11-21,94,Accepted
1287,1001,2025-08-06,393,Accepted
1288,1002,2024-06-23,144,Accepted
1289,1002,2024-06-26,144,Partial
1290,1003,2025-12-24,246,Accepted
1291,1004,2025-03-27,217,Rejected
1292,1004,2025-03-18,218,Accepted
1293,1005,2025-02-16,16,Accepted
1294,1006,2025-06-08,330,Partial
1295,1007,2025-09-08,53,Accepted
1296,1008,2025-12-13,62,Accepted
1297,1008,2026-01-05,62,Rejected
1298,1009,2025-04-14,271,Partial
1299,1010,2025-05-18,34,Accepted
1300,1010,2025-05-13,34,Rejected
1301,1010,2025-05-24,35,Partial
1302,1011,2025-07-24,41,Accepted
1303,1011,2025-07-05,41,Accepted
1304,1012,2024-07-29,120,Accepted
1305,1012,2024-07-12,120,Partial
1306,1013,2024-08-31,302,Accepted
1307,1014,2025-04-28,80,Accepted
1308,1015,2024-03-14,62,Partial
1309,1015,2024-03-27,62,Accepted
1310,1016,2024-08-28,255,Partial
1311,1017,2025-07-13,13,Accepted
1312,1017,2025-07-21,13,Accepted
1313,1018,2025-12-30,462,Rejected
1314,1019,2025-02-18,31,Accepted
1315,1020,2024-11-11,51,Accepted
1316,1021,2024-12-16,111,Accepted
1317,1021,2024-12-10,112,Accepted
1318,1022,2025-05-30,231,Partial
1319,1023,2025-02-26,233,Accepted
1320,1023,2025-03-01,233,Partial
1321,1024,2024-02-22,378,Accepted
1322,1025,2025-02-11,307,Accepted
1323,1026,2024-12-08,106,Rejected
1324,1026,2024-12-02,107,Accepted
1325,1027,2025-06-23,309,Accepted
1326,1028,2025-11-05,11,Accepted
1327,1029,2026-01-20,134,Accepted
1328,1030,2025-05-05,90,Accepted
1329,1030,2025-05-01,91,Accepted
1330,1031,2024-10-11,279,Rejected
1331,1032,2024-11-28,112,Partial
1332,1032,2024-12-08,112,Accepted
1333,1033,2024-06-04,63,Accepted
1334,1034,2025-12-05,75,Accepted
1335,1035,2025-10-07,98,Accepted
1336,1036,2025-09-27,65,Rejected
1337,1036,2025-10-11,66,Accepted
1338,1037,2024-10-28,324,Accepted
1339,1038,2024-10-12,308,Accepted
1340,1039,2025-10-17,88,Accepted
1341,1040,2025-03-06,109,Accepted
1342,1040,2025-03-13,109,Accepted
1343,1040,2025-03-13,111,Accepted
1344,1041,2025-07-10,298,Rejected
1345,1042,2025-02-14,94,Partial
1346,1043,2025-01-03,85,Rejected
1347,1043,2025-01-09,85,Accepted
1348,1043,2025-01-11,86,Accepted
1349,1044,2025-05-07,239,Accepted
1350,1044,2025-05-23,240,Accepted
1351,1045,2025-09-23,442,Accepted
1352,1046,2024-10-05,397,Accepted
1353,1047,2025-08-26,95,Partial
1354,1047,2025-09-04,95,Partial
1355,1048,2024-08-06,11,Rejected
1356,1048,2024-08-17,12,Partial
1357,1049,2024-11-12,234,Partial
1358,1050,2025-11-01,413,Rejected
1359,1051,2026-01-18,183,Accepted
1360,1052,2025-11-13,104,Partial
1361,1053,2024-09-15,365,Partial
1362,1054,2025-10-14,62,Accepted
1363,1054,2025-10-30,62,Partial
1364,1055,2025-12-27,252,Accepted
1365,1056,2026-01-13,84,Accepted
1366,1057,2024-02-11,28,Accepted
1367,1058,2025-07-18,316,Rejected
1368,1059,2026-01-16,71,Accepted
1369,1059,2026-02-08,71,Accepted
1370,1059,2026-01-23,73,Partial
1371,1060,2025-07-29,26,Accepted
1372,1061,2024-08-10,277,Accepted
1373,1062,2025-07-21,155,Accepted
1374,1062,2025-07-23,155,Rejected
1375,1063,2024-04-07,86,Accepted
1376,1063,2024-04-11,86,Accepted
1377,1064,2024-12-29,480,Accepted
1378,1065,2025-05-21,192,Accepted
1379,1066,2025-01-01,303,Accepted
1380,1067,2025-06-25,443,Accepted
1381,1068,2024-07-23,301,Accepted
1382,1069,2025-05-06,21,Partial
1383,1070,2025-05-07,29,Partial
1384,1071,2025-05-25,27,Partial
1385,1072,2024-08-30,108,Accepted
1386,1073,2024-09-17,294,Rejected
1387,1074,2024-08-15,56,Accepted
1388,1075,2024-12-18,193,Accepted
1389,1076,2025-04-07,32,Accepted
1390,1076,2025-04-04,32,Accepted
1391,1077,2024-10-30,476,Rejected
1392,1078,2024-12-06,195,Accepted
1393,1079,2024-09-22,343,Accepted
1394,1080,2024-07-01,175,Accepted
1395,1081,2025-06-06,148,Accepted
1396,1081,2025-05-31,148,Accepted
1397,1082,2025-10-02,234,Partial
1398,1082,2025-10-02,234,Accepted
1399,1083,2024-08-26,185,Accepted
1400,1083,2024-09-14,185,Partial
1401,1084,2025-11-13,252,Accepted
1402,1085,2025-03-22,229,Rejected
1403,1085,2025-03-19,229,Accepted
1404,1086,2024-06-16,448,Accepted
1405,1087,2024-10-24,176,Partial
1406,1088,2024-02-09,108,Partial
1407,1089,2024-03-05,118,Rejected
1408,1089,2024-03-18,119,Accepted
1409,1090,2024-09-10,170,Accepted
1410,1091,2024-12-24,51,Accepted
1411,1092,2025-08-27,351,Partial
1412,1093,2024-04-26,287,Rejected
1413,1094,2025-10-15,471,Accepted
1414,1095,2024-07-14,483,Accepted
1415,1096,2024-05-14,469,Partial
1416,1097,2025-07-09,308,Rejected
1417,1098,2025-08-26,112,Accepted
1418,1099,2025-04-16,8,Rejected
1419,1100,2024-05-08,236,Accepted
1420,1101,2024-04-16,375,Accepted
1421,1102,2024-11-22,376,Accepted
1422,1103,2025-01-10,203,Accepted
1423,1103,2024-12-29,204,Partial
1424,1104,2026-02-06,289,Rejected
1425,1105,2024-09-03,173,Partial
1426,1106,2024-06-08,80,Accepted
1427,1106,2024-06-17,81,Partial
1428,1107,2026-01-10,291,Accepted
1429,1108,2024-06-16,442,Accepted
1430,1109,2024-02-17,470,Accepted
1431,1110,2024-12-10,389,Accepted
1432,1111,2024-12-03,446,Rejected
1433,1112,2025-05-01,129,Accepted
1434,1113,2025-10-18,94,Partial
1435,1113,2025-11-05,94,Partial
1436,1114,2025-12-20,102,Partial
1437,1114,2025-12-18,102,Accepted
1438,1115,2024-08-16,266,Partial
1439,1116,2026-01-13,354,Partial
1440,1117,2025-05-09,412,Rejected
1441,1118,2024-04-03,31,Accepted
1442,1119,2025-12-19,492,Accepted
1443,1120,2024-04-25,466,Accepted
1444,1121,2025-04-07,400,Accepted
1445,1122,2025-09-15,433,Accepted
1446,1123,2024-08-16,51,Rejected
1447,1123,2024-08-02,51,Accepted
1448,1124,2024-08-09,134,Partial
1449,1125,2025-01-30,6,Accepted
1450,1125,2025-01-26,6,Rejected
1451,1126,2025-11-11,133,Accepted
1452,1126,2025-11-02,134,Accepted
1453,1127,2024-08-10,405,Accepted
1454,1128,2025-05-31,142,Accepted
1455,1129,2024-12-28,10,Rejected
1456,1130,2024-04-11,255,Accepted
1457,1131,2025-07-06,464,Rejected
1458,1132,2025-09-11,47,Accepted
1459,1133,2025-03-11,214,Accepted
1460,1134,2024-05-25,493,Accepted
1461,1135,2024-05-30,78,Partial
1462,1136,2024-12-19,16,Partial
1463,1137,2025-02-10,442,Accepted
1464,1138,2025-02-15,336,Partial
1465,1139,2024-08-05,108,Partial
1466,1140,2025-02-03,478,Accepted
1467,1141,2024-08-18,469,Rejected
1468,1142,2025-05-23,98,Rejected
1469,1143,2025-09-21,253,Accepted
1470,1144,2025-05-26,149,Rejected
1471,1145,2024-02-26,135,Accepted
1472,1146,2026-01-07,477,Rejected
1473,1147,2024-01-30,466,Partial
1474,1148,2026-01-22,195,Partial
1475,1148,2026-02-17,195,Partial
1476,1149,2024-03-13,61,Rejected
1477,1149,2024-03-26,61,Accepted
1478,1150,2025-02-22,292,Rejected
1479,1151,2024-05-13,234,Rejected
1480,1152,2024-04-19,234,Partial
1481,1152,2024-05-03,234,Accepted
1482,1153,2025-06-12,76,Partial
1483,1154,2025-07-22,174,Partial
1484,1155,2024-04-21,364,Accepted
1485,1156,2026-01-13,56,Partial
1486,1156,2026-01-14,56,Partial
1487,1157,2024-10-19,406,Rejected
1488,1158,2024-09-20,71,Accepted
1489,1159,2024-09-12,218,Accepted
1490,1160,2024-12-20,250,Accepted
1491,1161,2024-05-26,185,Rejected
1492,1161,2024-06-11,185,Partial
1493,1162,2024-11-21,66,Rejected
1494,1163,2024-06-15,421,Rejected
1495,1164,2024-02-26,103,Accepted
1496,1164,2024-03-08,104,Partial
1497,1165,2024-10-26,268,Partial
1498,1166,2025-06-13,160,Partial
1499,1167,2025-08-15,349,Accepted
1500,1168,2024-11-04,219,Rejected
1501,1168,2024-11-12,219,Partial
1502,1169,2024-10-07,95,Accepted
1503,1170,2025-09-02,489,Rejected
1504,1171,2025-06-16,449,Accepted
1505,1172,2025-09-08,57,Partial
1506,1173,2025-11-24,23,Accepted
1507,1174,2025-09-19,56,Accepted
1508,1175,2025-12-31,296,Accepted
1509,1176,2024-11-24,96,Accepted
1510,1176,2024-12-09,97,Partial
1511,1177,2024-11-30,338,Partial
1512,1178,2024-09-27,13,Partial
1513,1179,2024-07-18,153,Accepted
1514,1180,2025-08-05,229,Partial
1515,1181,2025-07-05,443,Accepted
1516,1182,2025-09-14,85,Accepted
1517,1183,2024-06-09,185,Accepted
1518,1184,2025-01-17,212,Accepted
1519,1184,2025-01-28,212,Accepted
1520,1185,2024-07-12,243,Accepted
1521,1186,2025-11-11,193,Accepted
1522,1186,2025-10-31,194,Accepted
1523,1187,2024-08-22,251,Partial
1524,1188,2024-05-08,140,Accepted
1525,1189,2025-03-22,492,Accepted
1526,1190,2025-11-07,112,Accepted
1527,1191,2025-11-19,176,Accepted
1528,1192,2024-04-20,35,Accepted
1529,1192,2024-05-04,36,Accepted
1530,1193,2024-09-10,182,Accepted
1531,1194,2024-06-17,22,Accepted
1532,1195,2024-08-19,366,Accepted
1533,1196,2025-02-22,45,Rejected
1534,1196,2025-02-21,46,Rejected
1535,1197,2024-08-20,25,Accepted
1536,1197,2024-08-08,25,Accepted
1537,1198,2024-04-04,451,Partial
1538,1199,2025-02-06,451,Partial
1539,1200,2024-02-21,185,Accepted
1540,1201,2024-07-25,139,Partial
1541,1202,2024-02-27,351,Accepted
1542,1203,2024-03-16,18,Rejected
1543,1204,2024-12-16,449,Accepted
1544,1205,2025-10-22,93,Partial
1545,1206,2025-08-09,31,Accepted
1546,1207,2024-04-14,333,Partial
1547,1208,2024-02-24,138,Partial
1548,1208,2024-02-22,138,Partial
1549,1209,2024-09-17,268,Rejected
1550,1210,2025-05-22,26,Partial
1551,1211,2025-07-24,115,Rejected
1552,1212,2025-09-20,269,Accepted
1553,1213,2024-10-07,26,Accepted
1554,1213,2024-10-13,26,Partial
1555,1213,2024-10-02,28,Accepted
1556,1214,2024-05-06,10,Partial
1557,1214,2024-05-26,10,Accepted
1558,1215,2024-02-24,384,Accepted
1559,1216,2024-05-23,209,Partial
1560,1216,2024-05-13,210,Partial
1561,1217,2024-02-26,28,Partial
1562,1217,2024-03-07,28,Accepted
1563,1217,2024-03-17,28,Accepted
1564,1218,2025-10-25,85,Partial
1565,1219,2024-07-24,142,Accepted
1566,1220,2025-10-09,324,Partial
1567,1221,2025-02-14,243,Accepted
1568,1222,2025-03-08,411,Accepted
1569,1223,2024-12-27,330,Partial
1570,1224,2025-09-11,219,Accepted
1571,1225,2024-03-02,369,Partial
1572,1226,2024-03-20,183,Rejected
1573,1227,2024-11-08,149,Partial
1574,1227,2024-11-26,150,Rejected
1575,1228,2024-10-16,49,Accepted
1576,1228,2024-10-19,49,Accepted
1577,1229,2025-03-06,235,Accepted
1578,1230,2025-07-10,184,Rejected
1579,1231,2025-03-26,139,Rejected
1580,1231,2025-03-22,140,Rejected
1581,1232,2024-08-10,119,Partial
1582,1233,2024-09-19,499,Accepted
1583,1234,2025-08-08,232,Accepted
1584,1234,2025-08-25,232,Rejected
1585,1235,2024-06-02,46,Partial
1586,1236,2025-03-05,270,Accepted
1587,1237,2025-03-17,25,Accepted
1588,1238,2025-08-21,352,Accepted
1589,1239,2025-07-14,187,Rejected
1590,1240,2025-01-13,193,Accepted
1591,1240,2025-01-11,194,Accepted
1592,1241,2024-09-23,193,Rejected
1593,1241,2024-10-04,194,Partial
1594,1242,2024-10-02,99,Accepted
1595,1243,2024-12-09,258,Rejected
1596,1244,2024-07-19,328,Partial
1597,1245,2025-04-27,452,Partial
1598,1246,2024-07-05,7,Rejected
1599,1247,2025-05-14,118,Accepted
1600,1248,2025-08-19,428,Accepted
1601,1249,2025-12-23,12,Accepted
1602,1249,2025-12-31,12,Rejected
1603,1249,2025-12-18,12,Partial
1604,1250,2024-05-04,320,Rejected
1605,1251,2025-09-08,307,Accepted
1606,1252,2024-04-10,452,Accepted
1607,1253,2024-09-30,344,Accepted
1608,1254,2024-06-17,97,Accepted
1609,1254,2024-07-04,97,Accepted
1610,1255,2024-05-13,75,Accepted
1611,1255,2024-06-04,75,Partial
1612,1255,2024-05-23,75,Partial
1613,1256,2024-06-11,117,Accepted
1614,1257,2024-03-02,208,Rejected
1615,1258,2025-10-05,214,Accepted
1616,1259,2024-03-08,41,Accepted
1617,1260,2024-11-24,58,Accepted
1618,1261,2025-06-16,153,Partial
1619,1262,2026-01-26,168,Partial
1620,1263,2025-10-07,37,Rejected
1621,1264,2024-04-29,420,Rejected
1622,1265,2026-01-19,146,Accepted
1623,1265,2026-01-22,146,Accepted
1624,1266,2025-05-28,390,Partial
1625,1267,2024-07-07,36,Rejected
1626,1268,2024-12-29,41,Accepted
1627,1269,2025-12-08,422,Accepted
1628,1270,2024-10-27,111,Accepted
1629,1271,2024-06-09,252,Rejected
1630,1272,2025-11-21,206,Accepted
1631,1273,2025-12-21,319,Accepted
1632,1274,2026-01-19,102,Rejected
1633,1274,2026-02-05,102,Rejected
1634,1274,2026-02-13,104,Rejected
1635,1275,2025-12-27,482,Accepted
1636,1276,2025-10-31,142,Partial
1637,1276,2025-11-07,143,Partial
1638,1277,2024-12-28,253,Accepted
1639,1278,2024-06-09,217,Accepted
1640,1279,2025-05-03,161,Accepted
1641,1280,2024-08-01,88,Accepted
1642,1281,2025-01-21,387,Accepted
1643,1282,2025-05-30,336,Rejected
1644,1283,2025-12-22,113,Accepted
1645,1284,2024-09-18,378,Rejected
1646,1285,2024-08-01,12,Accepted
1647,1285,2024-08-02,12,Accepted
1648,1285,2024-08-04,13,Rejected
1649,1286,2025-07-12,96,Accepted
1650,1286,2025-07-21,96,Accepted
1651,1287,2024-02-12,213,Accepted
1652,1287,2024-02-19,214,Accepted
1653,1288,2025-03-15,204,Accepted
1654,1289,2025-08-08,276,Partial
1655,1290,2025-02-24,395,Accepted
1656,1291,2024-11-13,332,Rejected
1657,1292,2025-10-23,461,Partial
1658,1293,2024-10-18,77,Accepted
1659,1293,2024-10-24,77,Partial
1660,1293,2024-10-25,78,Rejected
1661,1294,2025-07-04,147,Accepted
1662,1295,2024-12-30,138,Accepted
1663,1296,2024-02-02,341,Accepted
1664,1297,2025-02-14,219,Accepted
1665,1298,2024-03-08,105,Accepted
1666,1299,2025-12-22,232,Accepted
1667,1300,2025-04-15,359,Accepted
1668,1301,2024-10-26,87,Accepted
1669,1302,2025-01-16,71,Accepted
1670,1302,2025-01-08,71,Accepted
1671,1303,2025-04-30,62,Accepted
1672,1304,2024-08-14,85,Accepted
1673,1305,2024-09-16,176,Partial
1674,1305,2024-09-13,177,Accepted
1675,1306,2024-11-29,179,Partial
1676,1307,2024-08-23,293,Rejected
1677,1308,2025-08-09,461,Accepted
1678,1309,2024-04-13,87,Accepted
1679,1310,2025-09-16,305,Partial
1680,1311,2024-10-18,81,Accepted
1681,1311,2024-10-25,81,Partial
1682,1312,2025-03-25,303,Accepted
1683,1313,2024-05-28,232,Accepted
1684,1314,2024-11-23,100,Accepted
1685,1315,2025-08-28,164,Partial
1686,1316,2024-08-28,155,Rejected
1687,1316,2024-08-21,155,Accepted
1688,1317,2024-04-17,375,Accepted
1689,1318,2025-03-01,350,Rejected
1690,1319,2024-06-09,25,Accepted
1691,1319,2024-06-28,25,Accepted
1692,1320,2024-09-01,195,Accepted
1693,1320,2024-09-02,195,Accepted
1694,1321,2024-12-05,60,Accepted
1695,1322,2025-04-01,156,Partial
1696,1323,2025-05-14,234,Rejected
1697,1324,2025-06-17,394,Partial
1698,1325,2025-10-23,144,Accepted
1699,1325,2025-11-07,144,Accepted
1700,1325,2025-11-11,144,Rejected
1701,1326,2024-03-18,334,Accepted
1702,1327,2024-11-10,416,Accepted
1703,1328,2024-01-19,351,Accepted
1704,1329,2024-02-09,443,Rejected
1705,1330,2024-07-02,329,Accepted
1706,1331,2025-03-25,104,Accepted
1707,1332,2025-12-01,399,Accepted
1708,1333,2025-08-07,157,Rejected
1709,1333,2025-08-11,158,Accepted
1710,1334,2025-05-01,52,Accepted
1711,1335,2025-08-25,81,Partial
1712,1336,2024-05-28,212,Accepted
1713,1337,2025-10-09,85,Rejected
1714,1338,2025-11-14,186,Accepted
1715,1339,2024-04-07,150,Accepted
1716,1340,2024-12-30,204,Accepted
1717,1340,2024-12-21,204,Accepted
1718,1341,2025-09-24,198,Accepted
1719,1342,2024-12-28,196,Partial
1720,1342,2024-12-30,196,Accepted
1721,1343,2025-09-27,227,Accepted
1722,1344,2026-01-13,305,Partial
1723,1345,2025-02-02,424,Accepted
1724,1346,2024-02-26,56,Accepted
1725,1347,2024-10-04,252,Partial
1726,1348,2024-06-29,449,Accepted
1727,1349,2025-01-20,211,Partial
1728,1350,2025-03-28,241,Accepted
1729,1350,2025-04-04,242,Accepted
1730,1351,2024-12-10,148,Accepted
1731,1351,2024-12-12,149,Rejected
1732,1352,2024-06-23,292,Rejected
1733,1353,2024-10-08,59,Partial
1734,1354,2025-06-06,449,Partial
1735,1355,2024-02-26,94,Accepted
1736,1355,2024-03-09,94,Accepted
1737,1356,2024-07-05,434,Rejected
1738,1357,2025-11-09,21,Accepted
1739,1358,2024-04-26,195,Partial
1740,1358,2024-05-06,195,Partial
1741,1359,2024-11-22,349,Accepted
1742,1360,2024-07-07,177,Accepted
1743,1360,2024-07-17,177,Partial
1744,1361,2024-04-21,446,Accepted
1745,1362,2024-12-12,318,Rejected
1746,1363,2025-02-22,70,Accepted
1747,1363,2025-02-26,70,Rejected
1748,1363,2025-02-15,72,Accepted
1749,1364,2024-06-05,243,Accepted
1750,1364,2024-06-12,244,Accepted
1751,1365,2024-03-17,378,Accepted
1752,1366,2024-05-09,113,Partial
1753,1367,2025-05-15,273,Accepted
1754,1368,2025-10-13,89,Accepted
1755,1369,2024-07-03,495,Partial
1756,1370,2024-09-17,181,Accepted
1757,1371,2024-10-04,376,Accepted
1758,1372,2024-10-23,137,Partial
1759,1373,2024-08-03,207,Accepted
1760,1374,2024-03-19,469,Accepted
1761,1375,2025-02-28,191,Partial
1762,1376,2024-11-04,472,Accepted
1763,1377,2024-10-17,487,Accepted
1764,1378,2024-08-13,51,Rejected
1765,1378,2024-08-18,51,Accepted
1766,1379,2025-12-01,14,Accepted
1767,1379,2025-11-17,14,Rejected
1768,1380,2025-04-07,68,Accepted
1769,1380,2025-04-11,69,Partial
1770,1381,2024-12-20,295,Partial
1771,1382,2024-06-09,101,Accepted
1772,1382,2024-06-07,101,Accepted
1773,1382,2024-06-12,101,Accepted
1774,1383,2025-08-21,315,Accepted
1775,1384,2025-11-11,138,Accepted
1776,1385,2024-03-01,39,Accepted
1777,1385,2024-02-21,39,Accepted
1778,1385,2024-02-14,40,Accepted
1779,1386,2026-01-04,450,Accepted
1780,1387,2025-06-28,300,Rejected
1781,1388,2024-04-12,316,Rejected
1782,1389,2025-08-18,134,Accepted
1783,1390,2024-04-21,57,Partial
1784,1391,2024-03-28,102,Rejected
1785,1392,2024-05-19,423,Partial
1786,1393,2024-12-31,233,Accepted
1787,1394,2025-05-17,212,Rejected
1788,1394,2025-05-14,213,Partial
1789,1395,2024-11-13,339,Partial
1790,1396,2024-04-17,76,Accepted
1791,1397,2024-06-15,40,Partial
1792,1398,2025-11-03,474,Accepted
1793,1399,2026-01-19,109,Accepted
1794,1400,2025-07-17,475,Accepted
1795,1401,2024-05-06,159,Rejected
1796,1402,2025-09-24,132,Rejected
1797,1402,2025-09-13,132,Partial
1798,1403,2025-07-02,96,Rejected
1799,1404,2025-02-15,246,Accepted
1800,1405,2024-05-06,203,Accepted
1801,1406,2026-02-06,263,Rejected
1802,1407,2024-12-24,14,Accepted
1803,1408,2024-03-17,215,Accepted
1804,1409,2024-08-01,489,Rejected
1805,1410,2024-11-03,83,Accepted
1806,1410,2024-11-04,84,Rejected
1807,1411,2024-03-04,425,Accepted
1808,1412,2024-10-05,241,Accepted
1809,1413,2024-12-23,321,Accepted
1810,1414,2025-12-30,132,Accepted
1811,1415,2024-03-10,231,Accepted
1812,1416,2025-04-18,5,Rejected
1813,1416,2025-04-30,6,Accepted
1814,1417,2025-11-27,291,Rejected
1815,1418,2025-09-20,336,Partial
1816,1419,2025-11-24,164,Rejected
1817,1420,2024-06-03,186,Accepted
1818,1421,2025-09-16,13,Partial
1819,1421,2025-10-03,14,Rejected
1820,1422,2026-02-08,95,Accepted
1821,1422,2026-02-07,95,Accepted
1822,1423,2024-10-08,243,Partial
1823,1424,2025-02-02,56,Rejected
1824,1425,2025-02-11,206,Accepted
1825,1426,2025-02-04,154,Partial
1826,1426,2025-02-10,154,Accepted
1827,1426,2025-02-14,154,Accepted
1828,1427,2024-09-01,79,Partial
1829,1428,2026-01-22,367,Accepted
1830,1429,2025-12-14,113,Accepted
1831,1429,2025-12-27,113,Accepted
1832,1429,2025-12-16,114,Partial
1833,1430,2024-11-05,94,Accepted
1834,1431,2025-10-06,431,Accepted
1835,1432,2024-11-10,213,Accepted
1836,1433,2025-09-11,97,Rejected
1837,1433,2025-09-04,97,Partial
1838,1433,2025-08-31,98,Accepted
1839,1434,2025-04-13,253,Partial
1840,1435,2025-01-08,176,Accepted
1841,1436,2024-04-28,296,Partial
1842,1437,2025-05-07,353,Accepted
1843,1438,2024-10-15,437,Rejected
1844,1439,2024-06-20,342,Partial
1845,1440,2024-06-04,102,Accepted
1846,1441,2026-01-24,43,Accepted
1847,1442,2024-04-02,415,Accepted
1848,1443,2025-08-15,123,Accepted
1849,1444,2025-10-28,161,Accepted
1850,1445,2024-03-05,221,Rejected
1851,1446,2025-04-01,326,Partial
1852,1447,2025-04-03,192,Accepted
1853,1448,2024-10-19,238,Rejected
1854,1449,2025-06-07,314,Accepted
1855,1450,2024-11-27,54,Rejected
1856,1451,2024-12-07,32,Partial
1857,1452,2024-12-19,280,Accepted
1858,1453,2025-09-02,423,Accepted
1859,1454,2025-04-12,256,Partial
1860,1455,2024-11-24,406,Rejected
1861,1456,2025-12-14,233,Accepted
1862,1457,2025-09-29,95,Partial
1863,1458,2025-12-20,130,Accepted
1864,1458,2025-12-25,131,Rejected
1865,1459,2025-07-16,274,Partial
1866,1460,2024-11-23,317,Partial
1867,1461,2025-08-14,12,Accepted
1868,1462,2024-09-22,206,Accepted
1869,1463,2024-08-08,473,Accepted
1870,1464,2024-12-16,154,Rejected
1871,1465,2025-12-21,89,Rejected
1872,1466,2025-04-03,484,Partial
1873,1467,2024-11-24,238,Accepted
1874,1467,2024-11-24,238,Rejected
1875,1468,2025-01-28,106,Rejected
1876,1469,2024-08-22,131,Rejected
1877,1470,2025-05-22,290,Accepted
1878,1471,2024-10-20,128,Rejected
1879,1471,2024-10-17,129,Partial
1880,1472,2025-03-12,174,Accepted
1881,1473,2024-10-22,397,Partial
1882,1474,2024-10-01,156,Partial
1883,1475,2026-01-27,94,Rejected
1884,1476,2024-11-01,233,Accepted
1885,1477,2024-03-25,472,Partial
1886,1478,2024-10-31,21,Accepted
1887,1479,2025-03-08,63,Accepted
1888,1480,2024-04-09,93,Accepted
1889,1480,2024-04-22,94,Accepted
1890,1481,2024-09-29,322,Accepted
1891,1482,2024-05-17,233,Partial
1892,1483,2025-02-02,332,Rejected
1893,1484,2025-07-11,156,Accepted
1894,1485,2025-12-21,244,Partial
1895,1486,2024-11-17,209,Partial
1896,1487,2025-10-19,197,Accepted
1897,1488,2024-06-13,304,Accepted
1898,1489,2025-08-12,428,Accepted
1899,1490,2025-03-17,259,Rejected
1900,1491,2025-07-27,44,Accepted
1901,1492,2025-08-08,49,Accepted
1902,1492,2025-08-10,49,Accepted
1903,1493,2025-02-19,110,Accepted
1904,1494,2024-07-19,106,Accepted
1905,1494,2024-07-28,107,Rejected
1906,1495,2025-03-21,433,Rejected
1907,1496,2025-09-06,332,Accepted
1908,1497,2026-01-05,195,Accepted
1909,1498,2025-11-28,250,Accepted
1910,1499,2024-06-12,445,Accepted
1911,1500,2025-03-27,36,Accepted
1912,1500,2025-04-04,36,Accepted
1913,1501,2024-04-27,349,Partial
1914,1502,2025-05-24,434,Rejected
1915,1503,2026-01-19,91,Partial
1916,1504,2024-03-04,4,Accepted
1917,1504,2024-02-27,5,Accepted
1918,1505,2025-05-27,83,Accepted
1919,1506,2025-12-21,119,Accepted
1920,1507,2025-10-08,215,Rejected
1921,1508,2024-11-05,181,Rejected
1922,1509,2024-03-27,360,Accepted
1923,1510,2025-11-30,54,Accepted
1924,1511,2025-12-15,222,Accepted
1925,1512,2025-04-06,438,Accepted
1926,1513,2026-01-03,38,Rejected
1927,1513,2026-01-15,38,Accepted
1928,1514,2024-01-15,144,Accepted
1929,1515,2025-04-27,208,Accepted
1930,1516,2024-03-06,287,Accepted
1931,1517,2026-01-07,277,Accepted
1932,1518,2025-06-15,84,Accepted
1933,1518,2025-07-06,85,Accepted
1934,1519,2025-11-26,202,Accepted
1935,1520,2025-03-16,42,Rejected
1936,1520,2025-03-07,42,Rejected
1937,1521,2024-04-13,492,Accepted
1938,1522,2024-03-06,282,Accepted
1939,1523,2024-09-24,258,Rejected
1940,1524,2025-07-20,155,Accepted
1941,1525,2024-05-14,366,Partial
1942,1526,2025-10-16,170,Accepted
1943,1527,2024-07-07,86,Partial
1944,1527,2024-07-27,86,Partial
1945,1528,2025-02-02,133,Accepted
1946,1529,2024-06-28,48,Partial
1947,1529,2024-06-11,49,Rejected
1948,1530,2024-12-23,196,Rejected
1949,1530,2025-01-07,197,Partial
1950,1531,2025-01-14,464,Accepted
1951,1532,2024-01-29,240,Partial
1952,1532,2024-01-13,241,Rejected
1953,1533,2025-04-12,72,Rejected
1954,1534,2025-09-09,378,Accepted
1955,1535,2025-12-15,265,Partial
1956,1536,2024-09-17,299,Partial
1957,1537,2025-11-07,49,Accepted
1958,1538,2025-11-02,19,Accepted
1959,1539,2026-01-11,195,Rejected
1960,1539,2026-01-24,196,Accepted
1961,1540,2024-11-08,400,Accepted
1962,1541,2025-09-26,369,Partial
1963,1542,2025-02-19,478,Partial
1964,1543,2024-03-13,484,Accepted
1965,1544,2024-08-18,205,Partial
1966,1545,2025-06-26,279,Accepted
1967,1546,2024-06-01,21,Accepted
1968,1547,2024-12-15,89,Partial
1969,1547,2024-12-17,89,Rejected
1970,1548,2025-07-29,22,Partial
1971,1549,2024-05-31,415,Accepted
1972,1550,2025-01-27,116,Rejected
1973,1551,2024-06-30,95,Accepted
1974,1551,2024-07-12,95,Accepted
1975,1551,2024-07-02,95,Accepted
1976,1552,2025-02-12,451,Rejected
1977,1553,2024-07-25,456,Rejected
1978,1554,2025-12-28,426,Accepted
1979,1555,2024-03-27,40,Rejected
1980,1555,2024-04-13,40,Partial
1981,1555,2024-04-16,42,Partial
1982,1556,2026-01-16,451,Rejected
1983,1557,2025-08-26,178,Accepted
1984,1558,2025-11-15,414,Rejected
1985,1559,2025-09-29,79,Rejected
1986,1560,2024-06-13,144,Rejected
1987,1560,2024-06-19,144,Accepted
1988,1560,2024-06-15,144,Accepted
1989,1561,2025-12-10,67,Partial
1990,1562,2025-04-09,159,Rejected
1991,1562,2025-04-09,159,Accepted
1992,1563,2025-12-26,122,Accepted
1993,1564,2025-11-19,342,Accepted
1994,1565,2025-04-01,287,Accepted
1995,1566,2024-11-04,246,Rejected
1996,1567,2024-05-03,166,Accepted
1997,1568,2024-04-14,482,Partial
1998,1569,2024-11-05,6,Accepted
1999,1569,2024-10-24,6,Accepted
2000,1569,2024-11-14,6,Accepted
2001,1570,2025-10-01,225,Partial
2002,1571,2025-02-16,376,Rejected
2003,1572,2025-01-15,88,Rejected
2004,1573,2024-07-16,29,Accepted
2005,1574,2025-03-12,63,Accepted
2006,1575,2025-05-19,252,Partial
2007,1576,2026-02-01,176,Partial
2008,1577,2025-07-23,46,Accepted
2009,1578,2025-04-16,328,Accepted
2010,1579,2025-11-13,496,Accepted
2011,1580,2024-11-29,58,Accepted
2012,1581,2025-12-05,264,Rejected
2013,1582,2024-10-21,281,Rejected
2014,1583,2024-05-27,64,Accepted
2015,1584,2024-12-05,12,Accepted
2016,1585,2024-05-06,101,Partial
2017,1585,2024-05-25,101,Accepted
2018,1586,2024-05-04,365,Partial
2019,1587,2025-10-17,13,Accepted
2020,1587,2025-10-30,13,Accepted
2021,1588,2025-08-16,396,Rejected
2022,1589,2024-07-23,179,Accepted
2023,1589,2024-07-12,180,Partial
2024,1590,2025-10-17,335,Accepted
2025,1591,2024-03-23,385,Partial
2026,1592,2024-09-12,119,Accepted
2027,1592,2024-09-08,119,Accepted
2028,1593,2025-06-19,27,Partial
2029,1593,2025-06-07,28,Accepted
2030,1594,2024-09-16,463,Accepted
2031,1595,2025-06-22,59,Partial
2032,1595,2025-07-02,60,Accepted
2033,1596,2025-10-21,243,Partial
2034,1597,2024-03-18,79,Accepted
2035,1598,2024-02-16,134,Accepted
2036,1598,2024-02-02,135,Accepted
2037,1599,2025-12-11,188,Accepted
2038,1600,2025-03-05,82,Accepted
2039,1601,2025-02-11,304,Rejected
2040,1602,2025-01-10,40,Rejected
2041,1602,2025-01-09,40,Accepted
2042,1603,2024-12-13,203,Accepted
2043,1604,2025-05-31,52,Partial
2044,1604,2025-06-03,52,Rejected
2045,1604,2025-06-18,54,Partial
2046,1605,2025-03-26,253,Accepted
2047,1606,2024-06-09,25,Partial
2048,1607,2025-05-12,361,Rejected
2049,1608,2025-06-02,65,Accepted
2050,1609,2024-04-06,243,Accepted
2051,1609,2024-04-19,243,Rejected
2052,1610,2024-10-27,152,Accepted
2053,1611,2025-08-17,342,Partial
2054,1612,2025-05-24,154,Accepted
2055,1612,2025-05-30,155,Partial
2056,1613,2024-04-30,93,Partial
2057,1614,2024-03-15,481,Partial
2058,1615,2025-03-14,13,Accepted
2059,1615,2025-03-31,14,Partial
2060,1616,2025-02-04,82,Partial
2061,1617,2026-01-22,50,Accepted
2062,1617,2026-01-04,50,Accepted
2063,1617,2026-01-15,50,Accepted
2064,1618,2025-02-08,321,Accepted
2065,1619,2025-11-25,130,Accepted
2066,1620,2024-07-24,375,Rejected
2067,1621,2025-01-08,158,Partial
2068,1621,2025-01-08,158,Partial
2069,1622,2024-05-29,389,Accepted
2070,1623,2025-04-04,374,Accepted
2071,1624,2024-06-03,77,Rejected
2072,1625,2025-01-10,34,Partial
2073,1626,2024-10-24,393,Rejected
2074,1627,2024-06-29,385,Partial
2075,1628,2024-04-01,117,Accepted
2076,1629,2025-02-24,137,Rejected
2077,1630,2026-01-08,243,Accepted
2078,1631,2024-06-04,42,Accepted
2079,1631,2024-06-12,42,Accepted
2080,1631,2024-07-02,44,Rejected
2081,1632,2024-12-12,105,Rejected
2082,1633,2024-06-29,153,Rejected
2083,1633,2024-07-23,153,Accepted
2084,1634,2025-09-27,117,Partial
2085,1635,2024-11-29,427,Rejected
2086,1636,2026-01-13,380,Accepted
2087,1637,2024-07-04,338,Rejected
2088,1638,2024-03-24,475,Accepted
2089,1639,2025-03-13,124,Accepted
2090,1639,2025-03-24,125,Accepted
2091,1640,2025-05-15,99,Accepted
2092,1641,2026-01-21,47,Rejected
2093,1642,2025-11-21,73,Rejected
2094,1643,2025-10-20,129,Accepted
2095,1644,2025-05-24,464,Rejected
2096,1645,2024-10-13,61,Accepted
2097,1646,2024-12-29,71,Rejected
2098,1646,2024-12-31,71,Partial
2099,1646,2025-01-15,73,Rejected
2100,1647,2024-04-17,72,Partial
2101,1648,2024-12-28,486,Accepted
2102,1649,2024-10-26,35,Accepted
2103,1650,2024-03-18,97,Accepted
2104,1650,2024-03-16,98,Accepted
2105,1651,2024-07-02,331,Partial
2106,1652,2025-02-15,424,Rejected
2107,1653,2024-10-22,10,Partial
2108,1654,2026-02-08,21,Partial
2109,1655,2025-02-06,127,Accepted
2110,1656,2026-01-07,289,Partial
2111,1657,2025-05-02,319,Accepted
2112,1658,2024-03-16,209,Accepted
2113,1659,2024-07-12,489,Partial
2114,1660,2025-07-15,116,Accepted
2115,1661,2025-02-23,94,Accepted
2116,1662,2024-09-11,464,Accepted
2117,1663,2025-02-16,410,Accepted
2118,1664,2025-11-18,280,Rejected
2119,1665,2024-11-18,143,Accepted
2120,1665,2024-11-15,143,Accepted
2121,1666,2024-03-17,321,Accepted
2122,1667,2024-09-18,309,Accepted
2123,1668,2025-12-16,335,Partial
2124,1669,2025-08-18,431,Accepted
2125,1670,2025-09-29,111,Partial
2126,1670,2025-10-06,111,Accepted
2127,1671,2025-11-24,109,Accepted
2128,1672,2024-05-04,130,Accepted
2129,1673,2024-09-03,297,Accepted
2130,1674,2024-04-06,73,Accepted
2131,1674,2024-04-12,73,Partial
2132,1675,2024-01-29,97,Accepted
2133,1676,2025-09-21,148,Accepted
2134,1677,2025-12-14,31,Accepted
2135,1677,2025-12-15,32,Accepted
2136,1678,2024-05-10,270,Accepted
2137,1679,2025-07-21,197,Accepted
2138,1680,2025-02-19,87,Accepted
2139,1681,2024-03-26,464,Rejected
2140,1682,2025-11-12,43,Partial
2141,1682,2025-12-01,43,Accepted
2142,1683,2025-11-27,120,Accepted
2143,1683,2025-11-24,120,Rejected
2144,1683,2025-12-02,122,Accepted
2145,1684,2025-04-11,241,Rejected
2146,1684,2025-04-10,242,Accepted
2147,1685,2025-07-03,376,Accepted
2148,1686,2024-10-29,478,Rejected
2149,1687,2025-09-19,44,Rejected
2150,1687,2025-09-16,44,Accepted
2151,1687,2025-09-30,46,Accepted
2152,1688,2024-11-29,309,Accepted
2153,1689,2026-02-06,321,Accepted
2154,1690,2024-03-13,233,Partial
2155,1691,2024-06-05,126,Accepted
2156,1692,2026-01-05,133,Accepted
2157,1692,2026-01-07,134,Accepted
2158,1693,2024-08-28,153,Accepted
2159,1693,2024-08-18,153,Partial
2160,1693,2024-08-25,154,Accepted
2161,1694,2024-09-05,479,Partial
2162,1695,2025-08-16,135,Accepted
2163,1695,2025-08-14,135,Partial
2164,1696,2024-06-12,481,Accepted
2165,1697,2025-03-05,154,Rejected
2166,1698,2024-09-22,477,Accepted
2167,1699,2024-06-16,153,Partial
2168,1700,2025-12-20,239,Accepted
2169,1700,2026-01-07,240,Partial
2170,1701,2024-07-05,81,Partial
2171,1702,2024-04-22,340,Rejected
2172,1703,2025-06-09,316,Accepted
2173,1704,2025-11-12,203,Accepted
2174,1704,2025-11-06,204,Rejected
2175,1705,2024-05-05,204,Rejected
2176,1706,2025-07-04,80,Partial
2177,1707,2025-03-06,39,Partial
2178,1707,2025-03-14,39,Accepted
2179,1707,2025-03-06,40,Accepted
2180,1708,2025-09-04,169,Partial
2181,1709,2024-05-23,364,Rejected
2182,1710,2026-02-10,251,Partial
2183,1711,2025-04-27,366,Partial
2184,1712,2025-10-28,202,Accepted
2185,1713,2024-10-25,296,Accepted
2186,1714,2026-01-02,440,Accepted
2187,1715,2025-05-10,78,Accepted
2188,1716,2024-04-13,92,Rejected
2189,1717,2025-12-10,260,Rejected
2190,1718,2025-09-11,228,Accepted
2191,1719,2024-09-03,183,Accepted
2192,1719,2024-09-11,183,Accepted
2193,1720,2025-03-20,406,Accepted
2194,1721,2024-11-06,441,Partial
2195,1722,2025-03-01,114,Rejected
2196,1722,2025-02-23,114,Accepted
2197,1723,2025-12-20,426,Accepted
2198,1724,2025-11-28,411,Accepted
2199,1725,2024-07-01,321,Rejected
2200,1726,2026-01-24,47,Accepted
2201,1727,2025-01-14,405,Accepted
2202,1728,2025-06-21,135,Accepted
2203,1728,2025-07-13,136,Partial
2204,1729,2025-08-14,218,Accepted
2205,1730,2025-02-13,239,Accepted
2206,1730,2025-02-20,240,Accepted
2207,1731,2025-01-23,365,Partial
2208,1732,2024-12-11,100,Accepted
2209,1733,2025-10-25,425,Accepted
2210,1734,2024-10-24,181,Partial
2211,1735,2024-09-02,160,Accepted
2212,1736,2024-11-06,396,Partial
2213,1737,2024-07-13,223,Accepted
2214,1738,2024-10-17,307,Rejected
2215,1739,2024-05-17,24,Accepted
2216,1740,2024-03-18,127,Accepted
2217,1741,2025-07-11,194,Partial
2218,1742,2024-03-24,325,Rejected
2219,1743,2025-03-02,260,Accepted
2220,1744,2025-09-10,14,Accepted
2221,1744,2025-09-15,14,Rejected
2222,1745,2025-07-24,49,Partial
2223,1746,2024-11-24,449,Rejected
2224,1747,2024-07-07,23,Accepted
2225,1747,2024-07-12,24,Accepted
2226,1748,2025-12-28,153,Rejected
2227,1749,2025-10-04,204,Accepted
2228,1750,2025-04-21,28,Accepted
2229,1751,2024-03-30,211,Partial
2230,1752,2024-03-02,208,Rejected
2231,1753,2024-09-10,67,Accepted
2232,1754,2024-05-16,58,Rejected
2233,1754,2024-05-26,58,Accepted
2234,1755,2025-09-28,212,Accepted
2235,1755,2025-10-06,213,Partial
2236,1756,2024-06-09,87,Accepted
2237,1757,2024-07-30,274,Accepted
2238,1758,2026-01-11,435,Partial
2239,1759,2025-09-03,386,Accepted
2240,1760,2024-07-28,37,Rejected
2241,1761,2024-11-29,12,Accepted
2242,1762,2025-03-12,353,Accepted
2243,1763,2025-05-18,126,Accepted
2244,1763,2025-06-05,127,Partial
2245,1764,2025-11-29,282,Accepted
2246,1765,2025-10-10,229,Partial
2247,1766,2026-01-14,301,Partial
2248,1767,2024-02-19,180,Accepted
2249,1768,2024-07-20,5,Accepted
2250,1768,2024-07-20,5,Accepted
2251,1768,2024-07-19,6,Accepted
2252,1769,2025-03-25,87,Accepted
2253,1770,2024-02-20,264,Accepted
2254,1771,2024-10-09,217,Accepted
2255,1772,2024-05-24,395,Rejected
2256,1773,2025-12-20,412,Accepted
2257,1774,2024-03-23,83,Partial
2258,1775,2024-06-15,42,Accepted
2259,1775,2024-06-02,42,Partial
2260,1775,2024-06-19,42,Accepted
2261,1776,2024-06-05,303,Accepted
2262,1777,2024-05-07,458,Accepted
2263,1778,2025-04-19,59,Accepted
2264,1778,2025-04-03,59,Accepted
2265,1778,2025-04-14,60,Accepted
2266,1779,2024-11-01,349,Accepted
2267,1780,2025-12-13,446,Accepted
2268,1781,2024-08-25,197,Accepted
2269,1781,2024-09-08,198,Rejected
2270,1782,2025-03-16,233,Accepted
2271,1782,2025-03-02,234,Rejected
2272,1783,2025-05-16,202,Accepted
2273,1784,2025-04-26,55,Accepted
2274,1784,2025-04-30,55,Rejected
2275,1785,2025-08-22,85,Accepted
2276,1786,2024-06-21,259,Accepted
2277,1787,2025-01-18,130,Accepted
2278,1788,2025-09-16,153,Partial
2279,1789,2025-11-04,159,Partial
2280,1790,2025-04-26,87,Accepted
2281,1791,2025-05-31,165,Accepted
2282,1791,2025-05-27,165,Rejected
2283,1791,2025-05-23,167,Accepted
2284,1792,2025-11-01,34,Rejected
2285,1792,2025-10-15,34,Rejected
2286,1792,2025-11-04,36,Rejected
2287,1793,2025-04-24,235,Partial
2288,1794,2025-12-14,286,Partial
2289,1795,2024-04-23,135,Accepted
2290,1795,2024-04-22,136,Partial
2291,1796,2024-10-14,334,Partial
2292,1797,2024-04-15,61,Accepted
2293,1798,2024-04-15,190,Accepted
2294,1799,2025-01-01,136,Rejected
2295,1799,2025-01-06,136,Rejected
2296,1799,2025-01-30,136,Accepted
2297,1800,2024-07-05,316,Accepted
2298,1801,2024-11-29,183,Rejected
2299,1801,2024-11-17,184,Accepted
2300,1802,2024-12-19,179,Partial
2301,1802,2024-12-10,179,Rejected
2302,1803,2025-04-19,203,Accepted
2303,1804,2025-12-22,48,Partial
2304,1805,2025-10-24,54,Partial
2305,1806,2024-11-23,197,Rejected
2306,1807,2024-10-08,298,Partial
2307,1808,2025-08-19,220,Accepted
2308,1808,2025-08-28,220,Accepted
2309,1809,2024-05-03,150,Accepted
2310,1809,2024-05-17,150,Rejected
2311,1809,2024-05-18,152,Accepted
2312,1810,2025-03-13,314,Rejected
2313,1811,2024-12-05,254,Rejected
2314,1812,2024-06-18,359,Accepted
2315,1813,2025-05-04,10,Accepted
2316,1814,2024-10-15,114,Rejected
2317,1814,2024-10-06,115,Accepted
2318,1815,2024-06-14,486,Accepted
2319,1816,2025-05-07,148,Accepted
2320,1817,2024-05-27,118,Rejected
2321,1818,2025-06-11,193,Accepted
2322,1819,2024-06-12,95,Accepted
2323,1820,2024-12-10,329,Rejected
2324,1821,2025-09-27,351,Rejected
2325,1822,2024-07-16,395,Accepted
2326,1823,2025-08-21,79,Partial
2327,1823,2025-08-31,79,Partial
2328,1824,2025-06-27,230,Rejected
2329,1825,2025-11-21,409,Partial
2330,1826,2024-06-12,431,Accepted
2331,1827,2025-07-30,84,Accepted
2332,1827,2025-07-21,85,Partial
2333,1828,2026-01-03,37,Accepted
2334,1828,2026-01-08,37,Accepted
2335,1829,2025-08-05,59,Accepted
2336,1829,2025-08-09,60,Accepted
2337,1830,2024-06-20,123,Accepted
2338,1831,2025-09-08,197,Rejected
2339,1832,2024-04-21,282,Partial
2340,1833,2025-03-29,477,Accepted
2341,1834,2025-02-25,77,Rejected
2342,1835,2025-02-01,106,Rejected
2343,1835,2025-02-02,107,Partial
2344,1836,2025-01-30,26,Accepted
2345,1837,2024-02-15,24,Accepted
2346,1837,2024-03-07,24,Partial
2347,1838,2025-01-12,5,Accepted
2348,1838,2025-02-02,6,Accepted
2349,1839,2025-12-04,396,Accepted
2350,1840,2025-01-01,83,Partial
2351,1841,2024-09-13,102,Accepted
2352,1842,2026-02-10,242,Accepted
2353,1843,2024-03-23,147,Partial
2354,1844,2025-02-08,180,Accepted
2355,1845,2025-02-05,156,Accepted
2356,1845,2025-01-19,156,Rejected
2357,1846,2025-01-21,29,Accepted
2358,1846,2025-01-15,29,Partial
2359,1847,2025-12-16,449,Accepted
2360,1848,2024-11-12,288,Partial
2361,1849,2025-12-28,381,Accepted
2362,1850,2024-03-19,97,Partial
2363,1851,2025-07-04,19,Accepted
2364,1851,2025-07-04,20,Rejected
2365,1852,2025-04-17,415,Accepted
2366,1853,2024-07-27,307,Accepted
2367,1854,2024-08-10,191,Rejected
2368,1854,2024-08-12,192,Accepted
2369,1855,2025-07-09,104,Partial
2370,1855,2025-07-15,104,Accepted
2371,1855,2025-07-08,106,Rejected
2372,1856,2025-05-19,156,Rejected
2373,1857,2025-04-22,163,Accepted
2374,1858,2024-02-16,316,Accepted
2375,1859,2025-04-21,84,Partial
2376,1860,2026-01-04,123,Accepted
2377,1861,2024-02-03,42,Accepted
2378,1862,2024-12-31,152,Accepted
2379,1863,2025-02-05,305,Accepted
2380,1864,2025-10-29,374,Accepted
2381,1865,2024-09-10,338,Partial
2382,1866,2025-01-19,107,Accepted
2383,1867,2025-07-17,268,Partial
2384,1868,2024-03-25,180,Partial
2385,1869,2025-08-28,72,Accepted
2386,1869,2025-08-31,72,Partial
2387,1870,2025-10-08,207,Accepted
2388,1871,2025-06-26,258,Partial
2389,1872,2025-04-24,222,Rejected
2390,1873,2025-07-10,141,Accepted
2391,1873,2025-07-17,141,Accepted
2392,1873,2025-07-21,143,Accepted
2393,1874,2025-09-02,451,Accepted
2394,1875,2025-11-28,116,Accepted
2395,1876,2024-11-27,101,Accepted
2396,1877,2025-01-02,306,Accepted
2397,1878,2025-05-26,232,Accepted
2398,1878,2025-05-11,233,Rejected
2399,1879,2024-06-14,488,Rejected
2400,1880,2025-10-31,239,Accepted
2401,1881,2025-08-11,81,Accepted
2402,1882,2025-04-25,276,Accepted
2403,1883,2024-09-08,449,Partial
2404,1884,2024-10-16,343,Accepted
2405,1885,2024-12-14,22,Rejected
2406,1886,2025-05-24,279,Rejected
2407,1887,2025-09-06,372,Accepted
2408,1888,2025-05-31,344,Partial
2409,1889,2025-12-19,42,Accepted
2410,1890,2026-01-17,104,Accepted
2411,1891,2025-06-23,288,Accepted
2412,1892,2024-11-06,324,Rejected
2413,1893,2025-04-15,486,Rejected
2414,1894,2024-12-20,339,Accepted
2415,1895,2025-04-06,44,Accepted
2416,1895,2025-05-03,45,Accepted
2417,1896,2025-10-07,497,Rejected
2418,1897,2024-11-08,94,Accepted
2419,1898,2025-02-15,224,Accepted
2420,1899,2024-03-27,309,Accepted
2421,1900,2025-07-01,252,Accepted
2422,1901,2025-01-31,269,Accepted
2423,1902,2024-12-22,247,Accepted
2424,1902,2024-12-19,247,Accepted
2425,1903,2025-03-04,459,Rejected
2426,1904,2024-07-17,448,Accepted
2427,1905,2025-04-16,89,Partial
2428,1905,2025-05-04,89,Rejected
2429,1905,2025-05-03,90,Accepted
2430,1906,2025-08-08,356,Rejected
2431,1907,2024-10-03,128,Partial
2432,1907,2024-09-30,128,Accepted
2433,1908,2024-05-15,347,Accepted
2434,1909,2024-11-24,337,Accepted
2435,1910,2024-06-24,222,Accepted
2436,1911,2024-10-02,205,Accepted
2437,1912,2025-05-01,36,Rejected
2438,1912,2025-04-19,37,Accepted
2439,1913,2024-04-15,351,Accepted
2440,1914,2025-08-02,435,Accepted
2441,1915,2024-06-26,189,Accepted
2442,1916,2025-11-24,262,Accepted
2443,1917,2025-07-16,393,Rejected
2444,1918,2024-08-26,248,Accepted
2445,1919,2025-03-23,67,Accepted
2446,1919,2025-03-30,67,Rejected
2447,1920,2024-04-10,201,Accepted
2448,1921,2024-04-19,164,Partial
2449,1921,2024-05-14,165,Accepted
2450,1922,2026-01-03,178,Rejected
2451,1923,2025-09-12,116,Partial
2452,1924,2024-05-26,241,Accepted
2453,1925,2024-09-17,60,Rejected
2454,1925,2024-09-06,61,Rejected
2455,1926,2024-07-01,341,Rejected
2456,1927,2024-10-28,88,Accepted
2457,1928,2024-09-13,404,Accepted
2458,1929,2024-10-09,360,Rejected
2459,1930,2025-02-09,363,Accepted
2460,1931,2024-06-09,316,Accepted
2461,1932,2025-10-26,273,Partial
2462,1933,2025-06-25,390,Accepted
2463,1934,2025-07-24,345,Rejected
2464,1935,2024-06-26,145,Accepted
2465,1935,2024-07-07,146,Rejected
2466,1936,2025-07-20,109,Accepted
2467,1936,2025-07-31,110,Partial
2468,1937,2025-10-05,15,Accepted
2469,1937,2025-10-06,15,Rejected
2470,1937,2025-10-13,16,Partial
2471,1938,2024-05-21,438,Accepted
2472,1939,2025-08-18,467,Accepted
2473,1940,2024-10-15,441,Accepted
2474,1941,2025-08-26,98,Accepted
2475,1942,2025-01-15,191,Partial
2476,1943,2025-08-18,344,Accepted
2477,1944,2024-05-12,157,Rejected
2478,1944,2024-05-18,157,Accepted
2479,1945,2024-11-08,30,Accepted
2480,1946,2024-09-07,423,Accepted
2481,1947,2024-08-04,298,Accepted
2482,1948,2024-09-18,260,Partial
2483,1949,2024-10-26,118,Accepted
2484,1950,2024-04-15,382,Accepted
2485,1951,2025-06-16,117,Rejected
2486,1951,2025-06-17,117,Accepted
2487,1951,2025-07-01,119,Partial
2488,1952,2025-03-20,272,Accepted
2489,1953,2025-09-10,400,Accepted
2490,1954,2025-07-07,114,Accepted
2491,1954,2025-07-15,115,Accepted
2492,1955,2024-05-20,57,Rejected
2493,1956,2024-03-15,408,Rejected
2494,1957,2024-12-23,349,Accepted
2495,1958,2025-02-12,296,Accepted
2496,1959,2024-08-07,32,Accepted
2497,1959,2024-07-30,32,Accepted
2498,1960,2025-08-19,425,Accepted
2499,1961,2025-04-08,98,Rejected
2500,1962,2025-08-18,231,Partial
2501,1963,2024-05-16,96,Accepted
2502,1964,2025-10-07,385,Accepted
2503,1965,2024-07-03,358,Partial
2504,1966,2024-11-30,362,Accepted
2505,1967,2024-12-18,132,Accepted
2506,1967,2024-12-25,132,Rejected
2507,1968,2025-09-16,244,Rejected
2508,1969,2024-08-26,97,Accepted
2509,1969,2024-09-09,98,Accepted
2510,1970,2024-08-03,423,Accepted
2511,1971,2024-10-09,218,Accepted
2512,1972,2024-10-29,270,Partial
2513,1973,2024-06-06,421,Accepted
2514,1974,2024-06-24,346,Accepted
2515,1975,2024-07-30,132,Accepted
2516,1976,2025-01-02,26,Rejected
2517,1977,2024-10-10,54,Accepted
2518,1978,2024-11-13,374,Accepted
2519,1979,2025-07-12,137,Accepted
2520,1980,2024-08-06,371,Accepted
2521,1981,2025-11-29,306,Partial
2522,1982,2025-08-11,395,Accepted
2523,1983,2024-05-28,59,Rejected
2524,1984,2024-09-06,279,Partial
2525,1985,2024-06-10,319,Rejected
2526,1986,2024-08-11,354,Accepted
2527,1987,2024-11-06,69,Accepted
2528,1988,2024-04-27,99,Rejected
2529,1989,2024-02-06,262,Accepted
2530,1990,2024-12-19,235,Accepted
2531,1991,2025-06-10,51,Accepted
2532,1992,2024-10-05,365,Rejected
2533,1993,2025-11-09,404,Accepted
2534,1994,2024-10-17,36,Accepted
2535,1995,2025-11-11,216,Partial
2536,1996,2024-07-25,129,Accepted
2537,1997,2025-02-19,271,Accepted
2538,1998,2025-08-04,359,Partial
2539,1999,2024-03-29,486,Accepted
2540,2000,2025-12-08,314,Accepted
2541,2001,2024-10-08,69,Accepted
2542,2002,2025-02-20,346,Partial
2543,2003,2025-05-09,79,Accepted
2544,2004,2025-04-26,186,Accepted
2545,2004,2025-05-10,187,Partial
2546,2005,2024-02-11,156,Accepted
2547,2006,2025-10-24,273,Partial
2548,2007,2025-04-14,61,Rejected
2549,2008,2026-02-18,157,Accepted
2550,2008,2026-02-05,157,Accepted
2551,2008,2026-02-25,159,Accepted
2552,2009,2025-01-27,329,Partial
2553,2010,2025-04-19,312,Accepted
2554,2011,2024-12-31,76,Accepted
2555,2012,2025-11-04,98,Rejected
2556,2012,2025-11-12,98,Accepted
2557,2013,2025-09-16,136,Accepted
2558,2014,2025-12-13,65,Accepted
2559,2014,2025-12-09,65,Partial
2560,2015,2025-02-11,97,Accepted
2561,2015,2025-02-21,97,Accepted
2562,2016,2025-09-02,232,Accepted
2563,2017,2024-11-03,137,Partial
2564,2017,2024-10-31,137,Partial
2565,2017,2024-11-04,137,Accepted
2566,2018,2025-01-20,348,Accepted
2567,2019,2025-08-26,56,Rejected
2568,2020,2024-04-01,58,Accepted
2569,2020,2024-04-01,58,Accepted
2570,2021,2025-07-02,351,Partial
2571,2022,2024-02-07,208,Rejected
2572,2023,2025-04-24,206,Rejected
2573,2024,2025-01-26,117,Rejected
2574,2025,2025-01-20,143,Accepted
2575,2026,2025-02-17,118,Accepted
2576,2027,2025-01-16,154,Rejected
2577,2027,2025-02-05,154,Rejected
2578,2028,2024-11-12,425,Accepted
2579,2029,2024-12-19,89,Rejected
2580,2030,2025-04-11,118,Accepted
2581,2031,2025-09-05,148,Accepted
2582,2031,2025-08-16,149,Rejected
2583,2032,2025-03-24,366,Partial
2584,2033,2025-05-09,343,Accepted
2585,2034,2025-10-04,221,Accepted
2586,2035,2026-01-25,330,Rejected
2587,2036,2024-04-11,469,Rejected
2588,2037,2025-07-06,26,Accepted
2589,2037,2025-06-30,26,Accepted
2590,2038,2024-07-15,280,Partial
2591,2039,2024-06-27,23,Accepted
2592,2039,2024-06-26,23,Accepted
2593,2040,2025-09-20,335,Rejected
2594,2041,2024-02-29,39,Accepted
2595,2042,2025-11-01,372,Rejected
2596,2043,2025-08-05,33,Accepted
2597,2044,2026-01-16,43,Partial
2598,2044,2026-02-01,44,Rejected
2599,2045,2025-06-03,99,Rejected
2600,2045,2025-06-15,100,Accepted
2601,2046,2025-11-03,103,Accepted
2602,2047,2024-05-08,264,Accepted
2603,2048,2025-11-21,346,Accepted
2604,2049,2024-06-06,94,Rejected
2605,2050,2024-09-17,112,Rejected
2606,2050,2024-10-07,112,Partial
2607,2050,2024-09-17,113,Rejected
2608,2051,2024-04-16,246,Rejected
2609,2052,2024-11-27,221,Accepted
2610,2053,2025-08-27,103,Partial
2611,2053,2025-08-07,103,Accepted
2612,2053,2025-08-13,104,Rejected
2613,2054,2024-08-06,396,Accepted
2614,2055,2025-09-07,377,Partial
2615,2056,2025-04-29,99,Accepted
2616,2057,2025-05-04,83,Accepted
2617,2057,2025-05-06,84,Accepted
2618,2058,2025-12-10,91,Rejected
2619,2058,2025-11-28,92,Accepted
2620,2059,2024-11-24,151,Partial
2621,2060,2024-10-08,465,Accepted
2622,2061,2026-01-21,387,Rejected
2623,2062,2025-03-03,364,Accepted
2624,2063,2025-04-07,63,Accepted
2625,2064,2024-08-29,372,Accepted
2626,2065,2024-06-19,227,Accepted
2627,2066,2024-06-23,158,Partial
2628,2067,2024-08-04,14,Partial
2629,2068,2024-05-28,175,Partial
2630,2069,2025-07-13,258,Partial
2631,2070,2024-03-22,105,Accepted
2632,2071,2025-05-11,42,Accepted
2633,2072,2026-01-07,118,Accepted
2634,2073,2025-08-28,161,Rejected
2635,2074,2024-11-07,95,Rejected
2636,2075,2024-03-08,426,Partial
2637,2076,2025-09-18,6,Accepted
2638,2076,2025-10-01,6,Accepted
2639,2077,2024-02-01,132,Rejected
2640,2078,2025-05-25,469,Partial
2641,2079,2025-05-29,206,Accepted
2642,2079,2025-06-15,206,Accepted
2643,2080,2024-07-01,245,Accepted
2644,2081,2025-08-13,112,Accepted
2645,2082,2024-06-16,18,Rejected
2646,2082,2024-06-04,18,Accepted
2647,2083,2024-07-21,9,Rejected
2648,2083,2024-07-17,9,Accepted
2649,2083,2024-07-25,11,Partial
2650,2084,2025-09-22,429,Partial
2651,2085,2025-12-30,210,Accepted
2652,2086,2024-09-02,269,Accepted
2653,2087,2025-12-22,107,Rejected
2654,2088,2025-12-12,91,Accepted
2655,2088,2025-12-22,92,Rejected
2656,2089,2025-08-27,239,Accepted
2657,2090,2024-05-29,284,Accepted
2658,2091,2024-08-26,131,Partial
2659,2091,2024-08-28,131,Partial
2660,2091,2024-09-07,131,Rejected
2661,2092,2025-05-14,450,Accepted
2662,2093,2026-01-18,432,Partial
2663,2094,2025-09-07,342,Rejected
2664,2095,2024-12-30,397,Accepted
2665,2096,2024-07-07,187,Rejected
2666,2097,2026-01-14,247,Accepted
2667,2097,2026-01-10,248,Partial
2668,2098,2024-08-16,255,Accepted
2669,2099,2024-10-16,133,Accepted
2670,2100,2025-12-31,121,Accepted
2671,2101,2025-03-14,440,Accepted
2672,2102,2024-07-25,174,Rejected
2673,2102,2024-08-14,175,Partial
2674,2103,2024-02-16,130,Partial
2675,2103,2024-02-27,130,Accepted
2676,2104,2024-12-23,252,Rejected
2677,2105,2026-02-01,232,Partial
2678,2105,2026-02-09,232,Accepted
2679,2106,2024-12-02,68,Accepted
2680,2107,2025-06-24,121,Partial
2681,2107,2025-06-19,121,Partial
2682,2108,2024-08-08,415,Accepted
2683,2109,2025-08-11,483,Accepted
2684,2110,2025-08-10,30,Accepted
2685,2111,2025-04-30,171,Accepted
2686,2112,2025-08-21,157,Partial
2687,2112,2025-08-22,157,Accepted
2688,2113,2025-03-29,94,Partial
2689,2114,2024-10-31,90,Partial
2690,2114,2024-11-06,90,Accepted
2691,2114,2024-10-30,92,Rejected
2692,2115,2025-07-31,42,Accepted
2693,2116,2025-09-23,150,Accepted
2694,2117,2025-10-02,169,Accepted
2695,2118,2024-07-18,92,Accepted
2696,2119,2025-06-10,354,Accepted
2697,2120,2024-02-15,420,Partial
2698,2121,2025-04-01,495,Accepted
2699,2122,2025-03-30,106,Rejected
2700,2122,2025-04-16,107,Accepted
2701,2123,2024-10-24,31,Accepted
2702,2124,2026-02-04,58,Partial
2703,2125,2025-11-07,409,Accepted
2704,2126,2024-03-15,464,Partial
2705,2127,2024-07-11,232,Rejected
2706,2127,2024-07-07,233,Accepted
2707,2128,2024-06-20,13,Partial
2708,2128,2024-06-24,14,Accepted
2709,2129,2025-11-27,175,Accepted
2710,2130,2025-01-27,38,Accepted
2711,2131,2025-07-12,11,Rejected
2712,2131,2025-07-26,11,Accepted
2713,2132,2025-09-27,177,Rejected
2714,2133,2025-08-29,377,Accepted
2715,2134,2024-05-05,242,Accepted
2716,2135,2024-05-14,46,Accepted
2717,2135,2024-05-20,46,Rejected
2718,2136,2024-11-16,104,Accepted
2719,2137,2024-10-08,14,Partial
2720,2137,2024-10-10,15,Rejected
2721,2138,2025-07-13,486,Accepted
2722,2139,2024-05-30,315,Accepted
2723,2140,2024-11-12,47,Accepted
2724,2141,2024-08-07,61,Accepted
2725,2142,2024-06-25,424,Accepted
2726,2143,2024-06-10,203,Partial
2727,2144,2024-07-12,310,Accepted
2728,2145,2025-03-23,431,Partial
2729,2146,2024-12-02,92,Partial
2730,2147,2024-12-07,73,Accepted
2731,2147,2024-12-30,73,Partial
2732,2147,2025-01-04,75,Partial
2733,2148,2025-01-30,36,Accepted
2734,2149,2025-08-02,421,Accepted
2735,2150,2025-10-19,267,Rejected
2736,2151,2025-02-12,61,Accepted
2737,2152,2025-06-02,107,Partial
2738,2152,2025-06-04,107,Accepted
2739,2152,2025-06-13,109,Accepted
2740,2153,2025-08-07,323,Accepted
2741,2154,2025-06-28,145,Rejected
2742,2155,2024-05-20,453,Partial
2743,2156,2026-01-19,480,Accepted
2744,2157,2024-06-01,66,Partial
2745,2158,2024-12-03,367,Accepted
2746,2159,2025-05-01,208,Partial
2747,2159,2025-05-06,209,Accepted
2748,2160,2024-12-05,417,Accepted
2749,2161,2024-07-27,282,Accepted
2750,2162,2025-12-11,468,Accepted
2751,2163,2024-03-19,492,Accepted
2752,2164,2024-07-08,166,Accepted
2753,2165,2026-01-21,113,Partial
2754,2166,2025-07-29,36,Rejected
2755,2166,2025-08-14,36,Partial
2756,2167,2024-03-22,173,Accepted
2757,2168,2025-08-21,33,Accepted
2758,2169,2025-12-19,143,Accepted
2759,2169,2026-01-08,143,Accepted
2760,2169,2026-01-04,144,Accepted
2761,2170,2024-04-21,150,Partial
2762,2171,2024-11-25,471,Accepted
2763,2172,2025-02-03,218,Rejected
2764,2172,2025-02-02,218,Rejected
2765,2173,2024-05-07,113,Rejected
2766,2174,2024-06-20,89,Accepted
2767,2175,2024-06-16,194,Accepted
2768,2176,2024-06-07,299,Accepted
2769,2177,2024-11-15,207,Accepted
2770,2178,2025-01-02,115,Partial
2771,2179,2024-07-27,330,Accepted
2772,2180,2024-09-01,35,Rejected
2773,2181,2024-06-18,320,Partial
2774,2182,2025-09-02,322,Rejected
2775,2183,2024-06-25,115,Accepted
2776,2184,2025-11-18,361,Accepted
2777,2185,2025-02-22,423,Accepted
2778,2186,2025-09-05,145,Accepted
2779,2187,2025-05-22,138,Accepted
2780,2188,2024-09-10,135,Accepted
2781,2188,2024-08-23,135,Accepted
2782,2189,2025-04-23,111,Accepted
2783,2190,2024-08-14,303,Rejected
2784,2191,2024-05-21,36,Rejected
2785,2192,2024-08-31,436,Partial
2786,2193,2024-09-21,34,Accepted
2787,2194,2024-05-01,16,Partial
2788,2194,2024-05-14,17,Accepted
2789,2195,2024-01-31,49,Accepted
2790,2195,2024-02-07,49,Accepted
2791,2196,2025-12-11,120,Partial
2792,2197,2025-03-09,187,Accepted
2793,2198,2024-12-09,496,Accepted
2794,2199,2025-12-06,151,Accepted
2795,2199,2025-11-28,152,Accepted
2796,2200,2024-07-19,489,Partial
2797,2201,2024-11-22,179,Accepted
2798,2202,2025-11-01,242,Partial
2799,2203,2025-04-22,226,Accepted
2800,2204,2024-11-29,194,Rejected
2801,2205,2024-07-21,288,Accepted
2802,2206,2024-02-19,474,Partial
2803,2207,2024-03-19,293,Accepted
2804,2208,2024-06-08,49,Rejected
2805,2209,2025-08-10,37,Accepted
2806,2210,2025-05-09,91,Rejected
2807,2211,2024-12-22,461,Accepted
2808,2212,2025-08-02,264,Rejected
2809,2213,2024-06-01,443,Partial
2810,2214,2024-06-17,325,Accepted
2811,2215,2024-11-21,33,Accepted
2812,2216,2025-11-30,358,Accepted
2813,2217,2025-04-30,18,Accepted
2814,2217,2025-05-01,18,Rejected
2815,2217,2025-05-09,18,Accepted
2816,2218,2025-10-10,244,Rejected
2817,2219,2024-07-17,321,Rejected
2818,2220,2025-10-22,321,Accepted
2819,2221,2024-04-11,180,Accepted
2820,2222,2024-07-06,133,Partial
2821,2223,2025-02-26,59,Accepted
2822,2223,2025-03-11,60,Accepted
2823,2224,2024-03-07,476,Rejected
2824,2225,2025-10-25,365,Accepted
2825,2226,2025-11-03,116,Accepted
2826,2227,2025-02-18,156,Accepted
2827,2227,2025-02-10,156,Partial
2828,2228,2024-08-21,16,Accepted
2829,2228,2024-09-01,17,Accepted
2830,2229,2024-04-05,300,Rejected
2831,2230,2025-05-18,489,Accepted
2832,2231,2025-02-28,72,Accepted
2833,2232,2025-08-06,90,Partial
2834,2233,2025-05-07,260,Partial
2835,2234,2024-04-28,462,Accepted
2836,2235,2024-04-10,208,Accepted
2837,2236,2025-09-14,107,Partial
2838,2237,2024-06-21,317,Accepted
2839,2238,2025-12-27,352,Accepted
2840,2239,2024-04-03,133,Accepted
2841,2239,2024-04-22,133,Accepted
2842,2239,2024-04-08,134,Accepted
2843,2240,2025-07-25,396,Rejected
2844,2241,2026-01-28,198,Rejected
2845,2242,2024-12-12,190,Accepted
2846,2242,2024-12-12,191,Rejected
2847,2243,2024-03-15,130,Partial
2848,2244,2025-10-23,148,Accepted
2849,2244,2025-11-14,148,Accepted
2850,2245,2024-06-07,177,Accepted
2851,2246,2025-02-19,380,Rejected
2852,2247,2026-01-20,97,Accepted
2853,2248,2025-08-03,63,Accepted
2854,2249,2024-02-12,172,Accepted
2855,2250,2025-09-10,49,Accepted
2856,2251,2024-05-30,66,Accepted
2857,2251,2024-06-10,66,Accepted
2858,2252,2025-07-09,106,Partial
2859,2253,2025-05-07,102,Partial
2860,2254,2024-08-20,255,Rejected
2861,2255,2024-12-22,280,Accepted
2862,2256,2024-05-07,461,Accepted
2863,2257,2026-02-14,247,Rejected
2864,2258,2024-07-01,384,Rejected
2865,2259,2024-09-19,223,Accepted
2866,2259,2024-10-01,224,Accepted
2867,2260,2025-01-28,499,Partial
2868,2261,2025-05-22,181,Rejected
2869,2262,2025-02-11,271,Rejected
2870,2263,2025-02-07,105,Accepted
2871,2264,2025-03-25,409,Accepted
2872,2265,2025-11-19,293,Accepted
2873,2266,2024-11-06,235,Accepted
2874,2267,2025-09-21,309,Accepted
2875,2268,2025-08-13,113,Accepted
2876,2269,2025-12-29,385,Accepted
2877,2270,2025-11-08,32,Accepted
2878,2271,2025-08-27,223,Accepted
2879,2272,2024-08-08,328,Accepted
2880,2273,2025-08-30,31,Accepted
2881,2274,2025-07-31,99,Accepted
2882,2275,2024-08-16,168,Rejected
2883,2276,2025-06-08,321,Accepted
2884,2277,2024-08-25,126,Rejected
2885,2278,2025-02-02,201,Partial
2886,2279,2025-09-10,372,Accepted
2887,2280,2024-06-16,308,Accepted
2888,2281,2024-10-05,11,Partial
2889,2282,2025-09-19,151,Accepted
2890,2283,2024-12-19,137,Accepted
2891,2284,2025-12-28,161,Accepted
2892,2285,2024-01-23,411,Accepted
2893,2286,2025-07-06,436,Rejected
2894,2287,2025-09-29,54,Rejected
2895,2287,2025-10-10,55,Rejected
2896,2288,2025-11-23,414,Partial
2897,2289,2024-06-08,430,Rejected
2898,2290,2026-01-28,264,Accepted
2899,2291,2024-11-14,449,Accepted
2900,2292,2024-09-25,107,Accepted
2901,2293,2024-09-29,21,Accepted
2902,2294,2025-04-26,124,Accepted
2903,2294,2025-05-08,125,Accepted
2904,2295,2025-05-25,282,Partial
2905,2296,2025-01-08,100,Rejected
2906,2297,2024-04-14,114,Accepted
2907,2297,2024-03-31,114,Accepted
2908,2298,2026-01-29,465,Partial
2909,2299,2024-06-16,251,Accepted
2910,2300,2024-04-17,151,Accepted
2911,2301,2025-04-01,283,Accepted
2912,2302,2024-12-04,427,Accepted
2913,2303,2025-04-12,132,Accepted
2914,2303,2025-04-24,132,Partial
2915,2304,2025-10-17,99,Accepted
2916,2304,2025-11-08,100,Rejected
2917,2305,2024-05-09,208,Accepted
2918,2306,2024-08-10,163,Partial
2919,2307,2025-01-22,357,Accepted
2920,2308,2025-09-06,16,Accepted
2921,2309,2025-04-27,353,Partial
2922,2310,2024-11-11,452,Rejected
2923,2311,2025-04-18,192,Accepted
2924,2311,2025-04-03,193,Accepted
2925,2312,2026-01-19,413,Partial
2926,2313,2025-01-30,241,Accepted
2927,2314,2025-11-27,382,Rejected
2928,2315,2025-08-27,425,Accepted
2929,2316,2024-09-14,239,Accepted
2930,2317,2024-07-17,99,Partial
2931,2318,2025-08-20,217,Accepted
2932,2318,2025-09-01,218,Accepted
2933,2319,2024-07-01,370,Rejected
2934,2320,2024-09-30,270,Rejected
2935,2321,2024-07-25,145,Partial
2936,2322,2025-04-26,63,Accepted
2937,2323,2024-09-07,280,Rejected
2938,2324,2025-06-21,464,Accepted
2939,2325,2025-12-19,77,Rejected
2940,2325,2025-12-21,77,Accepted
2941,2325,2025-12-23,78,Accepted
2942,2326,2025-09-23,194,Accepted
2943,2327,2025-12-08,124,Rejected
2944,2328,2024-02-13,340,Accepted
2945,2329,2025-01-02,313,Accepted
2946,2330,2024-07-31,187,Rejected
2947,2331,2025-11-10,128,Partial
2948,2331,2025-12-04,128,Accepted
2949,2332,2025-07-11,182,Partial
2950,2333,2024-09-11,55,Accepted
2951,2334,2025-03-29,231,Accepted
2952,2335,2025-04-08,215,Partial
2953,2336,2025-01-18,366,Rejected
2954,2337,2025-01-07,100,Accepted
2955,2337,2025-02-01,100,Accepted
2956,2338,2024-04-05,153,Accepted
2957,2338,2024-03-24,153,Partial
2958,2338,2024-03-23,155,Partial
2959,2339,2025-01-20,314,Accepted
2960,2340,2024-10-03,112,Rejected
2961,2341,2025-09-28,85,Partial
2962,2342,2025-09-30,281,Partial
2963,2343,2025-08-06,26,Accepted
2964,2344,2024-02-09,132,Accepted
2965,2345,2025-09-27,183,Accepted
2966,2346,2024-11-09,194,Partial
2967,2347,2024-12-11,325,Rejected
2968,2348,2026-01-01,468,Partial
2969,2349,2025-11-06,111,Accepted
2970,2349,2025-10-26,111,Accepted
2971,2350,2024-04-01,475,Accepted
2972,2351,2024-11-10,11,Accepted
2973,2352,2025-08-25,246,Accepted
2974,2353,2025-03-14,120,Accepted
2975,2354,2024-07-11,428,Partial
2976,2355,2025-01-30,84,Rejected
2977,2355,2025-01-31,84,Rejected
2978,2356,2025-10-14,394,Accepted
2979,2357,2024-07-04,34,Accepted
2980,2357,2024-07-02,34,Accepted
2981,2358,2025-08-01,268,Rejected
2982,2359,2025-07-10,356,Accepted
2983,2360,2025-11-05,162,Accepted
2984,2361,2024-09-24,71,Rejected
2985,2362,2024-07-05,140,Partial
2986,2363,2025-03-26,273,Rejected
2987,2364,2025-02-16,192,Rejected
2988,2365,2024-12-04,93,Accepted
2989,2365,2024-12-05,93,Partial
2990,2366,2025-08-25,406,Accepted
2991,2367,2025-08-29,217,Rejected
2992,2367,2025-09-03,218,Rejected
2993,2368,2024-07-31,315,Rejected
2994,2369,2025-08-22,233,Accepted
2995,2370,2024-08-07,213,Accepted
2996,2371,2024-11-17,90,Accepted
2997,2371,2024-12-04,90,Partial
2998,2372,2024-03-13,43,Partial
2999,2372,2024-03-04,43,Accepted
3000,2372,2024-03-02,45,Rejected
3001,2373,2024-09-24,354,Partial
3002,2374,2025-12-23,126,Partial
3003,2374,2025-12-27,127,Partial
3004,2375,2024-12-10,469,Partial
3005,2376,2025-06-23,179,Rejected
3006,2376,2025-06-19,180,Accepted
3007,2377,2024-04-24,73,Accepted
3008,2377,2024-05-08,73,Partial
3009,2377,2024-04-22,74,Accepted
3010,2378,2025-06-02,62,Accepted
3011,2378,2025-05-29,62,Rejected
3012,2379,2024-11-08,102,Accepted
3013,2380,2025-07-17,161,Accepted
3014,2381,2025-12-28,201,Accepted
3015,2382,2025-02-15,119,Partial
3016,2382,2025-03-09,120,Accepted
3017,2383,2024-04-01,351,Partial
3018,2384,2025-01-19,187,Accepted
3019,2384,2025-02-08,188,Accepted
3020,2385,2024-04-09,216,Accepted
3021,2386,2024-12-12,195,Accepted
3022,2387,2024-03-21,223,Partial
3023,2388,2025-05-02,43,Accepted
3024,2389,2024-09-14,206,Accepted
3025,2390,2024-06-27,257,Accepted
3026,2391,2024-02-26,134,Accepted
3027,2391,2024-02-28,134,Accepted
3028,2391,2024-03-11,134,Partial
3029,2392,2025-11-10,285,Rejected
3030,2393,2025-09-16,460,Partial
3031,2394,2025-09-08,319,Rejected
3032,2395,2024-03-14,345,Accepted
3033,2396,2024-09-21,480,Accepted
3034,2397,2026-01-11,375,Accepted
3035,2398,2025-03-16,296,Accepted
3036,2399,2024-04-28,415,Accepted
3037,2400,2024-05-26,198,Accepted
3038,2400,2024-05-22,198,Accepted
3039,2401,2024-08-09,348,Accepted
3040,2402,2026-01-22,289,Partial
3041,2403,2024-05-30,213,Partial
3042,2404,2025-11-10,499,Accepted
3043,2405,2025-05-24,67,Partial
3044,2405,2025-06-04,67,Accepted
3045,2405,2025-05-31,69,Accepted
3046,2406,2025-12-11,249,Accepted
3047,2407,2025-10-01,283,Accepted
3048,2408,2024-10-13,351,Rejected
3049,2409,2025-10-20,179,Partial
3050,2410,2024-06-05,28,Accepted
3051,2410,2024-05-28,28,Rejected
3052,2411,2024-09-10,164,Accepted
3053,2412,2024-06-23,323,Accepted
3054,2413,2024-05-08,463,Accepted
3055,2414,2024-04-07,43,Partial
3056,2415,2024-07-09,137,Accepted
3057,2415,2024-07-07,137,Rejected
3058,2416,2024-05-07,215,Accepted
3059,2417,2024-11-10,128,Accepted
3060,2418,2024-03-29,261,Accepted
3061,2419,2024-04-04,369,Accepted
3062,2420,2026-02-04,22,Accepted
3063,2421,2024-04-03,436,Accepted
3064,2422,2024-04-15,147,Accepted
3065,2422,2024-04-23,147,Partial
3066,2423,2024-03-06,497,Rejected
3067,2424,2024-05-29,180,Partial
3068,2424,2024-05-09,180,Accepted
3069,2425,2025-03-18,423,Accepted
3070,2426,2025-09-20,88,Partial
3071,2427,2025-07-30,65,Accepted
3072,2428,2025-03-29,88,Accepted
3073,2428,2025-03-21,88,Accepted
3074,2428,2025-03-19,89,Accepted
3075,2429,2024-04-20,219,Accepted
3076,2430,2025-08-08,160,Partial
3077,2430,2025-08-19,160,Accepted
3078,2431,2024-03-11,78,Accepted
3079,2432,2025-04-24,441,Accepted
3080,2433,2024-11-24,19,Accepted
3081,2433,2024-12-07,19,Accepted
3082,2433,2024-12-02,21,Accepted
3083,2434,2025-11-21,302,Partial
3084,2435,2024-10-01,26,Accepted
3085,2436,2025-05-05,484,Accepted
3086,2437,2024-12-28,12,Accepted
3087,2438,2025-02-11,165,Rejected
3088,2438,2025-02-18,166,Accepted
3089,2439,2025-12-10,115,Rejected
3090,2440,2025-06-24,284,Partial
3091,2441,2024-12-19,111,Accepted
3092,2442,2024-12-09,153,Accepted
3093,2442,2024-12-28,153,Accepted
3094,2442,2024-12-27,154,Accepted
3095,2443,2025-06-29,324,Rejected
3096,2444,2024-09-28,185,Rejected
3097,2445,2024-05-23,34,Accepted
3098,2446,2025-01-17,467,Accepted
3099,2447,2024-04-11,287,Accepted
3100,2448,2024-05-26,242,Accepted
3101,2449,2024-11-30,373,Accepted
3102,2450,2025-09-07,130,Accepted
3103,2451,2025-08-20,31,Rejected
3104,2452,2024-08-16,418,Accepted
3105,2453,2024-11-09,139,Rejected
3106,2454,2024-06-10,105,Accepted
3107,2455,2025-08-01,131,Accepted
3108,2456,2024-08-02,163,Accepted
3109,2457,2025-08-30,434,Accepted
3110,2458,2025-09-27,164,Rejected
3111,2458,2025-09-26,164,Accepted
3112,2458,2025-10-01,166,Partial
3113,2459,2025-06-05,18,Rejected
3114,2460,2024-09-25,59,Rejected
3115,2461,2025-12-20,182,Rejected
3116,2462,2025-06-19,141,Accepted
3117,2463,2025-05-10,258,Rejected
3118,2464,2025-10-11,110,Partial
3119,2465,2025-11-12,482,Accepted
3120,2466,2024-03-24,181,Accepted
3121,2466,2024-03-09,182,Partial
3122,2467,2025-10-24,161,Accepted
3123,2467,2025-10-13,161,Accepted
3124,2467,2025-10-26,163,Accepted
3125,2468,2025-08-24,188,Accepted
3126,2469,2024-06-20,179,Accepted
3127,2470,2024-09-10,341,Accepted
3128,2471,2025-08-11,290,Rejected
3129,2472,2024-07-14,423,Accepted
3130,2473,2024-12-28,59,Accepted
3131,2473,2024-12-24,59,Accepted
3132,2474,2025-06-28,296,Accepted
3133,2475,2025-05-18,300,Accepted
3134,2476,2025-12-02,295,Accepted
3135,2477,2024-04-03,167,Accepted
3136,2478,2024-09-25,44,Accepted
3137,2479,2026-01-24,271,Rejected
3138,2480,2025-04-06,203,Partial
3139,2481,2024-07-19,317,Accepted
3140,2482,2024-08-23,201,Accepted
3141,2483,2024-10-19,124,Rejected
3142,2484,2025-03-05,354,Rejected
3143,2485,2024-09-02,127,Accepted
3144,2485,2024-09-08,127,Rejected
3145,2486,2025-05-07,231,Accepted
3146,2487,2024-12-10,378,Accepted
3147,2488,2025-04-14,110,Accepted
3148,2489,2024-06-05,62,Accepted
3149,2490,2025-04-25,129,Rejected
3150,2491,2025-12-06,465,Partial
3151,2492,2024-06-07,418,Accepted
3152,2493,2024-10-28,121,Rejected
3153,2493,2024-11-01,121,Accepted
3154,2494,2025-07-04,100,Accepted
3155,2495,2025-04-13,15,Accepted
3156,2495,2025-05-01,15,Accepted
3157,2495,2025-05-03,15,Accepted
3158,2496,2025-05-22,98,Partial
3159,2496,2025-05-22,99,Accepted
3160,2497,2025-03-25,422,Accepted
3161,2498,2025-06-24,275,Partial
3162,2499,2025-05-09,415,Accepted
3163,2500,2024-03-02,372,Partial
3164,2501,2025-07-19,250,Accepted
3165,2502,2024-12-10,219,Rejected
3166,2503,2024-03-22,229,Partial
3167,2504,2024-11-21,181,Accepted
3168,2505,2024-12-23,74,Accepted
3169,2505,2024-12-17,75,Partial
3170,2506,2024-03-15,196,Accepted
3171,2507,2026-02-08,41,Accepted
3172,2507,2026-02-09,41,Partial
3173,2508,2024-07-18,402,Partial
3174,2509,2024-10-15,35,Partial
3175,2510,2024-12-31,276,Accepted
3176,2511,2025-10-22,100,Accepted
3177,2512,2025-08-19,499,Accepted
3178,2513,2025-08-28,382,Partial
3179,2514,2024-08-12,262,Partial
3180,2515,2025-10-01,56,Accepted
3181,2515,2025-10-08,56,Accepted
3182,2516,2025-10-18,49,Accepted
3183,2516,2025-10-10,50,Accepted
3184,2517,2025-01-16,29,Accepted
3185,2517,2025-01-30,29,Rejected
3186,2517,2025-01-26,29,Accepted
3187,2518,2025-03-11,241,Accepted
3188,2519,2024-03-03,240,Partial
3189,2520,2025-08-02,21,Partial
3190,2521,2025-12-22,26,Accepted
3191,2521,2025-12-19,27,Accepted
3192,2522,2025-01-06,175,Accepted
3193,2522,2025-01-23,176,Accepted
3194,2523,2025-03-19,79,Accepted
3195,2524,2025-02-05,183,Partial
3196,2525,2024-03-19,114,Rejected
3197,2525,2024-03-26,114,Accepted
3198,2525,2024-04-07,114,Partial
3199,2526,2025-05-06,28,Accepted
3200,2526,2025-05-18,28,Accepted
3201,2527,2025-08-07,183,Accepted
3202,2527,2025-08-11,184,Accepted
3203,2528,2026-01-01,436,Rejected
3204,2529,2025-12-18,415,Accepted
3205,2530,2025-01-17,86,Accepted
3206,2530,2025-02-05,87,Accepted
3207,2531,2026-01-01,228,Accepted
3208,2532,2025-02-11,96,Accepted
3209,2533,2025-05-08,183,Rejected
3210,2534,2025-04-23,122,Accepted
3211,2535,2026-02-05,92,Accepted
3212,2535,2026-02-14,92,Rejected
3213,2535,2026-02-12,94,Accepted
3214,2536,2025-08-01,244,Partial
3215,2537,2024-05-03,64,Accepted
3216,2538,2024-03-19,74,Accepted
3217,2539,2024-11-14,325,Accepted
3218,2540,2025-02-20,78,Accepted
3219,2541,2025-05-15,468,Accepted
3220,2542,2025-01-23,62,Accepted
3221,2543,2025-03-01,120,Accepted
3222,2544,2025-12-14,320,Accepted
3223,2545,2024-09-16,303,Accepted
3224,2546,2025-02-02,237,Partial
3225,2546,2025-02-05,237,Accepted
3226,2547,2025-03-02,164,Accepted
3227,2548,2024-12-20,362,Accepted
3228,2549,2026-01-15,288,Accepted
3229,2550,2026-01-04,140,Accepted
3230,2551,2025-02-04,176,Accepted
3231,2552,2025-01-05,447,Accepted
3232,2553,2025-04-24,110,Accepted
3233,2554,2024-06-04,378,Accepted
3234,2555,2024-12-25,250,Accepted
3235,2556,2024-07-11,382,Rejected
3236,2557,2024-05-12,492,Rejected
3237,2558,2024-04-07,492,Partial
3238,2559,2025-04-14,134,Accepted
3239,2560,2024-01-22,492,Rejected
3240,2561,2025-05-29,66,Rejected
3241,2562,2024-12-06,229,Partial
3242,2562,2024-11-25,229,Rejected
3243,2563,2024-11-06,364,Accepted
3244,2564,2025-09-06,75,Accepted
3245,2565,2025-02-17,215,Partial
3246,2566,2025-07-05,209,Accepted
3247,2567,2025-07-08,163,Partial
3248,2568,2024-03-06,260,Rejected
3249,2569,2024-07-17,454,Accepted
3250,2570,2025-03-12,433,Rejected
3251,2571,2026-01-28,10,Partial
3252,2571,2026-01-18,11,Rejected
3253,2572,2024-06-05,425,Rejected
3254,2573,2024-04-08,145,Accepted
3255,2573,2024-04-08,145,Accepted
3256,2573,2024-04-17,145,Rejected
3257,2574,2026-01-15,24,Accepted
3258,2575,2025-12-31,11,Rejected
3259,2576,2024-06-13,46,Accepted
3260,2577,2024-10-26,201,Rejected
3261,2578,2025-05-16,71,Rejected
3262,2578,2025-05-12,72,Accepted
3263,2579,2024-06-29,204,Accepted
3264,2580,2024-10-10,397,Accepted
3265,2581,2024-10-27,178,Accepted
3266,2582,2025-05-21,74,Accepted
3267,2582,2025-06-04,74,Accepted
3268,2583,2024-09-22,416,Accepted
3269,2584,2024-11-21,93,Accepted
3270,2585,2024-09-04,8,Accepted
3271,2585,2024-09-11,8,Accepted
3272,2585,2024-08-31,10,Accepted
3273,2586,2025-08-31,72,Accepted
3274,2587,2024-05-20,85,Rejected
3275,2588,2024-07-17,75,Accepted
3276,2589,2024-07-15,79,Accepted
3277,2590,2025-11-12,23,Partial
3278,2590,2025-11-07,24,Accepted
3279,2591,2025-12-12,170,Rejected
3280,2591,2025-12-28,171,Accepted
3281,2592,2025-01-23,134,Accepted
3282,2593,2024-05-25,380,Rejected
3283,2594,2025-08-25,139,Rejected
3284,2595,2025-01-28,474,Partial
3285,2596,2025-10-02,94,Rejected
3286,2597,2024-10-22,321,Accepted
3287,2598,2026-02-15,356,Accepted
3288,2599,2025-09-26,123,Accepted
3289,2600,2024-07-09,393,Accepted
3290,2601,2025-07-25,190,Rejected
3291,2602,2024-08-13,426,Rejected
3292,2603,2024-11-09,291,Accepted
3293,2604,2024-08-03,487,Rejected
3294,2605,2025-05-22,70,Accepted
3295,2606,2024-08-09,54,Accepted
3296,2606,2024-08-09,55,Accepted
3297,2607,2025-05-11,45,Accepted
3298,2608,2025-03-10,428,Accepted
3299,2609,2025-07-23,324,Partial
3300,2610,2026-01-16,146,Accepted
3301,2611,2024-02-15,421,Rejected
3302,2612,2026-01-25,427,Accepted
3303,2613,2024-04-30,253,Rejected
3304,2614,2025-01-28,80,Accepted
3305,2615,2024-09-29,479,Accepted
3306,2616,2025-05-29,70,Accepted
3307,2616,2025-05-18,70,Rejected
3308,2616,2025-05-26,71,Accepted
3309,2617,2025-07-02,122,Rejected
3310,2618,2025-11-08,483,Accepted
3311,2619,2024-11-25,399,Partial
3312,2620,2025-12-02,289,Accepted
3313,2621,2024-09-23,282,Accepted
3314,2622,2024-06-26,119,Accepted
3315,2623,2024-11-25,462,Accepted
3316,2624,2025-02-27,153,Accepted
3317,2625,2025-05-08,103,Accepted
3318,2625,2025-05-28,103,Accepted
3319,2626,2025-09-25,310,Partial
3320,2627,2024-07-15,311,Accepted
3321,2628,2024-10-02,45,Accepted
3322,2628,2024-09-24,45,Accepted
3323,2629,2025-12-25,189,Accepted
3324,2629,2025-12-25,189,Partial
3325,2630,2024-12-19,39,Accepted
3326,2630,2024-12-19,40,Accepted
3327,2631,2024-07-21,82,Accepted
3328,2632,2026-02-11,440,Partial
3329,2633,2024-12-27,19,Accepted
3330,2634,2026-01-16,238,Accepted
3331,2634,2026-02-06,239,Partial
3332,2635,2025-12-17,37,Accepted
3333,2636,2025-11-18,79,Accepted
3334,2636,2025-12-01,80,Accepted
3335,2637,2025-03-29,139,Accepted
3336,2637,2025-04-17,139,Accepted
3337,2638,2025-08-20,157,Accepted
3338,2639,2025-12-26,122,Accepted
3339,2639,2025-12-22,122,Rejected
3340,2640,2024-08-07,154,Accepted
3341,2641,2024-03-11,84,Rejected
3342,2641,2024-03-17,84,Rejected
3343,2642,2024-09-06,64,Partial
3344,2643,2025-04-25,335,Accepted
3345,2644,2025-03-12,139,Accepted
3346,2645,2024-03-16,129,Accepted
3347,2645,2024-03-18,129,Accepted
3348,2645,2024-03-15,130,Partial
3349,2646,2025-02-26,376,Partial
3350,2647,2024-06-03,327,Accepted
3351,2648,2025-02-18,80,Accepted
3352,2649,2025-04-03,112,Accepted
3353,2649,2025-04-17,112,Accepted
3354,2649,2025-04-09,112,Accepted
3355,2650,2025-05-19,338,Accepted
3356,2651,2024-12-08,202,Accepted
3357,2652,2024-12-01,260,Partial
3358,2653,2025-06-21,107,Accepted
3359,2653,2025-06-25,107,Rejected
3360,2653,2025-06-16,109,Accepted
3361,2654,2025-07-24,431,Partial
3362,2655,2025-09-14,133,Partial
3363,2655,2025-09-09,134,Accepted
3364,2656,2024-09-19,434,Accepted
3365,2657,2024-11-29,318,Rejected
3366,2658,2024-09-23,331,Rejected
3367,2659,2025-02-25,174,Accepted
3368,2660,2024-05-10,410,Accepted
3369,2661,2024-12-15,291,Accepted
3370,2662,2024-06-20,135,Accepted
3371,2663,2025-02-23,354,Accepted
3372,2664,2025-10-15,317,Accepted
3373,2665,2026-01-29,124,Rejected
3374,2666,2024-12-18,47,Accepted
3375,2666,2024-12-23,47,Accepted
3376,2667,2024-03-07,54,Accepted
3377,2668,2024-07-02,27,Partial
3378,2669,2024-04-21,54,Accepted
3379,2670,2025-08-09,241,Accepted
3380,2670,2025-08-26,242,Rejected
3381,2671,2025-12-30,405,Accepted
3382,2672,2025-03-18,68,Accepted
3383,2673,2024-06-05,93,Accepted
3384,2673,2024-06-22,94,Accepted
3385,2674,2024-02-27,219,Accepted
3386,2675,2026-01-28,366,Accepted
3387,2676,2024-10-17,151,Accepted
3388,2676,2024-10-04,152,Partial
3389,2677,2024-04-07,99,Accepted
3390,2677,2024-04-12,100,Rejected
3391,2678,2024-06-29,251,Accepted
3392,2679,2024-08-03,15,Rejected
3393,2680,2025-05-29,110,Accepted
3394,2681,2025-12-05,225,Rejected
3395,2682,2024-08-20,415,Accepted
3396,2683,2025-06-14,218,Partial
3397,2684,2024-03-04,145,Accepted
3398,2685,2024-01-14,169,Rejected
3399,2686,2024-03-09,266,Accepted
3400,2687,2025-12-13,350,Accepted
3401,2688,2025-04-15,318,Rejected
3402,2689,2025-09-03,178,Partial
3403,2690,2024-02-03,348,Accepted
3404,2691,2024-03-03,444,Accepted
3405,2692,2025-10-07,170,Accepted
3406,2692,2025-10-16,170,Partial
3407,2693,2024-05-06,84,Accepted
3408,2693,2024-05-20,84,Partial
3409,2693,2024-05-09,86,Rejected
3410,2694,2024-04-28,390,Accepted
3411,2695,2025-02-14,497,Partial
3412,2696,2025-04-06,103,Partial
3413,2697,2024-07-21,34,Accepted
3414,2698,2024-12-11,228,Rejected
3415,2699,2025-06-15,386,Partial
3416,2700,2024-12-10,218,Rejected
3417,2701,2024-11-09,453,Accepted
3418,2702,2024-04-19,93,Accepted
3419,2702,2024-04-20,93,Accepted
3420,2703,2025-01-04,468,Accepted
3421,2704,2025-09-14,193,Accepted
3422,2705,2025-04-28,248,Rejected
3423,2706,2025-11-10,154,Accepted
3424,2707,2024-05-27,43,Partial
3425,2707,2024-05-11,44,Rejected
3426,2708,2024-03-08,213,Accepted
3427,2709,2025-03-23,389,Rejected
3428,2710,2024-06-13,118,Accepted
3429,2711,2025-04-11,499,Rejected
3430,2712,2025-11-03,182,Partial
3431,2713,2024-10-29,128,Accepted
3432,2714,2025-04-01,462,Accepted
3433,2715,2025-06-13,301,Accepted
3434,2716,2024-05-11,252,Accepted
3435,2717,2025-11-24,333,Accepted
3436,2718,2024-07-06,493,Accepted
3437,2719,2025-09-02,379,Rejected
3438,2720,2025-05-30,373,Partial
3439,2721,2024-05-23,122,Accepted
3440,2722,2025-07-07,216,Partial
3441,2722,2025-07-10,216,Accepted
3442,2723,2024-07-07,469,Partial
3443,2724,2025-04-29,245,Accepted
3444,2725,2025-12-27,495,Rejected
3445,2726,2025-12-14,99,Partial
3446,2726,2025-12-12,99,Accepted
3447,2727,2025-10-28,151,Accepted
3448,2728,2025-02-02,187,Accepted
3449,2728,2025-02-13,187,Accepted
3450,2729,2025-03-25,392,Accepted
3451,2730,2024-09-13,109,Accepted
3452,2730,2024-09-10,110,Partial
3453,2731,2025-12-10,310,Accepted
3454,2732,2024-12-23,51,Partial
3455,2733,2025-09-02,197,Rejected
3456,2734,2024-10-10,199,Rejected
3457,2734,2024-10-05,199,Rejected
3458,2735,2025-07-23,245,Partial
3459,2736,2024-07-10,83,Partial
3460,2736,2024-07-08,84,Rejected
3461,2737,2025-07-22,425,Accepted
3462,2738,2024-02-17,34,Accepted
3463,2739,2024-04-20,344,Accepted
3464,2740,2024-10-12,179,Rejected
3465,2741,2025-01-01,296,Partial
3466,2742,2025-07-03,479,Partial
3467,2743,2024-10-28,122,Rejected
3468,2743,2024-11-08,123,Accepted
3469,2744,2024-02-19,398,Accepted
3470,2745,2024-10-18,207,Accepted
3471,2746,2024-12-06,104,Accepted
3472,2746,2024-12-04,104,Accepted
3473,2746,2024-12-16,104,Accepted
3474,2747,2025-03-08,34,Accepted
3475,2748,2025-06-05,217,Accepted
3476,2749,2024-08-07,425,Rejected
3477,2750,2025-05-11,93,Rejected
3478,2750,2025-05-22,93,Partial
3479,2750,2025-05-14,94,Accepted
3480,2751,2025-05-19,44,Partial
3481,2751,2025-05-20,45,Partial
3482,2752,2025-08-17,78,Rejected
3483,2752,2025-08-14,78,Accepted
3484,2753,2025-02-09,78,Partial
3485,2753,2025-02-17,78,Rejected
3486,2753,2025-02-14,78,Accepted
3487,2754,2025-09-25,166,Rejected
3488,2755,2024-07-10,408,Accepted
3489,2756,2025-07-15,176,Rejected
3490,2757,2024-03-02,103,Accepted
3491,2758,2024-04-30,158,Accepted
3492,2758,2024-04-20,159,Accepted
3493,2759,2025-10-30,105,Partial
3494,2760,2024-12-17,478,Accepted
3495,2761,2025-05-09,141,Partial
3496,2762,2025-03-31,334,Partial
3497,2763,2025-06-13,35,Rejected
3498,2763,2025-07-02,36,Accepted
3499,2764,2024-07-30,5,Accepted
3500,2764,2024-08-16,5,Accepted
3501,2764,2024-08-10,7,Rejected
3502,2765,2024-06-21,305,Accepted
3503,2766,2024-02-20,228,Partial
3504,2767,2025-10-12,181,Partial
3505,2768,2024-07-08,352,Partial
3506,2769,2025-03-15,12,Accepted
3507,2770,2025-01-12,189,Accepted
3508,2771,2024-06-15,234,Partial
3509,2772,2024-12-05,254,Partial
3510,2773,2024-03-30,489,Accepted
3511,2774,2024-06-08,294,Accepted
3512,2775,2024-05-14,454,Rejected
3513,2776,2025-10-09,219,Partial
3514,2777,2025-03-23,498,Accepted
3515,2778,2025-11-27,82,Accepted
3516,2779,2024-12-09,438,Partial
3517,2780,2024-07-08,56,Accepted
3518,2781,2025-04-24,296,Accepted
3519,2782,2025-12-02,493,Accepted
3520,2783,2025-02-02,128,Accepted
3521,2784,2024-02-09,311,Accepted
3522,2785,2024-09-07,293,Accepted
3523,2786,2025-11-28,369,Accepted
3524,2787,2025-03-14,394,Rejected
3525,2788,2026-01-12,26,Accepted
3526,2789,2025-02-28,498,Accepted
3527,2790,2024-02-09,149,Accepted
3528,2790,2024-02-03,149,Rejected
3529,2791,2025-11-12,15,Accepted
3530,2792,2025-07-30,125,Partial
3531,2792,2025-07-19,125,Accepted
3532,2792,2025-07-25,127,Rejected
3533,2793,2025-07-10,130,Accepted
3534,2793,2025-07-16,130,Accepted
3535,2793,2025-07-19,130,Rejected
3536,2794,2026-01-04,232,Partial
3537,2795,2024-06-29,223,Accepted
3538,2796,2025-12-15,467,Accepted
3539,2797,2024-08-01,219,Accepted
3540,2798,2026-01-10,311,Partial
3541,2799,2024-06-24,189,Rejected
3542,2799,2024-06-29,190,Accepted
3543,2800,2025-03-17,224,Accepted
3544,2801,2025-09-02,170,Rejected
3545,2801,2025-09-15,171,Accepted
3546,2802,2024-04-17,484,Accepted
3547,2803,2024-03-26,359,Rejected
3548,2804,2025-10-19,371,Accepted
3549,2805,2024-04-01,267,Accepted
3550,2806,2025-04-17,18,Accepted
3551,2806,2025-03-30,18,Partial
3552,2806,2025-04-11,20,Accepted
3553,2807,2025-12-21,138,Rejected
3554,2808,2025-04-26,108,Accepted
3555,2808,2025-05-13,109,Accepted
3556,2809,2025-01-21,356,Rejected
3557,2810,2024-12-05,477,Partial
3558,2811,2025-05-26,208,Accepted
3559,2812,2025-04-15,192,Partial
3560,2813,2025-01-07,415,Accepted
3561,2814,2024-06-05,345,Accepted
3562,2815,2025-05-06,228,Accepted
3563,2815,2025-05-14,228,Rejected
3564,2816,2025-08-08,58,Accepted
3565,2816,2025-08-03,58,Accepted
3566,2817,2025-07-01,189,Accepted
3567,2818,2024-03-28,32,Accepted
3568,2819,2025-06-11,314,Accepted
3569,2820,2025-07-31,79,Accepted
3570,2821,2024-06-25,241,Accepted
3571,2822,2025-10-19,282,Partial
3572,2823,2025-02-24,209,Rejected
3573,2824,2024-12-24,492,Partial
3574,2825,2025-08-09,146,Accepted
3575,2826,2025-02-09,120,Accepted
3576,2826,2025-02-03,121,Accepted
3577,2827,2025-03-06,152,Accepted
3578,2827,2025-03-07,152,Rejected
3579,2827,2025-03-01,152,Accepted
3580,2828,2024-10-09,202,Accepted
3581,2829,2025-12-24,14,Partial
3582,2830,2026-01-05,307,Accepted
3583,2831,2024-05-10,441,Partial
3584,2832,2025-07-25,49,Accepted
3585,2833,2024-02-11,116,Partial
3586,2834,2024-10-14,148,Rejected
3587,2835,2026-01-25,98,Accepted
3588,2835,2026-01-28,98,Partial
3589,2835,2026-01-25,99,Accepted
3590,2836,2024-06-19,304,Accepted
3591,2837,2024-10-27,263,Accepted
3592,2838,2024-06-27,186,Accepted
3593,2838,2024-07-15,187,Accepted
3594,2839,2025-08-04,340,Accepted
3595,2840,2025-01-01,79,Partial
3596,2840,2025-01-23,79,Accepted
3597,2841,2025-03-18,393,Accepted
3598,2842,2025-12-13,26,Accepted
3599,2842,2025-12-06,26,Partial
3600,2842,2025-12-14,28,Accepted
3601,2843,2025-02-08,235,Accepted
3602,2843,2025-02-03,236,Accepted
3603,2844,2025-07-26,327,Accepted
3604,2845,2024-04-16,168,Accepted
3605,2846,2024-07-25,238,Accepted
3606,2847,2025-12-16,115,Accepted
3607,2847,2025-12-22,115,Accepted
3608,2848,2025-10-13,458,Accepted
3609,2849,2025-05-08,308,Partial
3610,2850,2024-10-27,284,Accepted
3611,2851,2024-06-27,69,Accepted
3612,2851,2024-06-22,70,Accepted
3613,2852,2025-09-30,85,Partial
3614,2852,2025-10-08,85,Accepted
3615,2853,2025-08-12,172,Partial
3616,2854,2024-07-17,309,Partial
3617,2855,2025-05-04,67,Accepted
3618,2856,2025-05-15,337,Accepted
3619,2857,2025-01-30,409,Partial
3620,2858,2025-12-18,80,Rejected
3621,2859,2024-05-06,234,Rejected
3622,2860,2024-08-16,46,Rejected
3623,2861,2024-04-01,303,Rejected
3624,2862,2025-05-30,30,Rejected
3625,2863,2025-05-18,77,Partial
3626,2864,2026-02-04,85,Accepted
3627,2865,2025-03-20,59,Accepted
3628,2866,2024-05-18,165,Accepted
3629,2867,2024-12-15,362,Accepted
3630,2868,2024-04-20,144,Accepted
3631,2868,2024-04-20,145,Accepted
3632,2869,2025-06-15,120,Accepted
3633,2870,2025-06-16,246,Accepted
3634,2871,2025-11-04,127,Accepted
3635,2872,2024-10-07,172,Accepted
3636,2873,2024-09-01,276,Partial
3637,2874,2024-03-17,326,Accepted
3638,2875,2024-11-27,100,Accepted
3639,2876,2025-02-03,373,Rejected
3640,2877,2025-08-02,127,Partial
3641,2878,2025-08-17,449,Rejected
3642,2879,2024-05-03,375,Accepted
3643,2880,2024-09-11,75,Accepted
3644,2881,2025-02-06,197,Accepted
3645,2881,2025-02-18,198,Rejected
3646,2882,2024-09-25,313,Accepted
3647,2883,2024-02-13,479,Accepted
3648,2884,2025-10-19,109,Accepted
3649,2885,2025-07-08,145,Partial
3650,2886,2025-02-07,401,Rejected
3651,2887,2024-09-27,403,Accepted
3652,2888,2025-10-10,178,Accepted
3653,2888,2025-10-14,178,Rejected
3654,2889,2024-03-03,417,Partial
3655,2890,2025-01-16,430,Accepted
3656,2891,2025-09-25,409,Rejected
3657,2892,2026-01-12,37,Partial
3658,2893,2024-08-11,269,Partial
3659,2894,2025-06-10,141,Accepted
3660,2895,2024-06-15,31,Accepted
3661,2896,2024-04-21,368,Rejected
3662,2897,2024-10-07,6,Accepted
3663,2897,2024-10-07,7,Accepted
3664,2898,2025-11-01,15,Partial
3665,2899,2025-05-31,471,Accepted
3666,2900,2025-01-25,148,Accepted
3667,2900,2025-01-16,148,Partial
3668,2901,2024-09-11,404,Accepted
3669,2902,2024-06-02,217,Accepted
3670,2903,2024-08-25,448,Partial
3671,2904,2024-05-28,77,Partial
3672,2905,2024-06-11,311,Rejected
3673,2906,2025-06-09,467,Accepted
3674,2907,2024-06-02,345,Accepted
3675,2908,2024-03-20,35,Accepted
3676,2908,2024-03-09,36,Accepted
3677,2909,2025-02-17,162,Accepted
3678,2910,2024-09-11,72,Accepted
3679,2911,2024-12-20,356,Partial
3680,2912,2024-05-12,214,Accepted
3681,2913,2024-06-11,313,Accepted
3682,2914,2024-12-08,18,Rejected
3683,2914,2024-11-26,19,Rejected
3684,2915,2025-06-21,412,Partial
3685,2916,2024-11-28,326,Accepted
3686,2917,2025-02-18,19,Accepted
3687,2917,2025-02-26,20,Accepted
3688,2918,2025-03-08,207,Accepted
3689,2919,2024-08-30,325,Accepted
3690,2920,2024-09-13,162,Accepted
3691,2920,2024-09-19,162,Accepted
3692,2921,2024-12-01,25,Partial
3693,2922,2024-03-11,321,Rejected
3694,2923,2025-06-19,22,Accepted
3695,2924,2025-04-24,406,Accepted
3696,2925,2024-09-07,331,Partial
3697,2926,2024-10-20,265,Rejected
3698,2927,2024-08-30,287,Accepted
3699,2928,2025-06-02,55,Partial
3700,2929,2025-08-06,110,Accepted
3701,2929,2025-08-04,110,Accepted
3702,2930,2024-04-25,473,Accepted
3703,2931,2024-12-09,439,Accepted
3704,2932,2024-01-17,274,Accepted
3705,2933,2024-12-18,182,Rejected
3706,2934,2024-08-03,179,Rejected
3707,2934,2024-08-07,179,Accepted
3708,2935,2024-10-17,434,Accepted
3709,2936,2024-12-29,151,Rejected
3710,2937,2024-10-10,432,Rejected
3711,2938,2024-11-17,17,Partial
3712,2939,2025-08-17,179,Accepted
3713,2940,2025-08-29,464,Accepted
3714,2941,2024-01-20,158,Accepted
3715,2942,2024-11-28,163,Accepted
3716,2943,2025-10-02,95,Accepted
3717,2944,2025-02-12,481,Accepted
3718,2945,2024-07-13,93,Rejected
3719,2946,2025-04-12,217,Rejected
3720,2946,2025-04-23,218,Accepted
3721,2947,2024-05-23,60,Partial
3722,2947,2024-05-07,60,Partial
3723,2948,2024-03-02,97,Accepted
3724,2949,2025-06-04,361,Rejected
3725,2950,2025-02-12,412,Accepted
3726,2951,2025-07-23,446,Accepted
3727,2952,2024-10-23,223,Accepted
3728,2953,2025-09-30,430,Rejected
3729,2954,2024-12-29,441,Rejected
3730,2955,2025-07-25,404,Accepted
3731,2956,2024-04-23,407,Rejected
3732,2957,2024-05-01,445,Rejected
3733,2958,2025-08-26,316,Accepted
3734,2959,2025-09-19,200,Partial
3735,2959,2025-09-10,200,Partial
3736,2960,2025-12-30,320,Rejected
3737,2961,2024-09-24,34,Accepted
3738,2961,2024-10-04,34,Rejected
3739,2962,2024-03-09,114,Accepted
3740,2963,2026-01-16,452,Partial
3741,2964,2025-04-13,128,Accepted
3742,2965,2024-07-07,329,Accepted
3743,2966,2025-08-29,208,Accepted
3744,2966,2025-09-01,209,Partial
3745,2967,2025-11-17,11,Accepted
3746,2967,2025-11-27,12,Accepted
3747,2968,2024-09-07,226,Partial
3748,2969,2025-08-09,109,Rejected
3749,2970,2025-09-04,50,Accepted
3750,2970,2025-09-19,50,Accepted
3751,2971,2025-01-21,254,Partial
3752,2972,2025-05-17,17,Rejected
3753,2972,2025-05-16,17,Partial
3754,2973,2024-08-13,157,Accepted
3755,2973,2024-08-11,157,Accepted
3756,2974,2025-11-18,50,Accepted
3757,2975,2026-01-26,285,Partial
3758,2976,2026-01-17,141,Partial
3759,2976,2026-01-09,142,Rejected
3760,2977,2025-07-17,318,Partial
3761,2978,2024-03-01,32,Partial
3762,2978,2024-03-16,32,Accepted
3763,2978,2024-03-30,32,Accepted
3764,2979,2024-10-19,328,Rejected
3765,2980,2024-12-22,169,Accepted
3766,2980,2024-12-30,169,Rejected
3767,2981,2026-01-20,326,Accepted
3768,2982,2025-02-16,235,Accepted
3769,2983,2025-02-22,118,Rejected
3770,2983,2025-02-21,119,Accepted
3771,2984,2024-05-18,128,Accepted
3772,2985,2025-09-04,146,Accepted
3773,2986,2024-09-21,83,Partial
3774,2987,2024-04-25,316,Partial
3775,2988,2026-01-22,202,Partial
3776,2989,2024-06-08,42,Partial
3777,2989,2024-06-03,42,Accepted
3778,2989,2024-06-24,43,Accepted
3779,2990,2024-02-01,231,Accepted
3780,2991,2024-03-29,100,Accepted
3781,2992,2025-01-06,171,Partial
3782,2993,2024-04-17,388,Partial
3783,2994,2025-10-19,258,Accepted
3784,2995,2025-02-14,191,Accepted
3785,2996,2024-10-10,5,Rejected
3786,2996,2024-10-17,5,Partial
3787,2996,2024-10-03,7,Accepted
3788,2997,2024-01-14,203,Accepted
3789,2997,2024-01-14,203,Partial
3790,2998,2025-01-15,224,Accepted
3791,2999,2024-05-09,106,Rejected
3792,3000,2026-01-07,418,Accepted
