invoice_id,po_id,invoice_date,price_charged,invoice_amount,payment_date,payment_amount,installment_number
1,1,2024-06-04,166.56,60794.4,2024-07-24,60794.4,1
2,2,2025-01-30,296.73,64390.41,2025-03-31,64390.41,1
3,3,2026-02-04,69.42,30614.22,2026-02-25,30614.22,1
4,4,2025-04-02,307.39,131870.31,2025-05-04,131870.31,1
5,5,2025-07-24,495.28,25011.64,2025-08-15,25011.64,1
6,5,2025-07-31,495.28,25011.64,2025-09-21,25011.64,2
7,6,2025-02-14,366.1,125572.3,2025-03-19,125572.3,1
8,7,2024-02-25,76.17,7845.51,2024-03-20,7845.51,1
9,7,2024-03-06,76.17,7845.51,2024-03-29,7845.51,2
10,8,2024-03-30,73.84,4356.56,2024-05-06,4356.56,1
11,9,2024-08-19,331.23,123548.79,2024-10-06,123548.79,1
12,10,2024-07-09,141.38,48351.96,2024-09-08,48351.96,1
13,11,2025-11-06,189.63,22755.6,2026-01-16,22755.6,1
14,12,2025-10-15,37.42,6623.34,2025-12-08,6623.34,1
15,13,2025-10-16,6.2,1426.0,2025-12-22,1426.0,1
16,14,2025-05-08,743.67,21566.43,2025-05-22,21566.43,1
17,15,2025-03-26,70.41,1830.66,2025-05-03,1830.66,1
18,16,2025-05-21,23.76,4704.48,2025-07-03,4704.48,1
19,17,2024-11-04,5.46,655.2,2024-12-28,655.2,1
20,18,2025-06-17,52.46,1678.72,2025-07-31,1678.72,1
21,19,2025-08-28,138.87,26663.04,2025-10-07,26663.04,1
22,19,2025-09-14,138.87,26663.04,2025-09-24,26663.04,2
23,20,2025-08-19,156.67,56244.53,2025-09-22,56244.53,1
24,21,2025-05-15,674.21,335082.37,2025-06-13,335082.37,1
25,22,2024-02-19,461.1,152667.74,2024-04-04,152667.74,1
26,23,2025-07-14,600.17,34209.69,2025-08-01,34209.69,1
27,24,2024-10-22,15.47,3650.92,2024-11-23,3650.92,1
28,24,2024-10-23,15.47,3650.92,2024-11-22,3650.92,1
29,25,2025-08-07,934.22,132659.24,2025-10-01,132659.24,1
30,26,2025-03-20,32.73,572.78,2025-04-21,572.78,1
31,26,2025-04-02,32.73,572.78,2025-05-17,572.78,2
32,27,2025-11-08,146.94,56571.9,2025-11-26,56571.9,1
33,28,2024-11-12,333.61,46345.5,2024-12-24,46345.5,1
34,29,2026-01-02,144.59,13215.02,2026-02-28,13215.02,1
35,30,2025-11-12,29.78,4705.24,2025-12-27,4705.24,1
36,31,2024-10-12,267.52,52701.44,2024-11-14,52701.44,1
37,32,2025-02-05,688.43,5507.44,2025-04-06,5507.44,1
38,32,2025-02-21,688.43,5507.44,2025-04-16,5507.44,2
39,33,2025-03-07,48.21,3278.28,2025-04-05,3278.28,1
40,34,2025-08-19,5.74,964.32,2025-10-24,964.32,1
41,35,2025-06-17,43.49,15612.91,2025-08-18,15612.91,1
42,36,2025-10-03,7.24,1781.04,2025-10-28,1781.04,1
43,37,2024-11-10,55.82,18420.6,2024-11-29,18420.6,1
44,38,2025-02-15,27.77,5915.01,2025-03-04,5915.01,1
45,39,2024-12-02,5.82,2066.1,2025-02-04,2066.1,1
46,40,2025-11-19,330.26,98417.48,2025-12-06,98417.48,1
47,41,2024-09-28,121.15,53184.85,2024-10-23,53184.85,1
48,42,2025-04-10,126.87,34635.51,2025-05-15,34635.51,1
49,42,2025-04-11,126.87,34635.51,2025-05-11,34635.51,1
50,43,2024-04-30,321.24,107615.4,2024-06-29,107615.4,1
51,44,2025-10-04,452.29,90458.0,2025-10-15,90458.0,1
52,45,2024-11-10,285.07,43330.64,2024-11-27,43330.64,1
53,46,2024-10-31,85.46,34196.16,2025-01-13,34196.16,1
54,47,2025-05-01,76.57,30781.14,2025-06-12,30781.14,1
55,48,2025-02-13,35.81,13536.18,2025-03-31,13536.18,1
56,49,2025-10-31,43.01,19956.64,2025-12-21,19956.64,1
57,50,2025-02-03,320.91,8664.57,2025-04-04,8664.57,1
58,51,2025-03-08,33.95,11101.65,2025-05-03,11101.65,1
59,52,2024-05-06,11.66,1877.26,2024-06-12,1877.26,1
60,53,2024-02-16,303.21,32443.47,2024-03-17,32443.47,1
61,54,2024-11-18,58.9,6773.5,2024-12-23,6773.5,1
62,55,2026-02-19,129.52,2007.56,2026-02-23,2007.56,1
63,55,2026-03-10,129.52,2007.56,2026-04-12,2007.56,2
64,56,2025-12-17,108.85,12300.05,2026-02-23,12300.05,1
65,57,2025-05-07,24.03,4745.92,2025-06-21,4745.92,1
66,57,2025-05-19,24.03,4745.92,2025-07-12,4745.92,2
67,58,2025-06-07,11.92,4946.8,2025-07-24,4946.8,1
68,59,2024-11-04,37.88,5682.0,2024-11-29,5682.0,1
69,60,2024-06-20,1435.9,605949.8,2024-07-20,605949.8,1
70,61,2024-01-25,426.22,63308.34,2024-02-17,63308.34,1
71,62,2024-10-01,75.11,21857.01,2024-11-14,21857.01,1
72,63,2024-09-20,61.63,4745.51,2024-11-06,4745.51,1
73,64,2024-06-29,152.79,29182.89,2024-07-17,29182.89,1
74,65,2024-07-31,67.2,17673.6,2024-08-29,17673.6,1
75,66,2024-03-24,384.61,166151.52,2024-05-02,166151.52,1
76,67,2025-05-06,686.0,25382.0,2025-06-13,25382.0,1
77,68,2025-11-26,149.89,59806.11,2025-12-13,59806.11,1
78,69,2025-07-06,309.6,25696.8,2025-08-02,25696.8,1
79,70,2024-12-07,586.75,260517.0,2025-01-05,260517.0,1
80,71,2024-12-09,64.78,2591.2,2025-02-05,2591.2,1
81,72,2024-09-13,28.2,9898.2,2024-09-30,9898.2,1
82,73,2024-06-16,789.36,344950.32,2024-07-18,344950.32,1
83,74,2025-05-20,868.62,184581.75,2025-07-19,184581.75,1
84,74,2025-06-04,868.62,184581.75,2025-07-13,184581.75,2
85,75,2025-03-24,61.62,30378.66,2025-05-25,30378.66,1
86,76,2024-01-29,6.03,2291.4,2024-03-21,2291.4,1
87,77,2024-12-30,467.14,226562.9,2025-03-01,226562.9,1
88,78,2024-09-08,134.75,40694.5,2024-10-22,40694.5,1
89,79,2024-06-16,299.6,121038.4,2024-07-12,121038.4,1
90,80,2025-07-04,318.15,148257.9,2025-07-31,148257.9,1
91,81,2025-02-26,25.08,6219.84,2025-04-20,6219.84,1
92,82,2025-05-14,301.41,12960.63,2025-07-06,12960.63,1
93,83,2025-07-30,24.36,10571.4,2025-08-25,10571.4,1
94,84,2026-01-05,5.94,219.78,2026-03-12,219.78,1
95,85,2025-10-01,6.64,2397.04,2025-11-22,2397.04,1
96,86,2025-06-07,32.97,1285.83,2025-08-04,1285.83,1
97,87,2025-11-14,40.2,10009.8,2025-12-26,10009.8,1
98,87,2025-11-23,40.2,10009.8,2026-01-07,10009.8,2
99,88,2025-01-25,17.77,7463.4,2025-02-04,7463.4,1
100,89,2026-02-05,751.86,222550.56,2026-03-30,222550.56,1
101,90,2025-09-01,35.8,14355.8,2025-10-17,14355.8,1
102,91,2025-05-18,138.6,9909.9,2025-07-01,9909.9,1
103,91,2025-06-01,138.6,9909.9,2025-07-23,9909.9,2
104,92,2025-11-16,339.25,32693.4,2025-12-24,32693.4,1
105,92,2025-12-08,339.25,32693.4,2026-01-25,32693.4,2
106,93,2025-03-04,147.16,70636.8,2025-04-01,70636.8,1
107,94,2025-07-03,33.78,6147.96,2025-07-04,6147.96,1
108,94,2025-07-14,33.78,6147.96,2025-08-16,6147.96,2
109,95,2024-09-02,86.39,3455.6,2024-09-28,3455.6,1
110,95,2024-09-18,86.39,3455.6,2024-10-18,3455.6,2
111,96,2026-01-23,243.27,125081.16,2026-03-13,125081.16,1
112,97,2025-05-14,468.53,92300.41,2025-06-15,92300.41,1
113,98,2025-09-06,81.04,36549.04,2025-09-24,36549.04,1
114,99,2025-01-12,37.67,16650.14,2025-02-12,16650.14,1
115,100,2025-10-29,909.11,115456.97,2025-12-14,115456.97,1
116,100,2025-11-21,909.11,115456.97,2025-12-15,115456.97,2
117,101,2024-04-18,138.32,49795.2,2024-05-26,49795.2,1
118,102,2024-05-14,19.27,712.99,2024-07-25,712.99,1
119,103,2025-03-07,67.56,4594.08,2025-04-08,4594.08,1
120,104,2025-07-21,67.27,672.7,2025-10-08,672.7,1
121,104,2025-08-05,67.27,672.7,2025-10-03,672.7,2
122,105,2025-09-08,62.94,17557.54,2025-10-03,17557.54,1
123,106,2024-12-06,87.44,42058.64,2024-12-29,42058.64,1
124,107,2025-05-27,61.53,16797.69,2025-06-21,16797.69,1
125,108,2025-03-14,12.24,5862.96,2025-04-27,5862.96,1
126,109,2025-12-27,1323.9,268089.75,2026-02-20,268089.75,1
127,109,2026-01-04,1323.9,268089.75,2026-03-26,268089.75,2
128,110,2025-06-19,129.55,17100.6,2025-08-04,17100.6,1
129,111,2024-11-21,301.1,93642.1,2024-12-19,93642.1,1
130,112,2025-12-25,415.87,135157.75,2026-01-19,135157.75,1
131,113,2024-04-10,24.76,1559.88,2024-05-22,1559.88,1
132,113,2024-04-30,24.76,1559.88,2024-06-11,1559.88,2
133,114,2026-01-23,81.05,27719.1,2026-02-04,27719.1,1
134,115,2024-05-24,1497.82,363970.26,2024-06-26,363970.26,1
135,116,2024-08-18,158.46,2693.82,2024-09-21,2693.82,1
136,117,2025-09-30,65.03,5657.61,2025-10-31,5657.61,1
137,118,2025-07-07,152.96,70820.48,2025-08-14,70820.48,1
138,119,2026-01-18,306.25,55737.5,2026-02-09,55737.5,1
139,120,2025-08-07,42.26,4564.08,2025-09-15,4564.08,1
140,121,2025-05-16,143.33,47155.57,2025-06-20,47155.57,1
141,122,2024-10-17,193.92,5138.88,2024-11-06,5138.88,1
142,122,2024-10-31,193.92,5138.88,2024-12-13,5138.88,2
143,123,2024-02-18,259.34,87397.58,2024-04-14,87397.58,1
144,124,2024-04-28,16.19,1295.2,2024-06-22,1295.2,1
145,125,2024-08-20,26.65,4850.3,2024-10-06,4850.3,1
146,126,2024-02-24,341.82,48538.44,2024-03-29,48538.44,1
147,127,2025-02-21,339.86,155316.02,2025-04-30,155316.02,1
148,128,2025-08-22,142.23,66279.18,2025-09-20,66279.18,1
149,129,2026-01-11,107.88,19094.76,2026-02-09,19094.76,1
150,130,2025-02-06,66.74,27897.32,2025-02-22,27897.32,1
151,131,2025-10-19,25.94,1660.16,2025-11-28,1660.16,1
152,131,2025-11-11,25.94,1660.16,2025-12-30,1660.16,2
153,132,2026-02-15,125.68,26015.76,2026-04-07,26015.76,1
154,132,2026-02-26,125.68,26015.76,2026-04-12,26015.76,2
155,133,2025-11-09,5.62,2478.42,2025-12-23,2478.42,1
156,134,2025-02-05,395.81,8312.01,2025-04-04,8312.01,1
157,134,2025-02-15,395.81,8312.01,2025-04-27,8312.01,2
158,135,2024-10-02,341.06,14324.52,2024-11-09,14324.52,1
159,136,2026-01-11,5.58,1523.34,2026-03-21,1523.34,1
160,137,2024-08-07,152.17,69541.69,2024-09-08,69541.69,1
161,138,2024-11-20,54.13,24250.24,2025-01-16,24250.24,1
162,139,2024-03-23,178.04,55192.4,2024-05-15,55192.4,1
163,140,2025-09-13,247.11,29432.04,2025-11-06,29432.04,1
164,141,2025-05-24,49.43,2076.06,2025-06-19,2076.06,1
165,142,2024-03-28,5.69,1678.55,2024-05-17,1678.55,1
166,143,2024-08-08,720.71,67026.03,2024-09-18,67026.03,1
167,144,2025-03-14,305.41,11910.99,2025-04-18,11910.99,1
168,145,2025-04-02,337.97,93279.72,2025-04-23,93279.72,1
169,146,2025-09-20,582.74,157922.54,2025-10-12,157922.54,1
170,147,2024-07-27,245.33,55013.02,2024-10-02,55013.02,1
171,148,2025-12-13,37.66,15139.32,2026-01-15,15139.32,1
172,149,2025-01-16,10.47,5036.07,2025-03-09,5036.07,1
173,150,2025-10-02,22.49,6342.18,2025-11-25,6342.18,1
174,151,2024-08-13,41.31,8716.41,2024-09-03,8716.41,1
175,152,2024-03-05,84.76,7458.88,2024-03-18,7458.88,1
176,153,2024-03-19,84.38,8944.28,2024-05-04,8944.28,1
177,154,2024-11-21,43.64,4276.72,2025-01-15,4276.72,1
178,155,2025-12-15,326.43,25624.76,2026-02-20,25624.76,1
179,155,2025-12-31,326.43,25624.76,2026-03-14,25624.76,2
180,156,2024-03-05,6.42,1553.64,2024-04-23,1553.64,1
181,156,2024-03-08,6.42,1553.64,2024-05-07,1553.64,1
182,157,2024-10-07,270.88,128126.24,2024-10-22,128126.24,1
183,158,2024-05-03,70.02,30948.84,2024-06-24,30948.84,1
184,159,2026-01-01,971.59,278846.33,2026-01-31,278846.33,1
185,160,2025-06-30,31.6,5182.4,2025-08-03,5182.4,1
186,161,2025-07-20,6.04,1026.8,2025-09-03,1026.8,1
187,161,2025-08-07,6.04,1026.8,2025-10-14,1026.8,2
188,162,2025-07-07,54.28,21766.28,2025-08-22,21766.28,1
189,163,2025-06-13,6.4,1171.2,2025-08-02,1171.2,1
190,164,2025-08-25,96.81,23524.83,2025-10-06,23524.83,1
191,165,2024-02-11,33.8,3920.8,2024-03-12,3920.8,1
192,166,2025-10-28,12.48,5840.64,2025-12-21,5840.64,1
193,167,2025-07-17,134.98,50212.56,2025-08-18,50212.56,1
194,168,2025-07-25,82.65,35208.9,2025-08-31,35208.9,1
195,169,2024-12-09,328.79,2363.69,2025-01-22,2363.69,1
196,169,2024-12-23,328.79,2363.69,2025-02-26,2363.69,2
197,170,2025-09-14,792.42,102222.18,2025-11-11,102222.18,1
198,171,2024-11-09,43.38,1388.16,2024-12-14,1388.16,1
199,172,2024-02-14,1173.4,285136.2,2024-02-28,285136.2,1
200,173,2025-11-27,22.21,10261.02,2025-12-26,10261.02,1
201,174,2024-08-09,52.98,25324.44,2024-09-08,25324.44,1
202,175,2024-04-14,31.56,3692.52,2024-05-28,3692.52,1
203,176,2025-05-06,177.5,36742.5,2025-06-07,36742.5,1
204,176,2025-05-20,177.5,36742.5,2025-06-22,36742.5,2
205,177,2024-07-21,308.39,43791.38,2024-09-11,43791.38,1
206,178,2025-10-20,138.9,38336.4,2025-12-25,38336.4,1
207,179,2025-01-03,752.54,92562.42,2025-02-01,92562.42,1
208,180,2024-02-12,21.96,3184.2,2024-03-16,3184.2,1
209,181,2025-12-18,26.02,12229.4,2026-02-07,12229.4,1
210,182,2025-02-28,122.41,59980.9,2025-05-09,59980.9,1
211,183,2024-09-03,140.32,29888.16,2024-10-15,29888.16,1
212,184,2025-07-07,6.16,733.04,2025-08-07,733.04,1
213,185,2025-02-28,136.04,8978.64,2025-04-27,8978.64,1
214,185,2025-03-12,136.04,8978.64,2025-04-22,8978.64,2
215,186,2024-03-01,5.85,1205.1,2024-05-07,1205.1,1
216,187,2025-07-25,155.81,25552.84,2025-08-17,25552.84,1
217,188,2024-11-11,36.91,775.11,2024-12-11,775.11,1
218,189,2025-06-20,55.31,24447.02,2025-07-24,24447.02,1
219,190,2025-12-03,707.3,37486.9,2025-12-30,37486.9,1
220,191,2025-04-17,55.87,3910.9,2025-06-21,3910.9,1
221,192,2025-06-17,89.12,8689.2,2025-07-22,8689.2,1
222,192,2025-07-03,89.12,8689.2,2025-07-31,8689.2,2
223,193,2024-08-19,63.74,12875.48,2024-09-27,12875.48,1
224,194,2024-07-16,259.94,88379.6,2024-09-15,88379.6,1
225,195,2024-12-15,41.61,1081.86,2025-01-08,1081.86,1
226,196,2025-10-15,5.31,366.39,2025-12-16,366.39,1
227,197,2025-03-15,78.83,16633.13,2025-04-14,16633.13,1
228,198,2024-10-19,74.28,8245.08,2024-12-20,8245.08,1
229,199,2025-08-22,157.49,58428.79,2025-09-21,58428.79,1
230,200,2025-09-26,229.81,113296.33,2025-10-09,113296.33,1
231,201,2025-11-27,5.77,2157.98,2026-02-07,2157.98,1
232,202,2024-10-02,15.82,7356.3,2024-12-09,7356.3,1
233,203,2025-07-17,67.02,7104.12,2025-08-31,7104.12,1
234,204,2025-04-14,140.72,64309.04,2025-05-10,64309.04,1
235,205,2025-01-07,31.98,2078.7,2025-01-25,2078.7,1
236,206,2024-11-03,149.46,21746.43,2024-11-21,21746.43,1
237,206,2024-11-13,149.46,21746.43,2024-12-01,21746.43,2
238,207,2024-04-12,80.69,11135.22,2024-05-16,11135.22,1
239,208,2024-08-31,27.74,4951.59,2024-10-30,4951.59,1
240,208,2024-09-13,27.74,4951.59,2024-11-15,4951.59,2
241,209,2025-03-05,941.05,351952.7,2025-04-17,351952.7,1
242,210,2025-11-10,333.39,84347.67,2025-12-06,84347.67,1
243,211,2025-10-29,131.59,52241.23,2025-12-12,52241.23,1
244,212,2024-06-27,17.91,608.94,2024-08-05,608.94,1
245,213,2025-06-20,97.42,36824.76,2025-07-24,36824.76,1
246,214,2024-03-31,54.73,19443.75,2024-05-05,19443.75,1
247,215,2025-05-22,12.23,2103.56,2025-06-12,2103.56,1
248,216,2024-10-24,310.76,119021.08,2024-12-02,119021.08,1
249,217,2025-02-02,25.79,3378.49,2025-03-12,3378.49,1
250,218,2025-07-28,38.18,7120.57,2025-09-14,7120.57,1
251,218,2025-08-06,38.18,7120.57,2025-09-06,7120.57,2
252,219,2024-12-25,16.19,1279.01,2025-01-22,1279.01,1
253,220,2025-10-08,26.34,5136.3,2025-11-21,5136.3,1
254,221,2025-03-03,5.65,234.48,2025-03-21,234.48,1
255,221,2025-03-17,5.65,234.48,2025-04-21,234.48,2
256,222,2026-02-03,67.47,19701.24,2026-03-05,19701.24,1
257,223,2025-05-21,373.06,85430.74,2025-06-16,85430.74,1
258,224,2024-09-20,63.26,21698.18,2024-09-29,21698.18,1
259,225,2025-09-08,349.02,7678.44,2025-10-09,7678.44,1
260,226,2024-12-01,38.08,3198.72,2024-12-31,3198.72,1
261,227,2025-03-10,73.72,5676.44,2025-04-20,5676.44,1
262,228,2024-06-02,151.12,31735.2,2024-07-13,31735.2,1
263,229,2024-04-10,321.18,86718.6,2024-05-13,86718.6,1
264,230,2025-04-21,280.41,2103.07,2025-05-07,2103.07,1
265,230,2025-05-12,280.41,2103.07,2025-06-03,2103.07,2
266,231,2024-07-06,22.59,3117.8,2024-09-17,3117.8,1
267,232,2026-02-11,789.15,324340.65,2026-03-24,324340.65,1
268,233,2025-10-21,48.03,19260.03,2025-12-11,19260.03,1
269,234,2025-07-15,315.71,63457.71,2025-09-18,63457.71,1
270,235,2025-08-02,517.9,81051.35,2025-10-14,81051.35,1
271,235,2025-08-17,517.9,81051.35,2025-10-01,81051.35,2
272,236,2025-04-09,313.78,150614.4,2025-05-11,150614.4,1
273,237,2024-04-06,140.14,45685.64,2024-04-07,45685.64,1
274,237,2024-04-07,140.14,45685.64,2024-05-07,45685.64,1
275,238,2024-10-26,391.29,75910.26,2024-11-25,75910.26,1
276,239,2025-01-14,14.17,1246.96,2025-03-04,1246.96,1
277,240,2025-12-15,121.96,20977.12,2026-01-04,20977.12,1
278,241,2024-07-21,76.3,10987.2,2024-09-12,10987.2,1
279,242,2025-02-17,18.82,1336.22,2025-03-15,1336.22,1
280,243,2024-09-28,251.84,91417.92,2024-10-02,91417.92,1
281,244,2024-05-21,12.49,349.72,2024-05-23,349.72,1
282,245,2024-04-08,171.36,3512.88,2024-05-23,3512.88,1
283,245,2024-04-25,171.36,3512.88,2024-06-29,3512.88,2
284,246,2024-11-14,28.15,2308.3,2024-12-30,2308.3,1
285,247,2024-04-14,405.48,74202.84,2024-05-07,74202.84,1
286,248,2024-03-09,48.63,2139.72,2024-04-23,2139.72,1
287,249,2024-10-19,17.14,8415.74,2024-12-13,8415.74,1
288,250,2024-07-01,310.08,12713.28,2024-07-31,12713.28,1
289,251,2025-03-28,122.59,37512.54,2025-05-22,37512.54,1
290,252,2024-03-06,641.95,315839.4,2024-04-26,315839.4,1
291,253,2024-09-17,215.15,2581.8,2024-11-02,2581.8,1
292,254,2025-01-12,294.18,60895.26,2025-02-05,60895.26,1
293,254,2025-01-25,294.18,60895.26,2025-03-21,60895.26,2
294,255,2026-01-09,64.42,5218.02,2026-01-31,5218.02,1
295,256,2025-04-27,46.51,14278.57,2025-06-21,14278.57,1
296,257,2025-11-15,69.24,13848.0,2025-12-29,13848.0,1
297,258,2024-10-19,31.34,14604.44,2024-12-10,14604.44,1
298,259,2025-01-16,73.21,24012.88,2025-03-11,24012.88,1
299,260,2024-12-07,128.95,14571.35,2025-01-02,14571.35,1
300,261,2025-12-09,131.57,52233.29,2026-01-18,52233.29,1
301,262,2026-01-09,49.75,9104.25,2026-02-12,9104.25,1
302,263,2026-01-07,121.95,17523.67,2026-02-04,17523.67,1
303,263,2026-01-18,121.95,17523.67,2026-02-09,17523.67,2
304,264,2025-08-04,113.57,44973.72,2025-09-06,44973.72,1
305,265,2025-01-26,335.9,82631.4,2025-03-28,82631.4,1
306,266,2025-02-23,678.19,39335.02,2025-04-22,39335.02,1
307,267,2026-01-26,169.01,10816.64,2026-02-19,10816.64,1
308,267,2026-02-12,169.01,10816.64,2026-03-16,10816.64,2
309,268,2024-09-12,63.65,22850.35,2024-10-12,22850.35,1
310,269,2024-10-19,44.84,4013.18,2024-11-20,4013.18,1
311,269,2024-11-02,44.84,4013.18,2024-11-18,4013.18,2
312,270,2025-12-07,875.23,227559.8,2026-01-16,227559.8,1
313,271,2024-10-20,15.29,2217.05,2024-11-15,2217.05,1
314,272,2024-07-20,6.23,193.13,2024-09-10,193.13,1
315,273,2025-03-14,62.03,7536.64,2025-04-09,7536.64,1
316,273,2025-03-31,62.03,7536.64,2025-04-30,7536.64,2
317,274,2024-10-09,67.77,6031.53,2024-11-06,6031.53,1
318,274,2024-10-27,67.77,6031.53,2024-11-30,6031.53,2
319,275,2025-11-04,12.75,4131.0,2025-12-01,4131.0,1
320,276,2025-11-19,58.85,12593.9,2025-12-16,12593.9,1
321,277,2024-09-15,327.97,8527.22,2024-11-14,8527.22,1
322,278,2025-03-05,127.76,3066.24,2025-04-25,3066.24,1
323,279,2026-01-27,55.98,10188.36,2026-03-04,10188.36,1
324,280,2025-07-07,155.09,37454.24,2025-08-15,37454.24,1
325,280,2025-07-24,155.09,37454.24,2025-08-23,37454.24,2
326,281,2024-07-10,12.18,267.96,2024-08-03,267.96,1
327,282,2025-05-05,51.69,2636.19,2025-06-18,2636.19,1
328,283,2025-05-14,1233.07,373620.21,2025-07-21,373620.21,1
329,284,2025-06-01,351.36,138787.2,2025-07-15,138787.2,1
330,285,2024-03-18,146.29,8631.11,2024-04-28,8631.11,1
331,286,2024-09-29,11.19,3983.64,2024-10-31,3983.64,1
332,287,2025-10-29,367.84,9959.67,2025-12-23,9959.67,1
333,287,2025-11-15,367.84,9959.67,2026-01-17,9959.67,2
334,288,2024-08-02,110.04,7922.88,2024-09-10,7922.88,1
335,288,2024-08-15,110.04,7922.88,2024-09-14,7922.88,2
336,289,2024-09-07,152.13,40618.71,2024-10-24,40618.71,1
337,290,2024-09-10,45.7,8523.05,2024-10-02,8523.05,1
338,290,2024-09-28,45.7,8523.05,2024-10-28,8523.05,2
339,291,2024-06-16,216.57,50027.67,2024-07-09,50027.67,1
340,292,2024-06-21,12.73,2176.83,2024-07-29,2176.83,1
341,293,2024-10-12,318.13,54400.23,2024-11-25,54400.23,1
342,294,2025-11-05,136.41,39013.26,2025-12-07,39013.26,1
343,295,2024-02-06,13.41,1984.68,2024-03-12,1984.68,1
344,295,2024-02-17,13.41,1984.68,2024-04-10,1984.68,2
345,296,2024-09-05,26.32,4500.72,2024-10-26,4500.72,1
346,297,2024-04-03,795.53,21479.31,2024-05-22,21479.31,1
347,298,2025-04-11,10.97,2380.49,2025-05-16,2380.49,1
348,299,2024-08-09,336.62,160567.74,2024-10-25,160567.74,1
349,300,2025-09-03,210.62,55393.06,2025-09-24,55393.06,1
350,301,2025-04-19,5.74,1526.84,2025-06-18,1526.84,1
351,302,2025-08-30,150.27,36590.75,2025-09-29,36590.75,1
352,302,2025-09-06,150.27,36590.75,2025-09-10,36590.75,2
353,303,2025-04-27,383.64,132193.4,2025-05-28,132193.4,1
354,304,2024-12-11,272.62,73062.16,2025-01-15,73062.16,1
355,305,2025-11-01,23.68,10134.72,2026-01-04,10134.72,1
356,306,2025-01-08,21.84,8648.64,2025-04-16,8648.64,1
357,307,2026-01-08,1181.71,184346.76,2026-02-18,184346.76,1
358,308,2026-01-28,24.45,1002.45,2026-02-03,1002.45,1
359,309,2025-04-08,28.35,5868.45,2025-05-12,5868.45,1
360,310,2025-06-28,121.32,42340.68,2025-09-20,42340.68,1
361,311,2024-08-29,279.39,63980.31,2024-10-08,63980.31,1
362,312,2025-09-25,1473.66,334520.82,2025-10-14,334520.82,1
363,313,2025-06-29,286.36,29208.72,2025-08-19,29208.72,1
364,314,2025-11-12,353.25,3532.5,2025-12-30,3532.5,1
365,314,2025-11-28,353.25,3532.5,2026-02-05,3532.5,2
366,315,2024-08-21,25.67,718.76,2024-10-05,718.76,1
367,316,2025-08-17,747.19,369859.05,2025-09-26,369859.05,1
368,317,2025-01-07,24.96,1198.08,2025-01-31,1198.08,1
369,318,2024-07-01,121.08,18283.08,2024-07-31,18283.08,1
370,319,2024-05-28,269.71,42344.47,2024-06-26,42344.47,1
371,320,2025-03-26,12.25,4875.5,2025-05-25,4875.5,1
372,321,2024-10-09,52.37,21733.55,2024-11-20,21733.55,1
373,322,2024-04-18,43.7,9876.2,2024-05-18,9876.2,1
374,323,2024-12-30,941.01,100688.07,2025-01-14,100688.07,1
375,324,2025-06-04,40.81,10365.74,2025-07-18,10365.74,1
376,325,2024-10-10,160.16,30430.4,2024-11-30,30430.4,1
377,326,2026-01-12,335.12,58981.12,2026-03-23,58981.12,1
378,327,2025-08-31,64.07,640.7,2025-11-05,640.7,1
379,328,2025-02-13,80.72,8879.2,2025-04-06,8879.2,1
380,328,2025-03-01,80.72,8879.2,2025-05-11,8879.2,2
381,329,2025-12-21,6.8,2420.8,2026-02-22,2420.8,1
382,330,2024-12-28,323.76,123028.8,2025-03-14,123028.8,1
383,331,2024-05-26,294.94,113551.9,2024-08-06,113551.9,1
384,332,2024-03-03,5.27,1032.92,2024-04-23,1032.92,1
385,333,2025-12-13,406.49,79265.55,2026-01-14,79265.55,1
386,334,2025-12-26,137.78,33342.76,2026-01-15,33342.76,1
387,335,2025-07-30,243.77,87359.06,2025-08-25,87359.06,1
388,336,2024-04-26,6.61,912.18,2024-07-09,912.18,1
389,336,2024-05-10,6.61,912.18,2024-08-01,912.18,2
390,337,2024-09-02,311.4,67262.4,2024-11-05,67262.4,1
391,338,2024-03-18,6.67,2888.11,2024-05-19,2888.11,1
392,339,2024-03-12,90.81,13893.93,2024-04-20,13893.93,1
393,340,2024-07-26,155.86,49095.9,2024-08-30,49095.9,1
394,341,2025-04-25,41.26,4126.0,2025-06-23,4126.0,1
395,342,2024-03-09,32.76,8058.96,2024-04-06,8058.96,1
396,343,2026-02-21,33.36,2602.08,2026-05-02,2602.08,1
397,344,2025-01-16,58.21,2270.19,2025-02-21,2270.19,1
398,344,2025-01-31,58.21,2270.19,2025-02-24,2270.19,2
399,345,2024-08-20,693.18,219044.88,2024-09-24,219044.88,1
400,346,2025-03-12,81.51,36679.5,2025-04-20,36679.5,1
401,347,2025-08-30,163.83,25065.99,2025-10-20,25065.99,1
402,348,2024-09-18,6.52,899.76,2024-11-12,899.76,1
403,349,2024-04-03,11.72,1898.64,2024-05-20,1898.64,1
404,350,2024-03-05,10.47,1334.92,2024-04-24,1334.92,1
405,350,2024-03-17,10.47,1334.92,2024-04-12,1334.92,2
406,351,2025-10-07,291.42,23313.6,2025-12-06,23313.6,1
407,352,2024-04-13,441.96,116235.48,2024-04-29,116235.48,1
408,353,2025-05-26,76.46,14450.94,2025-06-11,14450.94,1
409,354,2024-11-14,6.63,861.9,2024-12-22,861.9,1
410,355,2025-08-27,6.12,869.04,2025-10-02,869.04,1
411,355,2025-09-13,6.12,869.04,2025-10-21,869.04,2
412,356,2024-03-20,163.27,17796.43,2024-04-15,17796.43,1
413,357,2025-11-26,837.98,201953.18,2025-12-26,201953.18,1
414,358,2025-07-02,813.85,164397.7,2025-08-14,164397.7,1
415,358,2025-07-11,813.85,164397.7,2025-07-27,164397.7,2
416,359,2025-01-06,654.63,217337.16,2025-02-15,217337.16,1
417,360,2024-07-03,232.14,29249.64,2024-08-23,29249.64,1
418,361,2026-01-30,288.26,32285.12,2026-04-06,32285.12,1
419,362,2024-09-26,59.11,5142.57,2024-10-31,5142.57,1
420,363,2025-01-25,5.41,593.94,2025-04-05,593.94,1
421,364,2024-11-19,5.81,624.58,2024-12-21,624.58,1
422,364,2024-12-03,5.81,624.58,2025-01-16,624.58,2
423,365,2024-08-08,119.34,11098.62,2024-09-07,11098.62,1
424,365,2024-08-18,119.34,11098.62,2024-09-26,11098.62,2
425,366,2024-12-19,329.57,130839.29,2025-02-02,130839.29,1
426,367,2024-06-07,316.51,138947.89,2024-07-21,138947.89,1
427,368,2024-02-27,272.45,67567.6,2024-04-12,67567.6,1
428,369,2024-09-29,66.63,20388.78,2024-10-17,20388.78,1
429,370,2024-05-04,134.22,7382.1,2024-06-21,7382.1,1
430,371,2024-11-26,152.74,23827.44,2024-12-27,23827.44,1
431,372,2025-10-06,151.47,19539.63,2025-12-01,19539.63,1
432,373,2024-05-25,127.32,42397.56,2024-06-19,42397.56,1
433,374,2024-02-29,426.65,185592.75,2024-04-08,185592.75,1
434,375,2024-05-26,28.49,12792.01,2024-07-08,12792.01,1
435,376,2025-02-24,78.51,18999.42,2025-03-19,18999.42,1
436,377,2024-08-26,64.04,23246.52,2024-09-03,23246.52,1
437,378,2025-02-11,142.82,50986.74,2025-03-24,50986.74,1
438,379,2024-03-09,483.7,161072.1,2024-04-21,161072.1,1
439,380,2024-09-24,90.55,10956.55,2024-11-07,10956.55,1
440,380,2024-10-11,90.55,10956.55,2024-10-26,10956.55,2
441,381,2024-12-08,297.77,69969.28,2025-02-04,69969.28,1
442,382,2024-11-30,81.36,4975.36,2024-12-25,4975.36,1
443,383,2025-02-27,237.78,102245.4,2025-03-23,102245.4,1
444,384,2025-09-09,828.58,159087.36,2025-10-12,159087.36,1
445,385,2025-01-19,287.16,35895.0,2025-02-28,35895.0,1
446,386,2025-10-06,751.94,49252.07,2025-11-05,49252.07,1
447,386,2025-10-17,751.94,49252.07,2025-10-29,49252.07,2
448,387,2025-02-08,409.7,68419.9,2025-04-15,68419.9,1
449,387,2025-02-17,409.7,68419.9,2025-04-30,68419.9,2
450,388,2024-08-25,65.3,21810.2,2024-09-17,21810.2,1
451,389,2024-07-25,91.01,2184.24,2024-08-16,2184.24,1
452,389,2024-08-13,91.01,2184.24,2024-09-11,2184.24,2
453,390,2024-10-07,68.61,10085.67,2024-10-23,10085.67,1
454,391,2025-04-05,303.26,145564.8,2025-05-19,145564.8,1
455,392,2024-07-30,884.92,306182.32,2024-10-16,306182.32,1
456,393,2025-12-01,137.14,45256.2,2026-01-22,45256.2,1
457,394,2025-01-09,26.51,1961.74,2025-03-20,1961.74,1
458,395,2025-11-03,36.19,687.61,2025-11-22,687.61,1
459,396,2025-07-15,47.48,6409.8,2025-08-18,6409.8,1
460,397,2024-10-08,46.9,1876.0,2024-10-21,1876.0,1
461,398,2024-07-10,144.85,21292.95,2024-08-15,21292.95,1
462,399,2025-08-12,13.6,843.2,2025-08-21,843.2,1
463,400,2024-10-02,18.99,1386.27,2024-11-21,1386.27,1
464,401,2024-07-28,81.26,17633.42,2024-08-07,17633.42,1
465,402,2025-12-01,64.32,3087.36,2026-01-07,3087.36,1
466,403,2025-02-02,273.56,61003.88,2025-04-11,61003.88,1
467,404,2024-03-02,303.27,93103.89,2024-04-16,93103.89,1
468,405,2025-01-30,336.43,41677.5,2025-03-07,41677.5,1
469,406,2025-01-16,130.24,26178.24,2025-02-20,26178.24,1
470,407,2025-10-07,311.78,69838.72,2025-11-05,69838.72,1
471,408,2025-07-06,56.05,24886.2,2025-08-05,24886.2,1
472,409,2024-06-05,91.32,13332.72,2024-07-11,13332.72,1
473,410,2024-05-13,11.95,2282.45,2024-06-30,2282.45,1
474,411,2025-05-27,315.45,102205.8,2025-06-30,102205.8,1
475,412,2024-02-14,89.88,36760.92,2024-03-06,36760.92,1
476,413,2024-09-16,342.83,51081.67,2024-12-13,51081.67,1
477,414,2024-05-26,6.67,2774.72,2024-07-22,2774.72,1
478,415,2024-02-17,415.59,108884.58,2024-03-23,108884.58,1
479,416,2025-11-23,113.03,3164.84,2026-01-15,3164.84,1
480,417,2024-03-25,56.55,10461.75,2024-05-13,10461.75,1
481,417,2024-04-11,56.55,10461.75,2024-05-03,10461.75,2
482,418,2024-02-07,30.64,5162.84,2024-04-03,5162.84,1
483,418,2024-02-22,30.64,5162.84,2024-04-10,5162.84,2
484,419,2026-01-09,156.95,13654.65,2026-02-20,13654.65,1
485,420,2024-07-01,320.7,89796.0,2024-09-09,89796.0,1
486,421,2025-09-10,156.88,52241.04,2025-10-03,52241.04,1
487,422,2024-02-11,295.16,42207.88,2024-03-26,42207.88,1
488,423,2024-05-28,372.59,154997.44,2024-07-17,154997.44,1
489,424,2024-05-10,36.38,10804.86,2024-07-07,10804.86,1
490,425,2025-06-12,57.99,8060.61,2025-08-07,8060.61,1
491,426,2025-05-19,6.11,168.02,2025-07-10,168.02,1
492,426,2025-06-09,6.11,168.02,2025-08-05,168.02,2
493,427,2025-01-20,636.04,195900.32,2025-03-18,195900.32,1
494,428,2024-07-26,117.26,50890.84,2024-08-20,50890.84,1
495,429,2024-04-12,11.89,5612.08,2024-04-26,5612.08,1
496,430,2025-04-19,15.69,1180.5,2025-05-25,1180.5,1
497,431,2024-07-25,143.96,38581.28,2024-09-04,38581.28,1
498,432,2025-04-05,6.07,327.78,2025-06-01,327.78,1
499,433,2025-05-25,42.66,3412.8,2025-07-03,3412.8,1
500,434,2025-10-18,68.11,7219.66,2025-12-04,7219.66,1
501,435,2025-01-23,137.03,47412.38,2025-02-26,47412.38,1
502,436,2024-02-06,354.34,104175.96,2024-04-03,104175.96,1
503,437,2024-08-31,12.58,943.5,2024-09-10,943.5,1
504,438,2025-11-08,46.15,6345.62,2025-12-23,6345.62,1
505,438,2025-11-25,46.15,6345.62,2026-01-16,6345.62,2
506,439,2025-03-08,311.0,39808.0,2025-04-28,39808.0,1
507,440,2025-04-23,21.8,2136.4,2025-05-19,2136.4,1
508,441,2025-01-11,346.11,54339.27,2025-02-19,54339.27,1
509,442,2024-06-03,124.52,11082.28,2024-07-18,11082.28,1
510,443,2025-11-22,167.97,78106.05,2026-01-13,78106.05,1
511,444,2025-08-16,6.61,2696.88,2025-09-20,2696.88,1
512,445,2026-02-28,5.83,606.32,2026-04-15,606.32,1
513,446,2025-10-22,377.35,89243.28,2025-11-22,89243.28,1
514,446,2025-10-30,377.35,89243.28,2025-11-24,89243.28,2
515,447,2024-10-04,798.37,159674.0,2024-10-29,159674.0,1
516,448,2024-08-24,14.53,1017.1,2024-10-21,1017.1,1
517,449,2024-08-08,122.82,23949.9,2024-08-25,23949.9,1
518,450,2025-12-07,429.56,145620.84,2026-02-08,145620.84,1
519,451,2025-03-04,386.61,53738.79,2025-04-09,53738.79,1
520,452,2025-01-16,831.5,80655.5,2025-03-05,80655.5,1
521,453,2026-01-11,190.35,19035.0,2026-03-14,19035.0,1
522,454,2025-04-17,94.23,22756.54,2025-05-16,22756.54,1
523,454,2025-05-02,94.23,22756.54,2025-06-02,22756.54,2
524,455,2025-11-26,447.14,15202.76,2026-01-08,15202.76,1
525,455,2025-12-11,447.14,15202.76,2026-01-19,15202.76,2
526,456,2026-02-15,65.74,27518.92,2026-04-17,27518.92,1
527,457,2024-03-19,111.53,55653.47,2024-04-24,55653.47,1
528,458,2024-11-05,241.06,70148.46,2024-12-26,70148.46,1
529,459,2025-07-27,292.09,44689.77,2025-08-14,44689.77,1
530,460,2025-08-28,54.73,17160.0,2025-10-14,17160.0,1
531,461,2024-06-11,12.75,4896.0,2024-07-21,4896.0,1
532,462,2024-09-15,525.56,88294.08,2024-10-24,88294.08,1
533,463,2025-04-09,35.51,7989.75,2025-06-09,7989.75,1
534,463,2025-04-11,35.51,7989.75,2025-06-10,7989.75,1
535,464,2025-09-15,546.06,247911.24,2025-10-17,247911.24,1
536,465,2024-05-06,153.24,70183.92,2024-06-12,70183.92,1
537,466,2025-05-05,178.21,68967.27,2025-06-20,68967.27,1
538,467,2024-09-13,132.4,24229.2,2024-09-27,24229.2,1
539,468,2024-08-09,320.13,88996.14,2024-10-22,88996.14,1
540,469,2025-02-21,55.37,4651.08,2025-02-27,4651.08,1
541,470,2024-12-24,348.19,112117.18,2025-02-17,112117.18,1
542,471,2025-05-25,290.63,23250.4,2025-07-29,23250.4,1
543,472,2024-09-30,144.69,55987.95,2024-10-27,55987.95,1
544,473,2025-10-15,70.56,1834.56,2025-11-13,1834.56,1
545,474,2024-03-30,30.29,757.25,2024-05-05,757.25,1
546,475,2025-11-11,742.33,97987.56,2025-12-17,97987.56,1
547,476,2024-03-17,6.13,220.68,2024-05-22,220.68,1
548,477,2025-07-19,27.45,3046.95,2025-08-19,3046.95,1
549,478,2024-10-18,343.89,70153.56,2024-12-12,70153.56,1
550,479,2024-11-06,48.36,9913.8,2024-12-15,9913.8,1
551,480,2024-02-06,133.33,66265.01,2024-02-23,66265.01,1
552,481,2025-06-19,6.17,1906.53,2025-08-20,1906.53,1
553,482,2024-05-21,75.48,27550.2,2024-06-16,27550.2,1
554,483,2025-06-05,102.72,47251.2,2025-08-13,47251.2,1
555,484,2025-07-20,11.53,5465.22,2025-09-13,5465.22,1
556,485,2025-10-20,164.27,34414.56,2025-11-11,34414.56,1
557,485,2025-11-05,164.27,34414.56,2025-12-26,34414.56,2
558,486,2025-07-29,7.21,1222.1,2025-09-02,1222.1,1
559,486,2025-08-14,7.21,1222.1,2025-09-14,1222.1,2
560,487,2024-09-26,118.12,25100.5,2024-10-21,25100.5,1
561,487,2024-10-13,118.12,25100.5,2024-11-12,25100.5,2
562,488,2025-07-28,1298.06,133700.18,2025-09-14,133700.18,1
563,489,2025-10-19,302.68,38137.68,2025-11-19,38137.68,1
564,490,2024-09-04,427.23,42723.0,2024-09-17,42723.0,1
565,491,2024-05-07,24.52,5860.28,2024-06-20,5860.28,1
566,492,2025-11-22,18.6,2176.2,2025-12-23,2176.2,1
567,493,2024-06-02,31.28,8820.96,2024-07-27,8820.96,1
568,494,2025-04-21,655.45,66855.9,2025-06-08,66855.9,1
569,494,2025-05-02,655.45,66855.9,2025-06-01,66855.9,2
570,495,2024-08-14,90.57,19698.97,2024-09-15,19698.97,1
571,495,2024-08-29,90.57,19698.97,2024-09-24,19698.97,2
572,496,2024-05-27,40.49,16803.35,2024-06-20,16803.35,1
573,497,2025-08-16,5.59,1196.26,2025-09-23,1196.26,1
574,497,2025-09-06,5.59,1196.26,2025-10-09,1196.26,2
575,498,2024-05-28,60.48,8890.56,2024-07-31,8890.56,1
576,499,2025-07-02,11.01,3754.41,2025-09-01,3754.41,1
577,500,2025-07-13,10.88,5048.32,2025-08-07,5048.32,1
578,501,2024-03-19,17.74,4612.4,2024-04-27,4612.4,1
579,502,2024-06-06,13.29,3362.37,2024-07-23,3362.37,1
580,503,2025-09-04,141.27,34469.88,2025-09-20,34469.88,1
581,504,2025-02-28,64.1,1923.0,2025-04-14,1923.0,1
582,505,2024-05-10,5.85,2831.4,2024-06-12,2831.4,1
583,506,2026-01-18,43.09,1249.61,2026-03-04,1249.61,1
584,507,2024-08-18,10.89,5412.33,2024-10-04,5412.33,1
585,508,2024-02-13,16.31,750.26,2024-04-03,750.26,1
586,509,2025-12-23,5.98,568.1,2026-01-20,568.1,1
587,510,2024-01-27,412.37,148040.83,2024-02-25,148040.83,1
588,511,2025-02-26,112.59,22630.59,2025-04-10,22630.59,1
589,512,2026-02-08,88.02,968.22,2026-03-21,968.22,1
590,512,2026-02-18,88.02,968.22,2026-03-24,968.22,2
591,513,2025-03-29,234.83,2583.13,2025-06-10,2583.13,1
592,514,2025-04-26,71.73,14632.92,2025-07-05,14632.92,1
593,515,2024-11-12,59.33,24325.3,2024-12-02,24325.3,1
594,516,2024-05-14,30.22,12722.62,2024-06-13,12722.62,1
595,517,2025-03-18,63.93,2748.99,2025-03-24,2748.99,1
596,518,2025-10-30,232.67,55491.8,2025-12-02,55491.8,1
597,518,2025-11-09,232.67,55491.8,2025-12-17,55491.8,2
598,519,2024-04-04,615.5,21850.25,2024-06-02,21850.25,1
599,519,2024-04-17,615.5,21850.25,2024-06-25,21850.25,2
600,520,2025-11-30,140.09,34742.32,2026-01-18,34742.32,1
601,520,2025-12-09,140.09,34742.32,2026-01-31,34742.32,2
602,521,2024-12-13,42.32,4189.68,2025-01-10,4189.68,1
603,522,2025-03-17,53.43,6785.61,2025-05-04,6785.61,1
604,523,2024-06-21,97.49,15452.16,2024-07-27,15452.16,1
605,523,2024-07-02,97.49,15452.16,2024-07-30,15452.16,2
606,524,2025-05-28,43.45,21247.05,2025-06-29,21247.05,1
607,525,2024-06-21,140.87,11410.47,2024-07-20,11410.47,1
608,526,2024-08-11,134.28,3424.14,2024-09-19,3424.14,1
609,526,2024-08-28,134.28,3424.14,2024-09-22,3424.14,2
610,527,2025-08-08,196.29,20610.45,2025-09-02,20610.45,1
611,528,2024-03-01,133.9,20888.4,2024-04-03,20888.4,1
612,529,2024-12-26,29.08,4594.64,2025-03-03,4594.64,1
613,530,2025-04-12,7.81,538.89,2025-05-02,538.89,1
614,531,2024-05-13,170.04,52712.4,2024-06-12,52712.4,1
615,532,2024-09-13,346.93,139118.93,2024-11-18,139118.93,1
616,533,2024-10-04,47.97,21730.41,2024-11-14,21730.41,1
617,534,2025-06-28,177.62,15985.8,2025-07-27,15985.8,1
618,535,2026-01-08,55.5,17593.5,2026-03-26,17593.5,1
619,536,2025-10-02,117.63,1293.93,2025-10-26,1293.93,1
620,537,2024-07-08,1201.19,152551.13,2024-09-06,152551.13,1
621,538,2024-03-01,336.98,12973.73,2024-04-15,12973.73,1
622,538,2024-03-14,336.98,12973.73,2024-05-22,12973.73,2
623,539,2024-03-31,145.46,58474.92,2024-04-20,58474.92,1
624,540,2025-04-30,58.76,11634.48,2025-06-08,11634.48,1
625,541,2024-05-25,1146.4,188009.6,2024-07-17,188009.6,1
626,542,2024-07-31,77.04,24491.55,2024-08-18,24491.55,1
627,543,2025-09-27,48.97,3623.78,2025-11-05,3623.78,1
628,544,2025-10-25,6.28,1683.04,2025-11-22,1683.04,1
629,545,2025-10-10,252.41,104497.74,2025-12-03,104497.74,1
630,546,2024-08-07,316.59,30076.05,2024-09-07,30076.05,1
631,547,2025-06-05,160.6,71948.8,2025-06-25,71948.8,1
632,548,2025-04-05,82.1,2380.9,2025-06-07,2380.9,1
633,549,2024-07-05,422.03,53175.78,2024-08-03,53175.78,1
634,550,2025-04-14,76.15,24444.15,2025-05-09,24444.15,1
635,551,2025-03-15,157.06,23087.82,2025-05-08,23087.82,1
636,552,2024-12-05,113.0,56274.0,2025-01-02,56274.0,1
637,553,2025-07-26,39.86,2830.06,2025-09-03,2830.06,1
638,553,2025-08-14,39.86,2830.06,2025-09-22,2830.06,2
639,554,2025-06-07,77.22,33127.38,2025-07-13,33127.38,1
640,555,2025-03-08,10.86,1694.16,2025-04-17,1694.16,1
641,555,2025-03-18,10.86,1694.16,2025-05-10,1694.16,2
642,556,2025-08-14,217.62,21979.62,2025-10-02,21979.62,1
643,557,2025-08-15,879.93,189624.92,2025-10-21,189624.92,1
644,557,2025-08-27,879.93,189624.92,2025-10-25,189624.92,2
645,558,2025-04-08,443.46,98004.66,2025-05-10,98004.66,1
646,559,2024-08-11,119.61,33012.36,2024-09-21,33012.36,1
647,560,2025-09-06,6.52,78.24,2025-10-19,78.24,1
648,560,2025-09-14,6.52,78.24,2025-11-09,78.24,2
649,561,2025-08-13,36.39,10152.81,2025-10-01,10152.81,1
650,562,2026-01-31,368.87,94061.85,2026-03-15,94061.85,1
651,563,2024-06-09,11.7,924.3,2024-07-14,924.3,1
652,564,2024-12-20,5.18,893.55,2025-02-14,893.55,1
653,564,2025-01-01,5.18,893.55,2025-03-12,893.55,2
654,565,2025-12-01,34.48,4585.84,2025-12-24,4585.84,1
655,566,2025-03-06,36.54,4567.5,2025-03-31,4567.5,1
656,567,2025-12-31,6.13,1186.16,2026-02-27,1186.16,1
657,567,2026-01-13,6.13,1186.16,2026-02-27,1186.16,2
658,568,2024-03-09,36.22,9018.78,2024-04-12,9018.78,1
659,568,2024-03-19,36.22,9018.78,2024-04-30,9018.78,2
660,569,2024-03-11,56.25,18731.25,2024-03-28,18731.25,1
661,570,2025-09-26,344.6,100623.2,2025-11-02,100623.2,1
662,571,2024-10-21,110.09,24660.16,2024-12-09,24660.16,1
663,572,2025-02-28,62.2,15487.8,2025-03-26,15487.8,1
664,573,2024-12-29,105.83,39580.42,2025-02-10,39580.42,1
665,574,2024-11-21,45.57,20825.49,2024-12-19,20825.49,1
666,575,2026-01-10,40.47,10238.91,2026-02-21,10238.91,1
667,576,2024-04-19,68.47,33481.83,2024-05-05,33481.83,1
668,577,2025-08-01,33.92,6919.68,2025-09-01,6919.68,1
669,578,2025-11-24,169.97,32124.33,2026-01-15,32124.33,1
670,579,2025-06-15,23.64,1465.68,2025-08-24,1465.68,1
671,580,2024-12-13,47.87,17376.81,2025-01-28,17376.81,1
672,581,2024-06-05,52.47,14639.13,2024-07-06,14639.13,1
673,582,2025-07-12,25.37,4807.62,2025-08-11,4807.62,1
674,582,2025-07-26,25.37,4807.62,2025-08-24,4807.62,2
675,583,2024-12-27,5.99,2551.74,2025-02-18,2551.74,1
676,584,2024-05-02,306.7,70234.3,2024-05-29,70234.3,1
677,585,2024-10-11,30.54,13071.12,2024-11-29,13071.12,1
678,586,2026-01-03,412.76,114747.28,2026-02-14,114747.28,1
679,587,2024-08-09,52.87,7560.41,2024-09-04,7560.41,1
680,588,2024-06-15,276.65,22270.32,2024-09-07,22270.32,1
681,588,2024-07-04,276.65,22270.32,2024-09-15,22270.32,2
682,589,2025-06-15,414.75,142259.25,2025-09-05,142259.25,1
683,590,2024-07-12,18.14,1217.92,2024-09-15,1217.92,1
684,591,2025-12-16,90.39,20744.5,2026-01-18,20744.5,1
685,591,2026-01-02,90.39,20744.5,2026-01-25,20744.5,2
686,592,2025-10-29,329.27,106683.48,2026-01-06,106683.48,1
687,593,2026-01-29,85.56,29518.2,2026-04-01,29518.2,1
688,594,2025-12-12,70.64,12079.44,2026-01-11,12079.44,1
689,594,2025-12-26,70.64,12079.44,2026-01-11,12079.44,2
690,595,2024-07-19,24.03,9515.88,2024-08-29,9515.88,1
691,596,2024-07-13,26.03,10125.67,2024-09-08,10125.67,1
692,597,2024-10-31,27.77,10802.53,2024-12-06,10802.53,1
693,598,2025-01-26,303.18,129761.04,2025-03-15,129761.04,1
694,599,2025-11-20,306.33,38597.58,2025-12-22,38597.58,1
695,600,2025-07-29,27.42,4853.34,2025-09-15,4853.34,1
696,601,2025-05-05,13.94,3554.7,2025-06-08,3554.7,1
697,602,2025-11-11,71.42,8427.56,2025-12-05,8427.56,1
698,602,2025-12-02,71.42,8427.56,2026-01-02,8427.56,2
699,603,2025-05-29,11.79,241.7,2025-07-08,241.7,1
700,603,2025-06-16,11.79,241.7,2025-07-09,241.7,2
701,604,2024-11-13,14.57,1194.74,2024-12-23,1194.74,1
702,605,2024-12-18,347.3,67376.2,2025-02-01,67376.2,1
703,605,2024-12-31,347.3,67376.2,2025-02-08,67376.2,2
704,606,2025-02-13,23.66,4601.87,2025-03-14,4601.87,1
705,606,2025-03-01,23.66,4601.87,2025-04-14,4601.87,2
706,607,2024-04-23,5.32,665.0,2024-06-03,665.0,1
707,608,2025-07-18,1412.25,254205.0,2025-09-11,254205.0,1
708,609,2025-06-01,21.96,4293.18,2025-08-06,4293.18,1
709,609,2025-06-16,21.96,4293.18,2025-08-27,4293.18,2
710,610,2025-07-22,731.06,165950.62,2025-08-24,165950.62,1
711,611,2025-03-25,76.08,4032.24,2025-03-26,4032.24,1
712,611,2025-04-05,76.08,4032.24,2025-05-11,4032.24,2
713,612,2025-09-27,5.67,2619.54,2025-11-22,2619.54,1
714,613,2026-01-05,325.07,12695.24,2026-02-13,12695.24,1
715,614,2025-04-10,15.2,3503.6,2025-05-12,3503.6,1
716,614,2025-04-22,15.2,3503.6,2025-05-07,3503.6,2
717,615,2024-12-31,121.22,6182.22,2025-01-18,6182.22,1
718,616,2024-04-08,16.05,1637.1,2024-05-08,1637.1,1
719,616,2024-04-25,16.05,1637.1,2024-05-31,1637.1,2
720,617,2025-09-07,63.88,2938.48,2025-10-28,2938.48,1
721,618,2025-11-26,42.1,11788.0,2026-01-11,11788.0,1
722,619,2025-06-24,21.74,4163.64,2025-07-24,4163.64,1
723,620,2025-10-31,15.03,578.66,2025-11-29,578.66,1
724,620,2025-11-22,15.03,578.66,2026-01-04,578.66,2
725,621,2025-10-13,52.68,12274.44,2025-11-24,12274.44,1
726,621,2025-11-02,52.68,12274.44,2025-12-17,12274.44,2
727,622,2025-09-08,242.63,55319.64,2025-10-23,55319.64,1
728,623,2025-01-21,16.45,1842.4,2025-03-28,1842.4,1
729,624,2024-04-07,162.36,34095.6,2024-05-07,34095.6,1
730,625,2024-01-30,1483.48,163182.8,2024-02-26,163182.8,1
731,626,2024-07-07,291.45,6719.52,2024-08-13,6719.52,1
732,627,2024-12-31,292.56,132237.12,2025-03-02,132237.12,1
733,628,2025-08-02,431.83,152867.82,2025-09-06,152867.82,1
734,629,2024-12-21,23.12,9756.64,2025-02-21,9756.64,1
735,630,2024-03-10,6.01,1845.07,2024-04-14,1845.07,1
736,631,2024-07-01,345.06,5175.9,2024-08-13,5175.9,1
737,632,2026-01-13,48.81,15912.06,2026-02-01,15912.06,1
738,633,2026-01-19,47.85,3253.8,2026-02-27,3253.8,1
739,634,2024-11-04,31.79,6071.89,2024-11-18,6071.89,1
740,635,2025-09-02,517.73,245921.75,2025-10-08,245921.75,1
741,636,2025-07-17,117.86,47733.3,2025-08-12,47733.3,1
742,637,2025-12-26,657.21,109754.07,2026-01-28,109754.07,1
743,637,2026-01-04,657.21,109754.07,2026-01-30,109754.07,2
744,638,2025-11-26,529.96,243251.64,2025-12-31,243251.64,1
745,639,2025-05-16,24.58,3170.82,2025-06-30,3170.82,1
746,640,2024-11-12,124.72,42778.96,2025-01-22,42778.96,1
747,641,2025-05-15,414.43,158312.26,2025-06-29,158312.26,1
748,642,2024-10-06,11.7,4867.2,2024-11-04,4867.2,1
749,643,2024-10-28,253.07,42515.76,2024-11-24,42515.76,1
750,644,2025-04-20,26.92,9206.64,2025-05-26,9206.64,1
751,645,2025-04-12,1240.32,551942.4,2025-05-31,551942.4,1
752,646,2025-04-01,261.38,115791.34,2025-04-29,115791.34,1
753,647,2024-11-27,11.1,2897.1,2024-12-24,2897.1,1
754,648,2024-12-01,75.53,8988.07,2025-01-16,8988.07,1
755,648,2024-12-20,75.53,8988.07,2025-01-23,8988.07,2
756,649,2024-02-22,26.62,5111.04,2024-03-27,5111.04,1
757,650,2025-05-14,333.58,66716.0,2025-07-04,66716.0,1
758,651,2025-04-12,45.21,10940.82,2025-05-05,10940.82,1
759,652,2026-01-04,801.26,149835.62,2026-02-10,149835.62,1
760,653,2025-02-05,8.08,1066.56,2025-03-27,1066.56,1
761,654,2025-02-02,6.13,3009.83,2025-03-24,3009.83,1
762,655,2024-03-20,10.09,3037.09,2024-04-15,3037.09,1
763,656,2024-06-05,108.93,32787.93,2024-07-20,32787.93,1
764,657,2024-10-15,332.54,49548.46,2024-11-01,49548.46,1
765,658,2024-11-12,273.71,34213.75,2024-12-11,34213.75,1
766,659,2024-11-11,47.72,5678.68,2024-12-30,5678.68,1
767,660,2024-11-04,138.62,17327.5,2024-12-09,17327.5,1
768,661,2025-08-20,24.71,3854.76,2025-09-23,3854.76,1
769,661,2025-09-05,24.71,3854.76,2025-09-07,3854.76,2
770,662,2024-05-17,5.23,1814.81,2024-07-22,1814.81,1
771,663,2024-09-28,310.18,59864.74,2024-11-01,59864.74,1
772,663,2024-10-07,310.18,59864.74,2024-11-30,59864.74,2
773,664,2024-05-20,122.64,40225.92,2024-06-17,40225.92,1
774,665,2024-09-12,66.97,18818.57,2024-10-06,18818.57,1
775,666,2025-06-21,43.65,18682.2,2025-07-29,18682.2,1
776,667,2024-02-25,426.86,195928.74,2024-03-26,195928.74,1
777,668,2024-10-07,12.29,1425.64,2024-11-25,1425.64,1
778,669,2024-03-04,373.04,11564.24,2024-03-28,11564.24,1
779,670,2026-01-10,132.7,54141.6,2026-02-04,54141.6,1
780,671,2025-08-16,22.54,8227.1,2025-08-31,8227.1,1
781,672,2024-08-12,322.22,79910.56,2024-09-23,79910.56,1
782,673,2024-07-05,72.72,30615.12,2024-08-18,30615.12,1
783,674,2024-04-18,693.21,213508.68,2024-06-22,213508.68,1
784,675,2025-01-18,11.14,245.08,2025-03-14,245.08,1
785,676,2025-08-07,92.06,14821.66,2025-10-06,14821.66,1
786,677,2025-04-03,157.84,69923.12,2025-05-05,69923.12,1
787,678,2025-11-10,11.92,3166.86,2025-12-09,3166.86,1
788,679,2024-10-29,300.86,145315.38,2024-11-24,145315.38,1
789,680,2024-08-20,21.27,8231.49,2024-11-04,8231.49,1
790,681,2025-02-02,286.97,50793.69,2025-03-28,50793.69,1
791,681,2025-02-15,286.97,50793.69,2025-03-22,50793.69,2
792,682,2024-07-12,1291.4,56821.6,2024-08-20,56821.6,1
793,682,2024-08-01,1291.4,56821.6,2024-09-09,56821.6,2
794,683,2026-01-21,367.4,180026.0,2026-03-07,180026.0,1
795,684,2024-06-10,406.88,62659.52,2024-07-28,62659.52,1
796,685,2025-02-06,28.7,4448.5,2025-03-15,4448.5,1
797,685,2025-02-27,28.7,4448.5,2025-04-08,4448.5,2
798,686,2025-03-13,5.76,2079.36,2025-05-04,2079.36,1
799,687,2024-03-05,43.75,1531.25,2024-03-28,1531.25,1
800,688,2025-02-07,6.0,639.0,2025-04-13,639.0,1
801,688,2025-02-22,6.0,639.0,2025-04-25,639.0,2
802,689,2025-01-17,115.04,24100.88,2025-03-27,24100.88,1
803,689,2025-02-05,115.04,24100.88,2025-04-10,24100.88,2
804,690,2024-07-19,55.17,19143.99,2024-08-23,19143.99,1
805,691,2024-05-13,1342.84,382709.4,2024-06-20,382709.4,1
806,692,2024-03-26,347.13,40614.21,2024-06-03,40614.21,1
807,693,2024-02-19,32.89,5689.97,2024-03-06,5689.97,1
808,693,2024-02-27,32.89,5689.97,2024-03-15,5689.97,2
809,694,2025-01-30,170.1,79606.8,2025-02-23,79606.8,1
810,695,2024-05-03,5.8,2233.0,2024-07-07,2233.0,1
811,696,2025-12-24,348.01,21576.62,2026-01-24,21576.62,1
812,697,2024-07-26,23.38,5260.5,2024-08-12,5260.5,1
813,698,2025-05-20,339.97,158086.05,2025-06-15,158086.05,1
814,699,2025-06-26,12.18,5919.48,2025-07-20,5919.48,1
815,700,2025-01-20,56.37,23788.14,2025-03-04,23788.14,1
816,701,2025-12-04,543.12,73864.32,2026-01-23,73864.32,1
817,702,2024-05-13,64.06,24791.22,2024-06-02,24791.22,1
818,703,2024-07-21,155.12,17993.92,2024-08-10,17993.92,1
819,704,2024-08-03,50.56,15066.88,2024-08-25,15066.88,1
820,705,2024-05-26,1098.23,516168.1,2024-07-09,516168.1,1
821,706,2024-09-14,11.65,2970.75,2024-11-03,2970.75,1
822,707,2024-09-27,364.26,136407.46,2024-11-22,136407.46,1
823,708,2025-09-04,109.64,3618.12,2025-10-31,3618.12,1
824,709,2024-09-19,180.48,41149.44,2024-10-19,41149.44,1
825,710,2025-11-12,633.22,22795.92,2025-12-03,22795.92,1
826,711,2025-08-27,11.01,4932.48,2025-09-27,4932.48,1
827,712,2025-11-27,829.61,75494.51,2026-01-09,75494.51,1
828,713,2024-04-10,197.98,27915.18,2024-06-07,27915.18,1
829,714,2026-02-02,48.85,2295.95,2026-03-05,2295.95,1
830,714,2026-02-19,48.85,2295.95,2026-03-15,2295.95,2
831,715,2025-05-17,66.08,1255.52,2025-07-23,1255.52,1
832,716,2026-01-27,91.37,4111.65,2026-02-08,4111.65,1
833,717,2024-11-02,268.24,44527.84,2024-12-14,44527.84,1
834,718,2025-12-31,56.27,8609.31,2026-02-11,8609.31,1
835,719,2025-03-17,315.88,70125.36,2025-04-16,70125.36,1
836,720,2024-03-09,13.11,471.96,2024-04-22,471.96,1
837,720,2024-03-11,13.11,471.96,2024-04-25,471.96,1
838,721,2024-11-10,140.19,64207.02,2024-12-03,64207.02,1
839,722,2024-05-25,114.29,41830.14,2024-06-29,41830.14,1
840,723,2025-12-19,70.03,5392.31,2026-01-14,5392.31,1
841,724,2024-10-11,307.19,36094.82,2024-12-23,36094.82,1
842,724,2024-10-28,307.19,36094.82,2025-01-01,36094.82,2
843,725,2024-06-26,366.31,128941.12,2024-07-16,128941.12,1
844,726,2025-03-14,90.89,1317.9,2025-04-18,1317.9,1
845,726,2025-03-29,90.89,1317.9,2025-04-29,1317.9,2
846,727,2024-12-01,320.77,69607.09,2025-01-02,69607.09,1
847,728,2024-04-29,578.11,59545.33,2024-05-07,59545.33,1
848,728,2024-05-13,578.11,59545.33,2024-05-24,59545.33,2
849,729,2025-09-02,428.9,157835.2,2025-10-04,157835.2,1
850,730,2025-10-29,90.37,20028.2,2025-12-07,20028.2,1
851,730,2025-11-09,90.37,20028.2,2025-12-15,20028.2,2
852,731,2025-08-10,152.34,74951.28,2025-09-08,74951.28,1
853,732,2025-05-02,835.42,239765.54,2025-07-05,239765.54,1
854,733,2024-11-21,327.6,63882.0,2025-01-28,63882.0,1
855,734,2025-03-04,175.52,49321.12,2025-04-03,49321.12,1
856,735,2025-03-02,30.76,7044.04,2025-04-09,7044.04,1
857,736,2024-06-10,140.31,20765.88,2024-06-27,20765.88,1
858,737,2024-04-29,706.47,198518.07,2024-07-04,198518.07,1
859,738,2024-07-28,741.17,137857.62,2024-08-31,137857.62,1
860,739,2025-01-24,301.55,44629.4,2025-03-13,44629.4,1
861,739,2025-01-26,301.55,44629.4,2025-02-25,44629.4,1
862,740,2024-05-19,71.44,23003.68,2024-06-05,23003.68,1
863,741,2024-05-13,62.09,1676.43,2024-05-22,1676.43,1
864,742,2025-11-02,488.12,219886.06,2025-11-25,219886.06,1
865,743,2024-11-25,36.35,4834.55,2024-12-20,4834.55,1
866,744,2025-04-04,46.2,6837.6,2025-05-24,6837.6,1
867,745,2025-03-08,57.85,9950.2,2025-05-01,9950.2,1
868,746,2025-08-01,11.52,4043.52,2025-09-07,4043.52,1
869,747,2025-07-27,68.4,6634.8,2025-10-02,6634.8,1
870,747,2025-08-14,68.4,6634.8,2025-10-08,6634.8,2
871,748,2024-09-27,61.92,6749.28,2024-11-01,6749.28,1
872,749,2025-10-17,49.11,19202.01,2025-10-25,19202.01,1
873,750,2024-11-06,887.29,166810.52,2024-12-11,166810.52,1
874,751,2025-10-31,72.09,32512.59,2025-12-23,32512.59,1
875,752,2024-11-29,251.47,99079.18,2024-12-29,99079.18,1
876,753,2024-05-06,45.19,22504.62,2024-06-27,22504.62,1
877,754,2025-08-22,6.28,2160.32,2025-10-18,2160.32,1
878,755,2024-03-05,235.66,25451.28,2024-04-11,25451.28,1
879,756,2025-08-06,52.95,7571.85,2025-08-25,7571.85,1
880,757,2024-03-01,765.88,158537.16,2024-03-19,158537.16,1
881,758,2024-07-30,38.69,18919.41,2024-10-01,18919.41,1
882,759,2025-04-22,78.84,11892.42,2025-06-16,11892.42,1
883,760,2026-01-02,28.83,3920.88,2026-02-05,3920.88,1
884,761,2024-11-27,38.94,7145.49,2025-01-08,7145.49,1
885,761,2024-12-15,38.94,7145.49,2024-12-31,7145.49,2
886,762,2024-05-07,118.61,48630.1,2024-06-07,48630.1,1
887,763,2024-07-06,143.07,25251.86,2024-07-30,25251.86,1
888,763,2024-07-23,143.07,25251.86,2024-07-30,25251.86,2
889,764,2025-11-18,33.9,2779.8,2025-12-13,2779.8,1
890,765,2025-07-26,116.11,2670.53,2025-10-06,2670.53,1
891,766,2024-04-23,334.91,137313.1,2024-05-31,137313.1,1
892,767,2024-10-21,318.09,72206.43,2024-12-10,72206.43,1
893,768,2024-07-30,1002.95,258761.1,2024-09-21,258761.1,1
894,769,2024-06-04,269.74,9845.51,2024-07-05,9845.51,1
895,769,2024-06-18,269.74,9845.51,2024-07-24,9845.51,2
896,770,2025-11-14,348.26,84627.18,2025-12-21,84627.18,1
897,771,2025-05-15,38.58,8796.24,2025-07-18,8796.24,1
898,772,2024-06-27,1105.0,95832.2,2024-07-09,95832.2,1
899,773,2025-05-31,146.34,16243.74,2025-06-28,16243.74,1
900,773,2025-06-07,146.34,16243.74,2025-07-08,16243.74,2
901,774,2024-12-01,10.4,644.8,2025-02-18,644.8,1
902,775,2024-02-26,133.86,62512.62,2024-04-05,62512.62,1
903,776,2025-01-11,143.53,67746.16,2025-03-03,67746.16,1
904,777,2024-05-29,50.64,2886.48,2024-06-08,2886.48,1
905,778,2024-07-13,14.74,781.22,2024-08-12,781.22,1
906,779,2025-10-28,33.03,15094.71,2025-11-23,15094.71,1
907,780,2025-07-11,81.17,10349.17,2025-08-14,10349.17,1
908,780,2025-07-25,81.17,10349.17,2025-08-31,10349.17,2
909,781,2024-05-09,231.72,54454.2,2024-06-17,54454.2,1
910,782,2025-10-17,37.54,788.34,2025-11-02,788.34,1
911,783,2025-04-03,130.52,20622.16,2025-05-07,20622.16,1
912,783,2025-04-12,130.52,20622.16,2025-05-12,20622.16,2
913,784,2025-10-25,60.75,13273.88,2025-11-27,13273.88,1
914,784,2025-11-16,60.75,13273.88,2025-12-15,13273.88,2
915,785,2025-08-12,152.48,25921.6,2025-09-13,25921.6,1
916,786,2024-10-22,5.34,277.68,2024-12-03,277.68,1
917,786,2024-11-03,5.34,277.68,2024-12-15,277.68,2
918,787,2025-02-18,43.13,2479.98,2025-03-18,2479.98,1
919,787,2025-03-05,43.13,2479.98,2025-04-06,2479.98,2
920,788,2025-03-26,210.11,33617.6,2025-04-20,33617.6,1
921,789,2025-07-18,61.39,7458.88,2025-08-29,7458.88,1
922,789,2025-08-05,61.39,7458.88,2025-08-23,7458.88,2
923,790,2024-08-08,16.42,3185.48,2024-09-12,3185.48,1
924,791,2024-10-23,843.74,8437.4,2024-12-07,8437.4,1
925,792,2024-08-06,296.78,8903.4,2024-09-10,8903.4,1
926,792,2024-08-08,296.78,8903.4,2024-09-07,8903.4,1
927,793,2024-09-13,228.22,8558.25,2024-10-07,8558.25,1
928,793,2024-09-28,228.22,8558.25,2024-10-18,8558.25,2
929,794,2024-05-27,619.75,193362.0,2024-07-10,193362.0,1
930,795,2024-03-01,150.03,25955.19,2024-03-24,25955.19,1
931,796,2025-12-30,19.24,3617.12,2026-02-19,3617.12,1
932,797,2024-03-20,1384.51,431967.12,2024-05-19,431967.12,1
933,798,2025-10-27,185.11,72575.04,2025-12-11,72575.04,1
934,799,2024-02-19,85.37,1024.44,2024-04-05,1024.44,1
935,800,2025-08-29,15.31,5787.18,2025-10-13,5787.18,1
936,801,2024-10-29,123.82,44699.02,2024-12-11,44699.02,1
937,802,2025-02-13,24.46,11520.66,2025-03-10,11520.66,1
938,803,2024-09-15,323.13,4523.82,2024-11-02,4523.82,1
939,804,2025-01-16,46.19,13441.29,2025-03-25,13441.29,1
940,805,2025-01-11,666.05,153857.55,2025-03-19,153857.55,1
941,806,2025-02-17,425.4,103372.2,2025-02-27,103372.2,1
942,806,2025-02-18,425.4,103372.2,2025-03-20,103372.2,1
943,807,2024-11-25,5.58,1997.64,2025-01-11,1997.64,1
944,808,2025-03-22,678.56,82105.76,2025-05-09,82105.76,1
945,809,2025-10-18,138.16,32411.06,2025-12-09,32411.06,1
946,810,2024-12-03,5.98,2631.2,2024-12-28,2631.2,1
947,811,2024-11-04,23.58,3725.64,2024-12-05,3725.64,1
948,812,2024-05-09,66.82,28732.6,2024-06-30,28732.6,1
949,813,2024-11-02,49.21,12302.5,2024-12-29,12302.5,1
950,814,2024-05-23,140.02,55167.88,2024-06-01,55167.88,1
951,815,2024-07-02,25.51,7499.94,2024-07-27,7499.94,1
952,816,2026-01-09,56.83,4205.42,2026-03-10,4205.42,1
953,817,2024-04-03,215.46,51710.4,2024-05-21,51710.4,1
954,817,2024-04-23,215.46,51710.4,2024-06-16,51710.4,2
955,818,2025-01-16,61.33,24102.69,2025-03-08,24102.69,1
956,819,2025-10-22,271.95,19308.45,2025-11-01,19308.45,1
957,820,2026-01-04,148.36,66316.92,2026-02-26,66316.92,1
958,821,2024-06-17,88.0,30360.0,2024-06-27,30360.0,1
959,822,2024-07-07,15.27,4489.38,2024-08-16,4489.38,1
960,823,2024-10-24,48.32,10171.36,2024-11-20,10171.36,1
961,823,2024-11-11,48.32,10171.36,2024-12-05,10171.36,2
962,824,2025-03-31,66.99,14469.84,2025-04-29,14469.84,1
963,824,2025-04-02,66.99,14469.84,2025-05-02,14469.84,1
964,825,2026-01-17,10.79,658.19,2026-02-18,658.19,1
965,826,2024-06-30,355.64,98156.64,2024-09-09,98156.64,1
966,827,2024-06-15,31.41,14165.91,2024-07-04,14165.91,1
967,828,2024-08-07,75.59,36283.2,2024-08-25,36283.2,1
968,829,2025-11-23,6.38,2685.98,2025-12-30,2685.98,1
969,830,2024-03-04,916.44,152129.04,2024-04-26,152129.04,1
970,831,2024-11-10,5.26,1378.12,2025-01-07,1378.12,1
971,832,2024-05-13,95.19,36552.96,2024-07-18,36552.96,1
972,833,2024-06-17,917.7,368915.4,2024-08-13,368915.4,1
973,834,2026-01-05,1134.69,183819.78,2026-03-02,183819.78,1
974,835,2024-02-26,5.67,2540.16,2024-04-06,2540.16,1
975,836,2024-10-11,67.73,2776.93,2024-11-23,2776.93,1
976,837,2025-12-15,35.45,7001.38,2026-01-21,7001.38,1
977,837,2025-12-30,35.45,7001.38,2026-01-14,7001.38,2
978,838,2025-04-04,365.9,170875.3,2025-05-26,170875.3,1
979,839,2024-03-18,295.75,45249.75,2024-06-10,45249.75,1
980,840,2024-12-19,407.19,16287.6,2025-01-08,16287.6,1
981,840,2025-01-07,407.19,16287.6,2025-01-19,16287.6,2
982,841,2025-12-30,129.15,16789.5,2026-02-14,16789.5,1
983,842,2024-11-24,70.85,15020.2,2024-12-24,15020.2,1
984,843,2025-03-16,5.94,2227.5,2025-05-01,2227.5,1
985,844,2025-03-03,24.57,2051.59,2025-04-22,2051.59,1
986,844,2025-03-14,24.57,2051.59,2025-04-24,2051.59,2
987,845,2025-05-24,680.59,123867.38,2025-07-02,123867.38,1
988,845,2025-06-10,680.59,123867.38,2025-07-08,123867.38,2
989,846,2024-06-16,69.64,4755.22,2024-07-31,4755.22,1
990,847,2025-11-07,52.12,21317.08,2025-12-07,21317.08,1
991,848,2026-02-12,155.82,27424.32,2026-04-07,27424.32,1
992,849,2024-05-15,50.92,15581.52,2024-06-29,15581.52,1
993,850,2025-10-09,324.07,99165.42,2025-12-04,99165.42,1
994,851,2025-09-23,340.1,124476.6,2025-10-22,124476.6,1
995,852,2025-08-17,48.13,9842.58,2025-10-19,9842.58,1
996,852,2025-08-28,48.13,9842.58,2025-10-09,9842.58,2
997,853,2024-11-14,51.78,13773.48,2024-12-18,13773.48,1
998,854,2025-01-26,5.81,947.03,2025-02-28,947.03,1
999,855,2025-11-02,917.52,60556.32,2025-12-04,60556.32,1
1000,856,2024-06-16,35.75,4683.25,2024-07-15,4683.25,1
1001,857,2025-10-11,69.53,10846.68,2025-12-03,10846.68,1
1002,858,2025-12-01,822.06,374037.3,2025-12-18,374037.3,1
1003,859,2025-06-20,310.54,60244.76,2025-09-06,60244.76,1
1004,860,2024-10-15,432.77,26964.44,2024-11-17,26964.44,1
1005,861,2025-03-17,304.62,73108.8,2025-05-31,73108.8,1
1006,861,2025-03-31,304.62,73108.8,2025-05-20,73108.8,2
1007,862,2024-03-04,470.39,112893.6,2024-05-05,112893.6,1
1008,862,2024-03-14,470.39,112893.6,2024-05-04,112893.6,2
1009,863,2026-01-09,34.82,4544.01,2026-03-08,4544.01,1
1010,863,2026-01-21,34.82,4544.01,2026-03-02,4544.01,2
1011,864,2024-09-11,71.53,10729.5,2024-10-24,10729.5,1
1012,865,2024-03-06,5.67,2347.38,2024-04-19,2347.38,1
1013,866,2025-09-23,29.93,8470.19,2025-11-15,8470.19,1
1014,867,2025-05-05,146.13,33079.08,2025-06-15,33079.08,1
1015,868,2025-04-16,366.02,40262.2,2025-05-18,40262.2,1
1016,869,2024-03-23,111.8,28061.8,2024-04-18,28061.8,1
1017,870,2025-09-08,124.66,59836.8,2025-11-04,59836.8,1
1018,871,2025-05-07,5.79,1574.88,2025-07-15,1574.88,1
1019,872,2025-09-23,5.8,1328.2,2025-11-13,1328.2,1
1020,873,2025-10-06,121.34,9343.18,2025-11-24,9343.18,1
1021,874,2024-07-13,479.45,153903.45,2024-08-27,153903.45,1
1022,875,2024-07-28,71.98,17827.2,2024-09-15,17827.2,1
1023,875,2024-08-09,71.98,17827.2,2024-10-13,17827.2,2
1024,876,2025-12-09,127.63,41607.38,2026-01-11,41607.38,1
1025,877,2025-03-13,49.87,11869.06,2025-03-29,11869.06,1
1026,878,2024-12-08,312.05,28708.6,2025-02-09,28708.6,1
1027,879,2024-08-25,300.97,149281.12,2024-10-06,149281.12,1
1028,880,2025-05-16,5.8,350.9,2025-06-09,350.9,1
1029,880,2025-06-01,5.8,350.9,2025-07-02,350.9,2
1030,881,2025-09-02,82.23,34454.37,2025-10-02,34454.37,1
1031,882,2024-02-27,18.56,8296.32,2024-03-14,8296.32,1
1032,883,2025-03-07,69.45,13195.5,2025-04-20,13195.5,1
1033,884,2026-02-20,320.76,10264.32,2026-03-20,10264.32,1
1034,885,2024-09-08,38.35,12923.95,2024-10-04,12923.95,1
1035,886,2024-08-24,37.19,3235.53,2024-09-16,3235.53,1
1036,886,2024-08-27,37.19,3235.53,2024-09-26,3235.53,1
1037,887,2025-10-31,17.83,2674.5,2025-12-17,2674.5,1
1038,888,2024-03-16,769.21,24614.72,2024-04-18,24614.72,1
1039,889,2024-11-20,81.16,27756.72,2024-12-08,27756.72,1
1040,889,2024-11-21,81.16,27756.72,2024-12-21,27756.72,1
1041,890,2025-01-16,76.86,19599.3,2025-02-15,19599.3,1
1042,891,2025-09-06,352.1,118305.6,2025-10-02,118305.6,1
1043,892,2024-05-09,72.38,34380.5,2024-06-20,34380.5,1
1044,893,2025-01-04,43.67,21048.94,2025-02-07,21048.94,1
1045,894,2024-05-28,79.96,37421.28,2024-07-13,37421.28,1
1046,895,2025-08-25,719.72,24470.48,2025-10-15,24470.48,1
1047,895,2025-09-11,719.72,24470.48,2025-11-07,24470.48,2
1048,896,2025-05-08,29.62,3761.74,2025-05-26,3761.74,1
1049,896,2025-05-25,29.62,3761.74,2025-06-23,3761.74,2
1050,897,2025-02-17,450.94,89737.06,2025-03-08,89737.06,1
1051,898,2024-11-28,234.2,64170.8,2025-02-04,64170.8,1
1052,899,2024-05-27,22.74,2967.57,2024-07-03,2967.57,1
1053,899,2024-06-10,22.74,2967.57,2024-07-20,2967.57,2
1054,900,2025-12-27,805.76,30216.0,2026-02-27,30216.0,1
1055,900,2026-01-07,805.76,30216.0,2026-03-10,30216.0,2
1056,901,2025-06-01,32.88,2761.92,2025-07-07,2761.92,1
1057,902,2024-09-16,22.82,4335.8,2024-11-02,4335.8,1
1058,903,2025-01-04,9.93,1886.7,2025-01-28,1886.7,1
1059,903,2025-01-05,9.93,1886.7,2025-02-04,1886.7,1
1060,904,2025-07-08,52.45,11370.51,2025-08-18,11370.51,1
1061,905,2025-07-26,43.6,11728.4,2025-09-03,11728.4,1
1062,906,2025-01-10,215.8,30212.0,2025-02-01,30212.0,1
1063,907,2024-09-30,128.59,24882.16,2024-12-08,24882.16,1
1064,907,2024-10-18,128.59,24882.16,2024-12-04,24882.16,2
1065,908,2025-05-21,657.21,218850.93,2025-06-27,218850.93,1
1066,909,2025-05-18,12.95,1916.6,2025-06-14,1916.6,1
1067,910,2025-04-18,143.05,17738.2,2025-05-21,17738.2,1
1068,910,2025-04-30,143.05,17738.2,2025-05-29,17738.2,2
1069,911,2024-03-18,74.32,34187.2,2024-05-21,34187.2,1
1070,912,2024-12-29,168.34,68514.38,2025-03-01,68514.38,1
1071,913,2025-04-10,79.34,2459.54,2025-05-24,2459.54,1
1072,913,2025-04-23,79.34,2459.54,2025-05-20,2459.54,2
1073,914,2025-12-27,344.78,17239.0,2026-02-03,17239.0,1
1074,915,2025-02-13,1433.2,183449.6,2025-03-31,183449.6,1
1075,916,2024-10-14,53.17,1807.78,2024-11-21,1807.78,1
1076,917,2025-03-16,146.41,6002.81,2025-05-24,6002.81,1
1077,918,2024-06-16,77.12,21593.6,2024-07-02,21593.6,1
1078,919,2024-04-09,382.57,169095.94,2024-05-09,169095.94,1
1079,920,2025-06-28,321.16,97632.64,2025-09-02,97632.64,1
1080,921,2026-02-12,314.48,88997.84,2026-04-08,88997.84,1
1081,922,2025-10-01,70.09,17983.56,2025-11-05,17983.56,1
1082,923,2025-03-24,868.1,300362.6,2025-04-20,300362.6,1
1083,924,2024-02-12,239.9,116351.5,2024-04-21,116351.5,1
1084,925,2026-01-24,6.0,1944.0,2026-03-05,1944.0,1
1085,926,2024-12-26,42.17,6030.31,2025-02-04,6030.31,1
1086,927,2024-08-23,708.91,246700.68,2024-10-15,246700.68,1
1087,928,2025-12-08,5.64,789.6,2026-02-07,789.6,1
1088,929,2025-07-31,338.57,124932.33,2025-10-02,124932.33,1
1089,930,2025-08-07,150.12,16062.84,2025-08-16,16062.84,1
1090,931,2024-08-30,100.73,23268.63,2024-10-26,23268.63,1
1091,932,2026-02-17,43.48,521.76,2026-04-05,521.76,1
1092,933,2025-01-15,26.46,8705.34,2025-02-03,8705.34,1
1093,934,2025-03-11,16.45,5494.3,2025-04-14,5494.3,1
1094,935,2025-08-12,335.41,73119.38,2025-09-26,73119.38,1
1095,936,2025-05-25,51.63,12804.24,2025-07-27,12804.24,1
1096,936,2025-06-12,51.63,12804.24,2025-08-23,12804.24,2
1097,937,2024-06-19,202.62,67472.46,2024-07-12,67472.46,1
1098,938,2024-09-13,163.11,58067.16,2024-11-27,58067.16,1
1099,939,2024-10-17,85.02,37408.8,2024-10-31,37408.8,1
1100,940,2026-01-17,11.15,3411.9,2026-02-03,3411.9,1
1101,941,2025-07-02,128.98,27859.68,2025-08-02,27859.68,1
1102,942,2024-11-25,63.27,21575.07,2025-01-15,21575.07,1
1103,943,2025-08-18,262.91,69408.24,2025-10-23,69408.24,1
1104,944,2025-08-04,835.21,377514.92,2025-10-05,377514.92,1
1105,945,2024-11-20,6.39,335.48,2025-01-18,335.48,1
1106,945,2024-12-08,6.39,335.48,2025-01-10,335.48,2
1107,946,2024-11-22,54.88,7847.84,2025-01-06,7847.84,1
1108,946,2024-12-11,54.88,7847.84,2025-02-02,7847.84,2
1109,947,2025-11-24,331.98,28218.3,2025-12-27,28218.3,1
1110,948,2025-04-10,143.7,35925.0,2025-05-27,35925.0,1
1111,949,2024-05-08,299.75,94121.5,2024-06-30,94121.5,1
1112,950,2025-08-10,11.47,3704.81,2025-08-28,3704.81,1
1113,951,2025-04-03,56.0,14392.0,2025-06-08,14392.0,1
1114,952,2025-02-08,504.36,98350.2,2025-02-26,98350.2,1
1115,953,2025-07-13,67.22,9740.5,2025-07-22,9740.5,1
1116,954,2025-12-06,50.45,12410.7,2026-01-18,12410.7,1
1117,955,2024-10-01,55.09,12670.7,2024-11-14,12670.7,1
1118,956,2024-11-19,6.06,521.16,2025-01-15,521.16,1
1119,957,2024-05-28,474.49,55989.82,2024-06-28,55989.82,1
1120,957,2024-05-31,474.49,55989.82,2024-06-30,55989.82,1
1121,958,2025-05-24,91.77,5139.12,2025-06-14,5139.12,1
1122,958,2025-06-05,91.77,5139.12,2025-07-13,5139.12,2
1123,959,2024-12-10,35.7,12530.7,2025-01-06,12530.7,1
1124,960,2024-09-22,332.4,94401.6,2024-10-20,94401.6,1
1125,961,2025-07-19,60.78,15498.9,2025-08-12,15498.9,1
1126,962,2024-12-26,27.84,9048.0,2025-02-19,9048.0,1
1127,963,2025-01-22,6.95,1014.7,2025-02-17,1014.7,1
1128,963,2025-01-23,6.95,1014.7,2025-02-22,1014.7,1
1129,964,2025-01-03,13.87,4230.35,2025-01-25,4230.35,1
1130,965,2024-08-01,341.58,145171.5,2024-10-12,145171.5,1
1131,966,2024-05-08,291.03,8730.9,2024-06-23,8730.9,1
1132,967,2025-09-28,69.68,6306.04,2025-11-02,6306.04,1
1133,967,2025-10-13,69.68,6306.04,2025-11-14,6306.04,2
1134,968,2024-03-25,628.56,122569.2,2024-05-13,122569.2,1
1135,969,2024-10-02,249.1,106116.6,2024-11-04,106116.6,1
1136,970,2025-06-15,139.0,31136.0,2025-07-30,31136.0,1
1137,971,2024-05-31,17.64,7673.4,2024-07-12,7673.4,1
1138,972,2025-06-14,54.79,19669.61,2025-08-03,19669.61,1
1139,973,2025-07-11,719.21,107162.29,2025-09-10,107162.29,1
1140,974,2025-06-09,153.22,19305.72,2025-07-06,19305.72,1
1141,974,2025-06-26,153.22,19305.72,2025-08-21,19305.72,2
1142,975,2024-10-02,1076.66,106162.11,2024-10-11,106162.11,1
1143,975,2024-10-19,1076.66,106162.11,2024-12-06,106162.11,2
1144,976,2024-02-18,36.37,7855.92,2024-04-05,7855.92,1
1145,977,2025-10-27,311.59,100643.57,2025-10-29,100643.57,1
1146,978,2024-10-06,145.3,45914.8,2024-11-04,45914.8,1
1147,979,2025-09-22,743.22,327760.02,2025-11-30,327760.02,1
1148,980,2024-06-20,449.91,145770.84,2024-07-25,145770.84,1
1149,981,2024-06-23,139.03,32813.44,2024-07-19,32813.44,1
1150,982,2025-08-27,663.34,258675.08,2025-10-01,258675.08,1
1151,983,2025-12-02,76.44,2751.84,2026-01-22,2751.84,1
1152,983,2025-12-21,76.44,2751.84,2026-03-02,2751.84,2
1153,984,2025-11-10,38.68,19030.56,2025-12-19,19030.56,1
1154,985,2025-08-05,372.29,148171.42,2025-09-13,148171.42,1
1155,986,2024-08-17,50.94,4482.72,2024-10-04,4482.72,1
1156,987,2025-11-11,145.47,9746.49,2025-12-15,9746.49,1
1157,988,2025-05-21,26.48,2992.24,2025-06-24,2992.24,1
1158,989,2024-07-08,75.37,9986.52,2024-08-19,9986.52,1
1159,989,2024-07-21,75.37,9986.52,2024-07-30,9986.52,2
1160,990,2024-05-31,214.78,66796.58,2024-06-06,66796.58,1
1161,991,2025-11-08,34.98,14041.89,2025-12-14,14041.89,1
1162,992,2024-08-19,112.64,11432.96,2024-09-01,11432.96,1
1163,992,2024-09-06,112.64,11432.96,2024-10-17,11432.96,2
1164,993,2025-08-03,74.32,22296.0,2025-08-18,22296.0,1
1165,994,2024-05-22,54.66,8909.58,2024-07-17,8909.58,1
1166,995,2024-09-02,12.26,3886.42,2024-10-07,3886.42,1
1167,996,2024-08-16,42.51,14793.48,2024-09-04,14793.48,1
1168,997,2024-08-25,164.34,5916.24,2024-10-26,5916.24,1
1169,998,2025-07-06,359.92,134970.0,2025-08-16,134970.0,1
1170,999,2025-11-30,54.6,25170.6,2025-12-26,25170.6,1
1171,1000,2025-11-29,60.87,17165.34,2026-01-15,17165.34,1
1172,1001,2025-08-14,334.6,131497.8,2025-09-25,131497.8,1
1173,1002,2024-07-05,68.82,18751.68,2024-08-02,18751.68,1
1174,1003,2025-12-30,13.71,3372.66,2026-01-28,3372.66,1
1175,1004,2025-04-02,1418.04,616847.4,2025-05-15,616847.4,1
1176,1005,2025-02-18,155.51,2488.16,2025-02-26,2488.16,1
1177,1006,2025-06-15,74.61,24476.1,2025-08-20,24476.1,1
1178,1007,2025-09-15,5.32,281.96,2025-10-29,281.96,1
1179,1008,2026-01-06,256.05,15875.1,2026-02-26,15875.1,1
1180,1008,2026-01-28,256.05,15875.1,2026-02-23,15875.1,2
1181,1009,2025-04-22,56.11,15205.81,2025-07-04,15205.81,1
1182,1010,2025-05-26,22.2,2930.4,2025-06-29,2930.4,1
1183,1011,2025-08-01,6.25,512.5,2025-09-09,512.5,1
1184,1012,2024-08-04,15.04,3609.6,2024-09-05,3609.6,1
1185,1013,2024-09-03,142.34,68892.56,2024-10-10,68892.56,1
1186,1014,2025-05-06,1276.73,102138.4,2025-06-11,102138.4,1
1187,1015,2024-04-02,29.13,3612.12,2024-04-20,3612.12,1
1188,1016,2024-09-06,795.76,202918.8,2024-09-22,202918.8,1
1189,1017,2025-07-30,53.85,700.05,2025-09-11,700.05,1
1190,1017,2025-08-08,53.85,700.05,2025-09-24,700.05,2
1191,1018,2026-01-05,728.24,336446.88,2026-02-20,336446.88,1
1192,1019,2025-02-20,45.7,1416.7,2025-03-28,1416.7,1
1193,1020,2024-11-19,343.37,17511.87,2025-01-12,17511.87,1
1194,1021,2024-12-17,411.43,91748.89,2025-02-01,91748.89,1
1195,1022,2025-06-07,10.96,2531.76,2025-07-12,2531.76,1
1196,1023,2025-03-04,111.49,51954.34,2025-04-15,51954.34,1
1197,1024,2024-02-24,6.11,2309.58,2024-04-22,2309.58,1
1198,1025,2025-02-14,51.52,15816.64,2025-04-03,15816.64,1
1199,1026,2024-12-13,6.09,1297.17,2025-02-11,1297.17,1
1200,1027,2025-06-28,71.76,22173.84,2025-07-12,22173.84,1
1201,1028,2025-11-07,13.6,150.7,2025-12-16,150.7,1
1202,1029,2026-01-25,27.71,1856.57,2026-02-26,1856.57,1
1203,1029,2026-02-05,27.71,1856.57,2026-03-19,1856.57,2
1204,1030,2025-05-08,154.59,13990.4,2025-07-01,13990.4,1
1205,1030,2025-05-26,154.59,13990.4,2025-07-04,13990.4,2
1206,1031,2024-10-16,59.4,8286.3,2024-11-15,8286.3,1
1207,1031,2024-10-27,59.4,8286.3,2024-11-25,8286.3,2
1208,1032,2024-12-10,230.47,87440.36,2025-02-03,87440.36,1
1209,1033,2024-06-05,13.64,429.66,2024-07-26,429.66,1
1210,1033,2024-06-24,13.64,429.66,2024-08-06,429.66,2
1211,1034,2025-12-12,148.34,13498.94,2026-01-23,13498.94,1
1212,1035,2025-10-14,220.14,21573.72,2025-11-27,21573.72,1
1213,1036,2025-10-15,156.51,20502.81,2025-11-10,20502.81,1
1214,1037,2024-11-06,40.76,13206.24,2025-01-03,13206.24,1
1215,1038,2024-10-20,26.34,8112.72,2024-12-09,8112.72,1
1216,1039,2025-10-25,29.77,2054.13,2025-11-28,2054.13,1
1217,1039,2025-11-04,29.77,2054.13,2025-11-17,2054.13,2
1218,1040,2025-03-15,6.43,2115.47,2025-04-20,2115.47,1
1219,1041,2025-07-17,48.6,15406.2,2025-08-23,15406.2,1
1220,1041,2025-07-20,48.6,15406.2,2025-08-19,15406.2,1
1221,1042,2025-02-19,141.5,13301.0,2025-04-01,13301.0,1
1222,1043,2025-01-18,341.41,87400.96,2025-02-17,87400.96,1
1223,1044,2025-05-29,335.73,160814.67,2025-08-01,160814.67,1
1224,1045,2025-10-02,310.89,137413.38,2025-12-11,137413.38,1
1225,1046,2024-10-14,143.33,56902.01,2024-11-17,56902.01,1
1226,1047,2025-09-13,75.14,7138.3,2025-10-30,7138.3,1
1227,1047,2025-09-26,75.14,7138.3,2025-10-27,7138.3,2
1228,1048,2024-08-22,393.81,12208.11,2024-10-20,12208.11,1
1229,1049,2024-11-16,802.08,187686.72,2024-12-25,187686.72,1
1230,1050,2025-11-02,44.2,18254.6,2025-12-04,18254.6,1
1231,1051,2026-01-21,716.68,131152.44,2026-03-05,131152.44,1
1232,1052,2025-11-14,12.04,1252.16,2025-12-20,1252.16,1
1233,1053,2024-09-16,74.76,27287.4,2024-10-19,27287.4,1
1234,1054,2025-11-03,184.26,22848.24,2025-12-11,22848.24,1
1235,1055,2026-01-03,273.32,68876.64,2026-02-21,68876.64,1
1236,1056,2026-01-14,39.76,3339.84,2026-02-22,3339.84,1
1237,1057,2024-02-18,309.6,8668.8,2024-04-27,8668.8,1
1238,1058,2025-07-23,48.47,7658.26,2025-07-31,7658.26,1
1239,1058,2025-08-04,48.47,7658.26,2025-08-27,7658.26,2
1240,1059,2026-02-17,16.65,3579.75,2026-03-16,3579.75,1
1241,1060,2025-08-06,314.37,8173.62,2025-09-08,8173.62,1
1242,1061,2024-08-14,726.3,201185.1,2024-09-13,201185.1,1
1243,1062,2025-07-27,71.44,22146.4,2025-09-11,22146.4,1
1244,1063,2024-04-16,442.59,76125.48,2024-05-12,76125.48,1
1245,1064,2025-01-07,113.73,54590.4,2025-02-18,54590.4,1
1246,1065,2025-05-27,1285.38,299493.54,2025-07-18,299493.54,1
1247,1066,2025-01-08,149.73,45368.19,2025-03-16,45368.19,1
1248,1067,2025-07-01,140.93,62431.99,2025-08-14,62431.99,1
1249,1068,2024-07-29,23.41,7046.41,2024-08-22,7046.41,1
1250,1069,2025-05-09,17.16,180.18,2025-07-08,180.18,1
1251,1069,2025-05-25,17.16,180.18,2025-08-12,180.18,2
1252,1070,2025-05-12,6.48,93.96,2025-07-27,93.96,1
1253,1070,2025-05-23,6.48,93.96,2025-07-19,93.96,2
1254,1071,2025-05-28,102.34,3684.24,2025-08-06,3684.24,1
1255,1072,2024-09-02,61.77,6671.16,2024-10-23,6671.16,1
1256,1073,2024-09-18,25.25,7423.5,2024-10-26,7423.5,1
1257,1074,2024-08-22,82.22,2302.16,2024-09-22,2302.16,1
1258,1074,2024-09-05,82.22,2302.16,2024-09-22,2302.16,2
1259,1075,2024-12-20,109.74,21179.82,2025-01-12,21179.82,1
1260,1076,2025-04-09,59.39,3177.36,2025-05-08,3177.36,1
1261,1076,2025-04-30,59.39,3177.36,2025-05-16,3177.36,2
1262,1077,2024-11-06,1182.09,562674.84,2024-12-13,562674.84,1
1263,1078,2024-12-11,40.47,7891.65,2025-02-09,7891.65,1
1264,1079,2024-09-23,272.66,93522.38,2024-11-04,93522.38,1
1265,1080,2024-07-07,9.87,1727.25,2024-08-06,1727.25,1
1266,1081,2025-06-11,51.3,15184.8,2025-06-16,15184.8,1
1267,1082,2025-10-07,18.28,8555.04,2025-10-09,8555.04,1
1268,1083,2024-09-18,158.1,58497.0,2024-10-27,58497.0,1
1269,1084,2025-11-18,29.0,7308.0,2026-01-07,7308.0,1
1270,1085,2025-03-28,118.95,54479.1,2025-05-23,54479.1,1
1271,1086,2024-06-19,496.42,222396.16,2024-07-10,222396.16,1
1272,1087,2024-11-01,117.47,20674.72,2024-11-18,20674.72,1
1273,1088,2024-02-16,250.4,27043.2,2024-02-19,27043.2,1
1274,1089,2024-03-21,151.73,35960.01,2024-05-05,35960.01,1
1275,1090,2024-09-13,140.31,11926.35,2024-09-26,11926.35,1
1276,1090,2024-09-29,140.31,11926.35,2024-10-19,11926.35,2
1277,1091,2024-12-26,41.99,2141.49,2025-01-22,2141.49,1
1278,1092,2025-08-29,367.95,129150.45,2025-09-19,129150.45,1
1279,1093,2024-04-28,864.46,124050.01,2024-06-03,124050.01,1
1280,1093,2024-05-16,864.46,124050.01,2024-06-07,124050.01,2
1281,1094,2025-10-22,50.46,23766.66,2025-11-24,23766.66,1
1282,1095,2024-07-23,11.32,5467.56,2024-10-03,5467.56,1
1283,1096,2024-05-21,13.6,6486.27,2024-06-15,6486.27,1
1284,1097,2025-07-14,98.4,30307.2,2025-09-12,30307.2,1
1285,1098,2025-09-01,1187.1,132955.2,2025-09-19,132955.2,1
1286,1099,2025-04-25,318.63,5098.08,2025-06-02,5098.08,1
1287,1100,2024-05-11,34.34,12396.74,2024-06-19,12396.74,1
1288,1101,2024-04-25,63.04,21746.25,2024-06-09,21746.25,1
1289,1102,2024-11-24,66.15,24872.4,2024-12-19,24872.4,1
1290,1103,2025-01-16,83.4,33943.8,2025-03-08,33943.8,1
1291,1104,2026-02-15,61.06,18745.42,2026-03-15,18745.42,1
1292,1105,2024-09-04,54.56,4719.44,2024-10-08,4719.44,1
1293,1105,2024-09-20,54.56,4719.44,2024-10-31,4719.44,2
1294,1106,2024-06-24,689.64,111032.04,2024-07-26,111032.04,1
1295,1107,2026-01-14,313.51,90957.87,2026-03-06,90957.87,1
1296,1108,2024-06-22,12.68,5604.56,2024-07-14,5604.56,1
1297,1109,2024-02-21,286.75,67386.25,2024-03-23,67386.25,1
1298,1109,2024-03-07,286.75,67386.25,2024-04-16,67386.25,2
1299,1110,2024-12-12,124.64,48484.96,2025-02-04,48484.96,1
1300,1111,2024-12-08,875.53,390486.38,2024-12-23,390486.38,1
1301,1112,2025-05-08,39.96,8751.24,2025-06-26,8751.24,1
1302,1113,2025-11-10,936.26,176016.88,2025-12-06,176016.88,1
1303,1114,2025-12-22,15.64,3190.56,2026-01-27,3190.56,1
1304,1115,2024-08-25,331.84,88269.44,2024-09-26,88269.44,1
1305,1116,2026-01-21,184.62,65355.48,2026-02-17,65355.48,1
1306,1117,2025-05-10,88.3,36379.6,2025-06-02,36379.6,1
1307,1118,2024-04-09,235.05,7286.55,2024-06-08,7286.55,1
1308,1119,2025-12-23,13.59,6686.28,2026-01-13,6686.28,1
1309,1120,2024-05-02,5.2,2423.2,2024-05-31,2423.2,1
1310,1121,2025-04-11,54.41,21764.0,2025-06-26,21764.0,1
1311,1122,2025-09-23,128.1,55467.3,2025-10-29,55467.3,1
1312,1123,2024-08-20,396.23,20207.73,2024-09-10,20207.73,1
1313,1123,2024-09-04,396.23,20207.73,2024-10-14,20207.73,2
1314,1124,2024-08-14,67.49,9043.66,2024-09-14,9043.66,1
1315,1125,2025-02-01,6.39,76.68,2025-03-19,76.68,1
1316,1126,2025-11-14,258.33,68974.11,2026-01-06,68974.11,1
1317,1127,2024-08-11,69.64,14102.1,2024-09-28,14102.1,1
1318,1127,2024-08-27,69.64,14102.1,2024-09-30,14102.1,2
1319,1128,2025-06-03,10.32,1465.44,2025-06-28,1465.44,1
1320,1129,2025-01-03,61.86,627.7,2025-02-22,627.7,1
1321,1130,2024-04-17,365.68,93248.4,2024-05-04,93248.4,1
1322,1131,2025-07-15,110.37,25605.84,2025-08-29,25605.84,1
1323,1131,2025-07-28,110.37,25605.84,2025-08-17,25605.84,2
1324,1131,2025-07-30,110.37,25605.84,2025-08-29,25605.84,2
1325,1132,2025-09-13,53.38,3096.04,2025-10-22,3096.04,1
1326,1133,2025-03-19,293.09,31360.63,2025-05-23,31360.63,1
1327,1133,2025-04-03,293.09,31360.63,2025-06-19,31360.63,2
1328,1134,2024-05-27,309.34,152504.62,2024-07-12,152504.62,1
1329,1135,2024-06-01,132.55,10338.9,2024-07-01,10338.9,1
1330,1136,2024-12-25,800.8,6406.4,2025-02-23,6406.4,1
1331,1136,2025-01-05,800.8,6406.4,2025-02-10,6406.4,2
1332,1137,2025-02-13,146.84,32451.64,2025-04-04,32451.64,1
1333,1137,2025-02-26,146.84,32451.64,2025-04-11,32451.64,2
1334,1138,2025-02-22,6.33,2126.88,2025-03-26,2126.88,1
1335,1139,2024-08-11,565.16,114727.48,2024-09-21,114727.48,1
1336,1140,2025-02-09,308.72,147568.16,2025-03-21,147568.16,1
1337,1141,2024-08-20,133.83,31383.14,2024-09-18,31383.14,1
1338,1141,2024-09-03,133.83,31383.14,2024-10-06,31383.14,2
1339,1142,2025-05-28,5.83,571.34,2025-06-27,571.34,1
1340,1143,2025-09-23,29.14,7372.42,2025-10-23,7372.42,1
1341,1144,2025-05-28,376.64,56119.36,2025-06-15,56119.36,1
1342,1145,2024-03-02,14.54,1917.0,2024-03-28,1917.0,1
1343,1146,2026-01-11,95.2,45410.4,2026-01-24,45410.4,1
1344,1147,2024-02-02,125.21,58347.86,2024-03-08,58347.86,1
1345,1148,2026-02-24,70.14,27354.6,2026-04-11,27354.6,1
1346,1149,2024-04-01,28.68,3498.96,2024-05-11,3498.96,1
1347,1150,2025-03-03,5.52,1611.84,2025-03-24,1611.84,1
1348,1151,2024-05-19,278.63,65199.42,2024-07-08,65199.42,1
1349,1152,2024-05-10,130.46,61055.28,2024-07-07,61055.28,1
1350,1153,2025-06-13,361.2,27451.2,2025-07-29,27451.2,1
1351,1154,2025-07-27,22.32,3883.68,2025-08-18,3883.68,1
1352,1155,2024-04-30,351.57,127971.48,2024-05-30,127971.48,1
1353,1156,2026-01-17,799.22,89512.64,2026-03-12,89512.64,1
1354,1157,2024-10-23,1191.96,241967.88,2024-12-26,241967.88,1
1355,1157,2024-11-04,1191.96,241967.88,2024-12-12,241967.88,2
1356,1158,2024-09-24,67.97,4825.87,2024-10-05,4825.87,1
1357,1159,2024-09-18,31.47,6860.46,2024-11-09,6860.46,1
1358,1160,2024-12-28,28.3,7075.0,2025-02-04,7075.0,1
1359,1161,2024-06-19,17.81,6589.7,2024-08-05,6589.7,1
1360,1162,2024-11-27,9.86,650.76,2024-12-12,650.76,1
1361,1163,2024-06-21,65.98,27777.58,2024-07-15,27777.58,1
1362,1164,2024-03-13,5.74,1188.18,2024-05-14,1188.18,1
1363,1165,2024-11-02,10.79,1445.86,2024-11-14,1445.86,1
1364,1165,2024-11-18,10.79,1445.86,2024-12-05,1445.86,2
1365,1166,2025-06-17,248.77,39803.2,2025-08-25,39803.2,1
1366,1167,2025-08-22,23.36,8152.64,2025-09-16,8152.64,1
1367,1168,2024-11-14,46.14,20209.32,2024-12-30,20209.32,1
1368,1169,2024-10-11,72.87,6922.65,2024-12-10,6922.65,1
1369,1170,2025-09-09,347.48,169917.72,2025-11-22,169917.72,1
1370,1171,2025-06-17,137.67,61813.83,2025-07-27,61813.83,1
1371,1172,2025-09-09,119.81,10423.47,2025-10-22,10423.47,1
1372,1173,2025-11-30,132.67,3051.41,2025-12-23,3051.41,1
1373,1174,2025-09-20,368.42,20631.52,2025-10-03,20631.52,1
1374,1175,2026-01-02,41.64,12325.44,2026-02-07,12325.44,1
1375,1176,2024-12-15,13.58,2620.94,2025-01-20,2620.94,1
1376,1177,2024-12-07,144.31,24388.39,2025-01-17,24388.39,1
1377,1177,2024-12-20,144.31,24388.39,2025-01-07,24388.39,2
1378,1178,2024-10-01,6.06,80.86,2024-12-29,80.86,1
1379,1179,2024-07-21,312.47,47807.91,2024-08-18,47807.91,1
1380,1180,2025-08-11,126.58,28986.82,2025-09-08,28986.82,1
1381,1181,2025-07-09,86.41,38279.63,2025-08-14,38279.63,1
1382,1182,2025-09-22,23.16,984.3,2025-10-27,984.3,1
1383,1182,2025-09-30,23.16,984.3,2025-10-25,984.3,2
1384,1183,2024-06-10,12.12,2242.2,2024-07-29,2242.2,1
1385,1183,2024-06-11,12.12,2242.2,2024-07-26,2242.2,1
1386,1184,2025-02-05,10.29,2181.48,2025-03-04,2181.48,1
1387,1184,2025-02-14,10.29,2181.48,2025-03-28,2181.48,2
1388,1185,2024-07-17,825.81,200671.83,2024-08-17,200671.83,1
1389,1186,2025-11-20,47.98,18568.26,2025-12-18,18568.26,1
1390,1187,2024-08-24,45.49,21380.3,2024-10-19,21380.3,1
1391,1188,2024-05-14,383.78,53729.2,2024-06-10,53729.2,1
1392,1189,2025-03-25,184.14,90596.88,2025-06-19,90596.88,1
1393,1190,2025-11-08,756.08,84680.96,2026-01-02,84680.96,1
1394,1191,2025-11-23,52.12,9173.12,2026-01-03,9173.12,1
1395,1192,2024-05-11,135.93,9651.03,2024-06-10,9651.03,1
1396,1193,2024-09-12,368.42,76262.94,2024-11-13,76262.94,1
1397,1194,2024-06-22,68.42,1505.24,2024-08-04,1505.24,1
1398,1195,2024-08-26,33.45,12242.7,2024-09-10,12242.7,1
1399,1196,2025-02-23,67.69,3079.9,2025-03-29,3079.9,1
1400,1196,2025-03-12,67.69,3079.9,2025-04-04,3079.9,2
1401,1197,2024-08-25,118.68,6073.5,2024-09-13,6073.5,1
1402,1198,2024-04-05,52.11,11750.8,2024-05-10,11750.8,1
1403,1198,2024-04-22,52.11,11750.8,2024-05-20,11750.8,2
1404,1199,2025-02-10,278.82,125747.82,2025-03-18,125747.82,1
1405,1200,2024-02-27,478.88,88592.8,2024-02-28,88592.8,1
1406,1201,2024-07-31,5.83,405.18,2024-08-29,405.18,1
1407,1201,2024-08-12,5.83,405.18,2024-09-05,405.18,2
1408,1202,2024-02-29,16.58,5819.58,2024-04-05,5819.58,1
1409,1203,2024-03-24,25.82,232.38,2024-05-23,232.38,1
1410,1203,2024-04-06,25.82,232.38,2024-05-18,232.38,2
1411,1204,2024-12-17,93.22,41855.78,2025-01-07,41855.78,1
1412,1205,2025-10-26,313.12,29120.16,2025-12-14,29120.16,1
1413,1206,2025-08-18,6.47,198.71,2025-10-03,198.71,1
1414,1207,2024-04-15,1623.71,540695.43,2024-06-03,540695.43,1
1415,1208,2024-03-03,42.08,6060.96,2024-03-30,6060.96,1
1416,1208,2024-03-18,42.08,6060.96,2024-04-22,6060.96,2
1417,1209,2024-09-24,34.47,9237.96,2024-11-08,9237.96,1
1418,1210,2025-05-23,5.44,141.44,2025-07-23,141.44,1
1419,1211,2025-07-26,649.47,37344.52,2025-08-14,37344.52,1
1420,1211,2025-08-14,649.47,37344.52,2025-09-07,37344.52,2
1421,1212,2025-09-21,82.24,26974.72,2025-10-14,26974.72,1
1422,1213,2024-10-14,331.81,44462.54,2024-12-17,44462.54,1
1423,1214,2024-05-30,808.29,8082.9,2024-07-04,8082.9,1
1424,1214,2024-06-18,808.29,8082.9,2024-08-20,8082.9,2
1425,1215,2024-03-03,5.76,2211.84,2024-03-28,2211.84,1
1426,1216,2024-05-25,23.06,10005.72,2024-06-26,10005.72,1
1427,1217,2024-03-24,63.81,5360.04,2024-04-06,5360.04,1
1428,1218,2025-10-31,52.51,4463.35,2025-11-30,4463.35,1
1429,1219,2024-07-27,322.36,25949.98,2024-08-06,25949.98,1
1430,1219,2024-08-12,322.36,25949.98,2024-09-26,25949.98,2
1431,1220,2025-10-15,75.14,27050.4,2025-11-19,27050.4,1
1432,1221,2025-02-17,78.7,19124.1,2025-04-06,19124.1,1
1433,1222,2025-03-16,271.75,55844.62,2025-04-26,55844.62,1
1434,1222,2025-03-28,271.75,55844.62,2025-04-27,55844.62,2
1435,1223,2024-12-29,293.51,96858.3,2025-03-07,96858.3,1
1436,1224,2025-09-13,57.72,14372.28,2025-10-14,14372.28,1
1437,1225,2024-03-07,48.26,17807.94,2024-04-20,17807.94,1
1438,1226,2024-03-22,65.31,11951.73,2024-05-22,11951.73,1
1439,1227,2024-11-29,325.56,97342.44,2025-01-07,97342.44,1
1440,1228,2024-10-24,291.56,28572.88,2025-01-09,28572.88,1
1441,1229,2025-03-09,53.16,12492.6,2025-04-21,12492.6,1
1442,1230,2025-07-12,36.08,6638.72,2025-07-31,6638.72,1
1443,1231,2025-03-30,61.75,17228.25,2025-05-24,17228.25,1
1444,1231,2025-04-02,61.75,17228.25,2025-06-01,17228.25,1
1445,1232,2024-08-13,713.22,99137.58,2024-10-08,99137.58,1
1446,1233,2024-09-25,63.68,31776.32,2024-11-01,31776.32,1
1447,1234,2025-09-01,796.4,184764.8,2025-09-30,184764.8,1
1448,1234,2025-09-17,796.4,184764.8,2025-10-16,184764.8,2
1449,1235,2024-06-03,106.2,4885.2,2024-08-16,4885.2,1
1450,1236,2025-03-12,105.43,28466.1,2025-04-11,28466.1,1
1451,1237,2025-03-23,166.23,2077.88,2025-04-23,2077.88,1
1452,1237,2025-04-08,166.23,2077.88,2025-05-22,2077.88,2
1453,1238,2025-08-28,487.69,171666.88,2025-09-14,171666.88,1
1454,1239,2025-07-18,41.86,7827.82,2025-09-27,7827.82,1
1455,1240,2025-01-16,169.5,79326.0,2025-02-17,79326.0,1
1456,1241,2024-10-12,62.72,24272.64,2024-11-08,24272.64,1
1457,1242,2024-10-09,52.97,6091.55,2024-11-27,6091.55,1
1458,1243,2024-12-13,76.78,19809.24,2025-01-06,19809.24,1
1459,1244,2024-07-22,353.66,116000.48,2024-09-14,116000.48,1
1460,1245,2025-05-04,931.91,421223.32,2025-07-12,421223.32,1
1461,1246,2024-07-12,105.75,1374.75,2024-07-26,1374.75,1
1462,1247,2025-05-23,55.79,6583.22,2025-06-25,6583.22,1
1463,1248,2025-08-22,297.95,127522.6,2025-09-26,127522.6,1
1464,1249,2026-01-03,20.74,746.64,2026-03-06,746.64,1
1465,1250,2024-05-08,107.26,17161.6,2024-06-16,17161.6,1
1466,1250,2024-05-22,107.26,17161.6,2024-06-11,17161.6,2
1467,1251,2025-09-17,35.86,11009.02,2025-10-05,11009.02,1
1468,1252,2024-04-13,350.57,158457.64,2024-06-06,158457.64,1
1469,1253,2024-10-01,560.54,96412.88,2024-10-19,96412.88,1
1470,1253,2024-10-22,560.54,96412.88,2024-12-07,96412.88,2
1471,1254,2024-07-08,32.69,6341.86,2024-08-25,6341.86,1
1472,1255,2024-06-10,140.24,31554.0,2024-07-03,31554.0,1
1473,1256,2024-06-14,933.65,109237.05,2024-08-01,109237.05,1
1474,1257,2024-03-09,62.35,12968.8,2024-04-13,12968.8,1
1475,1258,2025-10-08,159.88,34214.32,2025-11-16,34214.32,1
1476,1259,2024-03-09,324.8,13316.8,2024-05-05,13316.8,1
1477,1260,2024-11-28,62.95,3322.24,2024-12-28,3322.24,1
1478,1261,2025-06-20,36.3,5553.9,2025-08-20,5553.9,1
1479,1262,2026-01-27,175.74,29524.32,2026-03-12,29524.32,1
1480,1263,2025-10-16,1390.48,51447.76,2025-11-25,51447.76,1
1481,1264,2024-05-05,294.17,123551.4,2024-07-23,123551.4,1
1482,1265,2026-01-28,42.0,12264.0,2026-03-05,12264.0,1
1483,1266,2025-06-04,157.36,74746.0,2025-07-11,74746.0,1
1484,1267,2024-07-08,44.64,1607.04,2024-08-19,1607.04,1
1485,1268,2025-01-02,143.3,5875.3,2025-02-20,5875.3,1
1486,1269,2025-12-17,17.29,3648.19,2026-02-14,3648.19,1
1487,1269,2026-01-01,17.29,3648.19,2026-02-14,3648.19,2
1488,1270,2024-11-01,53.98,5991.78,2024-12-30,5991.78,1
1489,1271,2024-06-10,25.82,7229.6,2024-07-18,7229.6,1
1490,1272,2025-11-28,173.5,19500.36,2026-01-31,19500.36,1
1491,1272,2025-12-10,173.5,19500.36,2026-02-18,19500.36,2
1492,1273,2025-12-23,408.68,65184.46,2026-02-09,65184.46,1
1493,1273,2026-01-13,408.68,65184.46,2026-01-19,65184.46,2
1494,1274,2026-02-16,66.17,10190.18,2026-04-04,10190.18,1
1495,1274,2026-03-04,66.17,10190.18,2026-03-27,10190.18,2
1496,1275,2025-12-31,374.62,180566.84,2026-03-19,180566.84,1
1497,1276,2025-11-13,146.28,41689.8,2025-12-18,41689.8,1
1498,1277,2024-12-30,350.45,88663.85,2025-03-11,88663.85,1
1499,1278,2024-06-14,37.54,8146.18,2024-07-13,8146.18,1
1500,1279,2025-05-11,313.61,50491.21,2025-07-07,50491.21,1
1501,1280,2024-08-06,58.05,5108.4,2024-10-21,5108.4,1
1502,1281,2025-01-25,325.72,126053.64,2025-02-12,126053.64,1
1503,1282,2025-06-08,645.02,216726.72,2025-07-01,216726.72,1
1504,1283,2025-12-27,373.1,42160.3,2026-02-07,42160.3,1
1505,1284,2024-09-25,17.77,6717.06,2024-10-17,6717.06,1
1506,1285,2024-08-08,29.09,1076.33,2024-10-15,1076.33,1
1507,1286,2025-07-26,387.8,74457.6,2025-08-28,74457.6,1
1508,1287,2024-02-25,359.05,153314.35,2024-05-21,153314.35,1
1509,1288,2025-03-20,98.31,20055.24,2025-04-17,20055.24,1
1510,1289,2025-08-16,647.03,89290.14,2025-10-12,89290.14,1
1511,1289,2025-08-24,647.03,89290.14,2025-09-23,89290.14,2
1512,1290,2025-03-03,438.46,173191.7,2025-04-12,173191.7,1
1513,1291,2024-11-20,68.49,27875.43,2025-01-01,27875.43,1
1514,1292,2025-11-01,470.39,216849.79,2025-11-24,216849.79,1
1515,1293,2024-10-31,11.9,2760.8,2024-11-27,2760.8,1
1516,1294,2025-07-05,56.76,8343.72,2025-08-29,8343.72,1
1517,1294,2025-07-07,56.76,8343.72,2025-08-21,8343.72,1
1518,1295,2025-01-03,23.57,3252.66,2025-02-07,3252.66,1
1519,1296,2024-02-08,45.87,7820.84,2024-03-29,7820.84,1
1520,1296,2024-02-21,45.87,7820.84,2024-05-04,7820.84,2
1521,1297,2025-02-18,129.32,28321.08,2025-04-09,28321.08,1
1522,1298,2024-03-10,303.16,46686.64,2024-05-12,46686.64,1
1523,1299,2025-12-25,96.86,22471.52,2026-02-19,22471.52,1
1524,1300,2025-04-17,5.94,2132.46,2025-07-04,2132.46,1
1525,1301,2024-10-27,777.87,67674.69,2024-11-27,67674.69,1
1526,1302,2025-01-20,371.31,52726.02,2025-02-04,52726.02,1
1527,1303,2025-05-03,307.17,19859.22,2025-07-06,19859.22,1
1528,1304,2024-08-17,70.94,10924.76,2024-09-28,10924.76,1
1529,1305,2024-09-21,158.19,27920.54,2024-10-25,27920.54,1
1530,1305,2024-10-02,158.19,27920.54,2024-12-06,27920.54,2
1531,1306,2024-12-08,30.3,5423.7,2025-02-05,5423.7,1
1532,1307,2024-09-01,102.37,29994.41,2024-09-14,29994.41,1
1533,1308,2025-08-15,54.15,24963.15,2025-10-11,24963.15,1
1534,1309,2024-04-18,6.02,523.74,2024-06-26,523.74,1
1535,1310,2025-09-19,90.63,27642.15,2025-10-14,27642.15,1
1536,1311,2024-10-26,33.7,5459.4,2024-12-24,5459.4,1
1537,1312,2025-03-29,31.41,9517.23,2025-04-23,9517.23,1
1538,1313,2024-05-30,178.99,20762.84,2024-06-28,20762.84,1
1539,1313,2024-06-16,178.99,20762.84,2024-07-05,20762.84,2
1540,1314,2024-11-30,26.07,2607.0,2025-01-17,2607.0,1
1541,1315,2025-09-03,25.9,4247.6,2025-09-04,4247.6,1
1542,1316,2024-09-02,140.37,43514.7,2024-10-13,43514.7,1
1543,1317,2024-04-19,321.82,60341.25,2024-07-04,60341.25,1
1544,1317,2024-05-09,321.82,60341.25,2024-07-13,60341.25,2
1545,1318,2025-03-08,56.3,19705.0,2025-04-06,19705.0,1
1546,1319,2024-07-07,23.22,1161.0,2024-09-01,1161.0,1
1547,1320,2024-09-03,30.33,11828.7,2024-10-02,11828.7,1
1548,1321,2024-12-06,377.46,22647.6,2025-01-23,22647.6,1
1549,1322,2025-04-08,24.14,3765.84,2025-06-10,3765.84,1
1550,1323,2025-05-22,184.16,43093.44,2025-07-07,43093.44,1
1551,1324,2025-06-20,5.77,2245.8,2025-08-20,2245.8,1
1552,1325,2025-11-20,111.01,47956.32,2025-12-14,47956.32,1
1553,1325,2025-11-23,111.01,47956.32,2025-12-23,47956.32,1
1554,1326,2024-03-21,830.85,277503.9,2024-05-07,277503.9,1
1555,1327,2024-11-19,81.09,33733.44,2024-12-11,33733.44,1
1556,1328,2024-01-23,496.65,174324.15,2024-02-06,174324.15,1
1557,1329,2024-02-12,336.66,149140.38,2024-04-01,149140.38,1
1558,1330,2024-07-10,295.73,97295.17,2024-08-31,97295.17,1
1559,1331,2025-04-03,32.22,3350.88,2025-04-20,3350.88,1
1560,1332,2025-12-03,721.83,288010.17,2026-01-03,288010.17,1
1561,1333,2025-08-12,39.13,12325.95,2025-09-18,12325.95,1
1562,1334,2025-05-08,11.41,593.32,2025-06-21,593.32,1
1563,1335,2025-08-30,28.21,3030.72,2025-10-13,3030.72,1
1564,1336,2024-06-02,64.97,13773.64,2024-07-08,13773.64,1
1565,1337,2025-10-18,43.49,6436.52,2025-12-16,6436.52,1
1566,1338,2025-11-19,121.63,22623.18,2025-12-11,22623.18,1
1567,1339,2024-04-10,118.27,17740.5,2024-06-03,17740.5,1
1568,1340,2025-01-03,23.03,9396.24,2025-02-01,9396.24,1
1569,1341,2025-09-27,54.51,10792.98,2025-11-06,10792.98,1
1570,1342,2025-01-02,265.45,104056.4,2025-02-27,104056.4,1
1571,1343,2025-10-04,357.87,81236.49,2025-10-13,81236.49,1
1572,1344,2026-01-22,156.66,47781.3,2026-03-04,47781.3,1
1573,1345,2025-02-11,127.05,53869.2,2025-03-15,53869.2,1
1574,1346,2024-03-05,23.42,1311.52,2024-04-27,1311.52,1
1575,1347,2024-10-06,6.06,1527.12,2024-11-16,1527.12,1
1576,1348,2024-06-30,51.73,23226.77,2024-08-26,23226.77,1
1577,1349,2025-01-22,15.31,3230.41,2025-03-08,3230.41,1
1578,1350,2025-04-07,738.03,356468.49,2025-05-26,356468.49,1
1579,1351,2024-12-17,140.97,41868.09,2025-01-12,41868.09,1
1580,1352,2024-06-25,18.96,2768.16,2024-08-21,2768.16,1
1581,1352,2024-07-12,18.96,2768.16,2024-07-15,2768.16,2
1582,1353,2024-10-11,5.83,343.97,2024-12-22,343.97,1
1583,1354,2025-06-11,54.09,24286.41,2025-07-11,24286.41,1
1584,1355,2024-03-10,850.91,159971.08,2024-04-13,159971.08,1
1585,1356,2024-07-11,682.75,296313.5,2024-08-27,296313.5,1
1586,1357,2025-11-15,5.67,122.43,2025-12-24,122.43,1
1587,1358,2024-05-08,35.33,6889.35,2024-06-02,6889.35,1
1588,1358,2024-05-27,35.33,6889.35,2024-06-10,6889.35,2
1589,1359,2024-12-01,38.85,13558.65,2024-12-24,13558.65,1
1590,1360,2024-07-24,346.88,122795.52,2024-09-22,122795.52,1
1591,1361,2024-04-23,275.28,122774.88,2024-06-11,122774.88,1
1592,1362,2024-12-15,160.94,51178.92,2025-01-11,51178.92,1
1593,1363,2025-03-07,55.15,11691.8,2025-04-02,11691.8,1
1594,1364,2024-06-17,55.77,27159.99,2024-07-19,27159.99,1
1595,1365,2024-03-22,933.3,352787.4,2024-06-07,352787.4,1
1596,1366,2024-05-16,307.74,34774.62,2024-07-10,34774.62,1
1597,1367,2025-05-23,15.65,4272.45,2025-06-03,4272.45,1
1598,1368,2025-10-15,38.12,4726.88,2025-11-04,4726.88,1
1599,1369,2024-07-08,259.13,128269.35,2024-08-16,128269.35,1
1600,1370,2024-09-19,128.35,23231.35,2024-10-06,23231.35,1
1601,1371,2024-10-09,31.77,11945.52,2024-11-24,11945.52,1
1602,1372,2024-10-31,93.73,12841.01,2024-12-09,12841.01,1
1603,1373,2024-08-08,126.53,41628.37,2024-08-22,41628.37,1
1604,1374,2024-03-25,228.99,107396.31,2024-05-02,107396.31,1
1605,1375,2025-03-06,265.72,50752.52,2025-04-08,50752.52,1
1606,1376,2024-11-08,355.75,83957.0,2024-12-13,83957.0,1
1607,1376,2024-11-20,355.75,83957.0,2024-12-25,83957.0,2
1608,1377,2024-10-24,62.08,30232.96,2024-11-29,30232.96,1
1609,1378,2024-08-25,314.97,32126.94,2024-10-15,32126.94,1
1610,1379,2025-12-03,79.08,2451.48,2026-01-20,2451.48,1
1611,1380,2025-04-18,121.6,16659.2,2025-06-15,16659.2,1
1612,1381,2024-12-25,71.92,21216.4,2025-02-05,21216.4,1
1613,1382,2024-06-16,80.2,24300.6,2024-07-21,24300.6,1
1614,1383,2025-08-24,7.48,2356.2,2025-10-01,2356.2,1
1615,1384,2025-11-16,126.1,17401.8,2026-01-11,17401.8,1
1616,1385,2024-03-03,21.34,1259.06,2024-04-04,1259.06,1
1617,1385,2024-03-17,21.34,1259.06,2024-04-01,1259.06,2
1618,1386,2026-01-13,161.13,72508.5,2026-02-22,72508.5,1
1619,1387,2025-07-03,307.24,92172.0,2025-07-31,92172.0,1
1620,1388,2024-04-20,41.59,6571.22,2024-05-09,6571.22,1
1621,1388,2024-05-04,41.59,6571.22,2024-05-31,6571.22,2
1622,1389,2025-08-26,150.74,20199.16,2025-10-09,20199.16,1
1623,1390,2024-04-24,59.58,3872.7,2024-06-15,3872.7,1
1624,1391,2024-03-29,783.99,79966.98,2024-05-10,79966.98,1
1625,1392,2024-05-28,12.99,5494.77,2024-06-22,5494.77,1
1626,1393,2025-01-08,140.6,16379.9,2025-02-18,16379.9,1
1627,1393,2025-01-19,140.6,16379.9,2025-02-07,16379.9,2
1628,1394,2025-05-22,5.55,2358.75,2025-07-15,2358.75,1
1629,1395,2024-11-21,268.71,91092.69,2025-01-12,91092.69,1
1630,1396,2024-04-18,64.68,4915.68,2024-06-09,4915.68,1
1631,1397,2024-06-19,304.8,12192.0,2024-08-02,12192.0,1
1632,1398,2025-11-05,48.92,23188.08,2025-12-15,23188.08,1
1633,1399,2026-01-20,65.6,7150.4,2026-03-26,7150.4,1
1634,1400,2025-07-26,231.12,106409.5,2025-08-13,106409.5,1
1635,1401,2024-05-10,230.99,36727.41,2024-06-19,36727.41,1
1636,1402,2025-10-03,11.12,2935.68,2025-10-31,2935.68,1
1637,1403,2025-07-05,23.58,1131.84,2025-07-29,1131.84,1
1638,1403,2025-07-26,23.58,1131.84,2025-08-27,1131.84,2
1639,1404,2025-02-18,336.23,82712.58,2025-03-05,82712.58,1
1640,1405,2024-05-08,37.92,7697.76,2024-06-14,7697.76,1
1641,1406,2026-02-12,408.15,154280.7,2026-04-13,154280.7,1
1642,1407,2024-12-30,366.19,5126.66,2025-02-14,5126.66,1
1643,1408,2024-03-25,276.05,59350.75,2024-05-16,59350.75,1
1644,1409,2024-08-06,68.2,33349.8,2024-09-15,33349.8,1
1645,1410,2024-11-12,382.86,31968.81,2025-01-12,31968.81,1
1646,1410,2024-11-28,382.86,31968.81,2024-12-21,31968.81,2
1647,1411,2024-03-11,67.87,28844.75,2024-05-03,28844.75,1
1648,1412,2024-10-08,724.11,174510.51,2024-11-14,174510.51,1
1649,1413,2024-12-31,133.45,42837.45,2025-02-14,42837.45,1
1650,1414,2026-01-03,14.94,1972.08,2026-02-03,1972.08,1
1651,1415,2024-03-12,244.59,56500.29,2024-04-15,56500.29,1
1652,1416,2025-05-08,36.92,406.12,2025-06-17,406.12,1
1653,1417,2025-11-29,98.24,28587.84,2026-01-01,28587.84,1
1654,1418,2025-09-29,11.74,3944.64,2025-10-17,3944.64,1
1655,1419,2025-12-03,6.57,1077.48,2026-02-15,1077.48,1
1656,1420,2024-06-08,1268.18,235881.48,2024-06-16,235881.48,1
1657,1421,2025-10-07,37.97,1025.19,2025-10-31,1025.19,1
1658,1422,2026-02-17,356.99,67828.1,2026-04-16,67828.1,1
1659,1422,2026-03-02,356.99,67828.1,2026-04-22,67828.1,2
1660,1423,2024-10-14,32.08,3897.72,2024-11-14,3897.72,1
1661,1423,2024-10-24,32.08,3897.72,2024-11-21,3897.72,2
1662,1424,2025-02-04,669.69,31475.43,2025-03-10,31475.43,1
1663,1424,2025-02-25,669.69,31475.43,2025-04-04,31475.43,2
1664,1425,2025-02-17,351.02,72310.12,2025-03-22,72310.12,1
1665,1426,2025-02-19,141.73,65479.26,2025-03-16,65479.26,1
1666,1427,2024-09-04,94.25,7445.75,2024-11-26,7445.75,1
1667,1428,2026-01-29,146.2,53655.4,2026-02-16,53655.4,1
1668,1429,2026-01-03,11.57,3933.8,2026-03-01,3933.8,1
1669,1430,2024-11-06,222.45,20910.3,2024-11-30,20910.3,1
1670,1431,2025-10-15,321.25,157412.5,2025-12-03,157412.5,1
1671,1432,2024-11-18,343.06,73071.78,2024-12-13,73071.78,1
1672,1433,2025-09-16,69.51,20296.92,2025-10-25,20296.92,1
1673,1434,2025-04-22,96.01,24290.53,2025-05-26,24290.53,1
1674,1434,2025-04-24,96.01,24290.53,2025-05-24,24290.53,1
1675,1435,2025-01-16,51.33,9034.08,2025-02-16,9034.08,1
1676,1436,2024-05-01,71.82,20391.44,2024-06-07,20391.44,1
1677,1437,2025-05-11,13.68,4829.04,2025-06-22,4829.04,1
1678,1438,2024-10-18,157.98,69037.26,2024-12-31,69037.26,1
1679,1439,2024-06-22,754.99,258206.58,2024-08-05,258206.58,1
1680,1440,2024-06-10,1017.28,51881.28,2024-07-18,51881.28,1
1681,1440,2024-06-25,1017.28,51881.28,2024-07-18,51881.28,2
1682,1441,2026-02-02,6.3,497.7,2026-03-22,497.7,1
1683,1442,2024-04-05,257.49,106858.35,2024-05-04,106858.35,1
1684,1443,2025-08-20,41.14,5060.22,2025-09-28,5060.22,1
1685,1444,2025-11-04,54.82,4413.01,2025-12-23,4413.01,1
1686,1444,2025-11-13,54.82,4413.01,2025-11-29,4413.01,2
1687,1445,2024-03-10,5.8,1699.4,2024-05-01,1699.4,1
1688,1446,2025-04-04,131.44,44316.44,2025-05-02,44316.44,1
1689,1447,2025-04-06,139.02,29194.2,2025-05-21,29194.2,1
1690,1448,2024-10-21,39.33,9360.54,2024-11-20,9360.54,1
1691,1449,2025-06-14,292.52,91851.28,2025-08-13,91851.28,1
1692,1450,2024-11-30,168.65,9107.1,2025-01-14,9107.1,1
1693,1451,2024-12-10,243.43,11684.64,2025-01-20,11684.64,1
1694,1452,2024-12-28,395.94,110863.2,2025-03-04,110863.2,1
1695,1453,2025-09-09,777.2,328755.6,2025-10-12,328755.6,1
1696,1454,2025-04-20,216.7,55475.2,2025-06-21,55475.2,1
1697,1455,2024-11-27,12.08,4904.48,2024-12-27,4904.48,1
1698,1456,2025-12-23,627.24,146146.92,2026-01-17,146146.92,1
1699,1457,2025-10-05,22.86,2171.7,2025-10-20,2171.7,1
1700,1458,2026-01-03,70.71,9227.66,2026-02-23,9227.66,1
1701,1458,2026-01-15,70.71,9227.66,2026-03-17,9227.66,2
1702,1459,2025-07-18,450.73,123500.02,2025-07-26,123500.02,1
1703,1460,2024-11-24,931.09,295155.53,2025-01-02,295155.53,1
1704,1461,2025-08-15,66.52,798.24,2025-09-16,798.24,1
1705,1462,2024-09-28,70.17,13556.86,2024-10-30,13556.86,1
1706,1463,2024-08-13,534.69,252908.37,2024-10-12,252908.37,1
1707,1464,2024-12-20,290.27,22350.79,2025-02-14,22350.79,1
1708,1464,2025-01-04,290.27,22350.79,2025-02-10,22350.79,2
1709,1465,2025-12-22,424.16,37750.24,2025-12-31,37750.24,1
1710,1466,2025-04-11,11.72,5672.48,2025-05-18,5672.48,1
1711,1467,2024-11-27,16.32,7768.32,2024-12-09,7768.32,1
1712,1468,2025-02-01,9.98,1057.88,2025-02-25,1057.88,1
1713,1469,2024-08-27,371.18,24312.29,2024-10-07,24312.29,1
1714,1469,2024-09-13,371.18,24312.29,2024-09-17,24312.29,2
1715,1470,2025-05-26,67.25,19502.5,2025-07-06,19502.5,1
1716,1471,2024-10-29,147.59,37930.63,2024-11-09,37930.63,1
1717,1471,2024-10-31,147.59,37930.63,2024-11-30,37930.63,1
1718,1472,2025-03-14,132.67,23084.58,2025-04-22,23084.58,1
1719,1473,2024-10-27,6.16,2445.52,2024-11-29,2445.52,1
1720,1474,2024-10-07,838.07,65369.46,2024-12-01,65369.46,1
1721,1474,2024-10-20,838.07,65369.46,2024-11-15,65369.46,2
1722,1475,2026-01-28,46.1,4333.4,2026-03-28,4333.4,1
1723,1476,2024-11-07,342.11,79711.63,2024-12-29,79711.63,1
1724,1477,2024-03-26,28.97,13673.84,2024-04-25,13673.84,1
1725,1478,2024-11-03,65.15,1368.15,2024-12-14,1368.15,1
1726,1479,2025-03-13,65.05,4098.15,2025-04-20,4098.15,1
1727,1480,2024-04-24,388.97,72737.39,2024-06-02,72737.39,1
1728,1481,2024-10-04,178.68,57534.96,2024-12-09,57534.96,1
1729,1482,2024-05-19,85.5,9960.75,2024-06-28,9960.75,1
1730,1482,2024-06-09,85.5,9960.75,2024-08-08,9960.75,2
1731,1483,2025-02-04,24.61,8170.52,2025-03-06,8170.52,1
1732,1484,2025-07-12,211.12,32934.72,2025-08-19,32934.72,1
1733,1485,2025-12-23,1305.51,244783.12,2026-01-17,244783.12,1
1734,1485,2026-01-08,1305.51,244783.12,2026-03-03,244783.12,2
1735,1486,2024-11-18,31.61,11189.94,2024-12-19,11189.94,1
1736,1487,2025-10-25,74.74,14723.78,2025-12-08,14723.78,1
1737,1488,2024-06-20,63.18,9603.36,2024-07-08,9603.36,1
1738,1488,2024-07-04,63.18,9603.36,2024-07-23,9603.36,2
1739,1489,2025-08-18,39.31,16824.68,2025-09-21,16824.68,1
1740,1490,2025-03-25,36.58,4737.11,2025-05-05,4737.11,1
1741,1490,2025-04-04,36.58,4737.11,2025-05-10,4737.11,2
1742,1491,2025-08-05,144.85,3186.7,2025-09-25,3186.7,1
1743,1491,2025-08-16,144.85,3186.7,2025-10-17,3186.7,2
1744,1492,2025-08-18,62.29,6104.42,2025-09-03,6104.42,1
1745,1493,2025-02-22,120.6,13266.0,2025-05-04,13266.0,1
1746,1494,2024-07-30,50.17,10686.21,2024-09-13,10686.21,1
1747,1495,2025-03-24,5.5,2381.5,2025-05-18,2381.5,1
1748,1496,2025-09-13,1280.18,425019.76,2025-11-17,425019.76,1
1749,1497,2026-01-14,574.44,56007.9,2026-02-11,56007.9,1
1750,1497,2026-01-29,574.44,56007.9,2026-02-20,56007.9,2
1751,1498,2025-12-05,193.61,48402.5,2026-02-03,48402.5,1
1752,1499,2024-06-21,54.03,24043.35,2024-08-13,24043.35,1
1753,1500,2025-04-12,15.27,549.72,2025-05-20,549.72,1
1754,1500,2025-04-28,15.27,549.72,2025-05-25,549.72,2
1755,1501,2024-05-04,34.05,11883.45,2024-07-03,11883.45,1
1756,1502,2025-05-28,17.06,3702.02,2025-06-15,3702.02,1
1757,1502,2025-06-10,17.06,3702.02,2025-07-15,3702.02,2
1758,1503,2026-01-21,53.96,4910.36,2026-02-21,4910.36,1
1759,1504,2024-03-11,64.99,974.85,2024-05-28,974.85,1
1760,1505,2025-05-29,5.74,471.44,2025-07-29,471.44,1
1761,1506,2025-12-23,241.32,28717.08,2026-01-13,28717.08,1
1762,1507,2025-10-16,117.15,25187.25,2025-11-12,25187.25,1
1763,1508,2024-11-09,16.21,2934.01,2024-12-26,2934.01,1
1764,1509,2024-04-05,11.55,2079.0,2024-05-15,2079.0,1
1765,1509,2024-04-14,11.55,2079.0,2024-06-05,2079.0,2
1766,1510,2025-12-06,26.1,1409.4,2026-01-04,1409.4,1
1767,1511,2025-12-19,71.74,30130.8,2026-01-26,30130.8,1
1768,1512,2025-04-12,134.28,58814.64,2025-05-27,58814.64,1
1769,1513,2026-01-23,228.29,13583.26,2026-03-08,13583.26,1
1770,1513,2026-02-07,228.29,13583.26,2026-03-23,13583.26,2
1771,1514,2024-01-22,146.98,21165.12,2024-02-21,21165.12,1
1772,1515,2025-04-28,71.52,14876.16,2025-06-30,14876.16,1
1773,1516,2024-03-13,441.49,63353.82,2024-04-17,63353.82,1
1774,1516,2024-03-23,441.49,63353.82,2024-04-25,63353.82,2
1775,1517,2026-01-08,84.58,11714.33,2026-02-06,11714.33,1
1776,1517,2026-01-26,84.58,11714.33,2026-03-08,11714.33,2
1777,1518,2025-07-10,58.52,9889.88,2025-07-22,9889.88,1
1778,1519,2025-11-27,795.29,160648.58,2026-01-17,160648.58,1
1779,1520,2025-03-22,93.12,3911.04,2025-04-10,3911.04,1
1780,1520,2025-04-09,93.12,3911.04,2025-06-06,3911.04,2
1781,1521,2024-04-18,756.29,372094.68,2024-05-20,372094.68,1
1782,1522,2024-03-12,5.45,1536.9,2024-04-17,1536.9,1
1783,1523,2024-09-30,332.59,85808.22,2024-12-09,85808.22,1
1784,1524,2025-07-22,51.84,8035.2,2025-09-17,8035.2,1
1785,1525,2024-05-15,48.74,17838.84,2024-07-03,17838.84,1
1786,1525,2024-05-18,48.74,17838.84,2024-07-17,17838.84,1
1787,1526,2025-10-21,142.45,24216.5,2025-11-21,24216.5,1
1788,1527,2024-08-01,14.03,2413.16,2024-08-31,2413.16,1
1789,1528,2025-02-08,49.32,11984.76,2025-03-08,11984.76,1
1790,1529,2024-07-04,5.59,542.23,2024-09-04,542.23,1
1791,1530,2025-01-08,5.77,2267.61,2025-03-23,2267.61,1
1792,1531,2025-01-21,8.12,3767.68,2025-02-22,3767.68,1
1793,1532,2024-02-05,23.31,11212.11,2024-03-21,11212.11,1
1794,1533,2025-04-15,1051.32,120901.8,2025-06-05,120901.8,1
1795,1534,2025-09-13,57.22,21629.16,2025-11-09,21629.16,1
1796,1535,2025-12-24,20.51,5331.8,2026-01-01,5331.8,1
1797,1536,2024-09-22,6.18,2064.12,2024-11-04,2064.12,1
1798,1537,2025-11-15,14.51,710.99,2025-12-15,710.99,1
1799,1538,2025-11-03,229.38,4358.22,2025-12-28,4358.22,1
1800,1539,2026-02-01,32.37,12656.67,2026-03-25,12656.67,1
1801,1540,2024-11-11,391.23,156492.0,2025-01-17,156492.0,1
1802,1541,2025-09-30,10.56,3896.64,2025-10-30,3896.64,1
1803,1542,2025-02-24,33.01,15778.78,2025-04-04,15778.78,1
1804,1543,2024-03-16,1209.38,585339.92,2024-05-15,585339.92,1
1805,1544,2024-08-21,87.11,17857.55,2024-09-24,17857.55,1
1806,1545,2025-07-04,63.44,8849.88,2025-09-02,8849.88,1
1807,1545,2025-07-12,63.44,8849.88,2025-09-07,8849.88,2
1808,1546,2024-06-02,894.46,18783.66,2024-06-19,18783.66,1
1809,1547,2024-12-26,11.74,2089.72,2025-01-29,2089.72,1
1810,1548,2025-07-31,507.84,11172.48,2025-08-30,11172.48,1
1811,1549,2024-06-07,23.53,9764.95,2024-06-29,9764.95,1
1812,1550,2025-02-01,28.85,3346.6,2025-02-13,3346.6,1
1813,1551,2024-07-18,278.12,39632.1,2024-08-17,39632.1,1
1814,1551,2024-07-29,278.12,39632.1,2024-09-27,39632.1,2
1815,1552,2025-02-19,21.15,9538.65,2025-04-03,9538.65,1
1816,1553,2024-07-29,270.36,123284.16,2024-09-25,123284.16,1
1817,1554,2026-01-04,251.51,107143.26,2026-02-02,107143.26,1
1818,1555,2024-04-21,751.4,166059.4,2024-05-26,166059.4,1
1819,1556,2026-01-23,26.23,11829.73,2026-03-04,11829.73,1
1820,1557,2025-08-30,5.2,462.8,2025-09-22,462.8,1
1821,1557,2025-09-18,5.2,462.8,2025-11-17,462.8,2
1822,1558,2025-11-20,304.38,126013.32,2025-12-29,126013.32,1
1823,1559,2025-10-04,260.55,10291.72,2025-11-03,10291.72,1
1824,1559,2025-10-15,260.55,10291.72,2025-11-01,10291.72,2
1825,1560,2024-06-20,213.22,92111.04,2024-07-14,92111.04,1
1826,1561,2025-12-11,713.15,47781.05,2026-01-23,47781.05,1
1827,1562,2025-04-11,15.09,3561.24,2025-06-13,3561.24,1
1828,1562,2025-05-01,15.09,3561.24,2025-06-25,3561.24,2
1829,1563,2025-12-28,179.61,21642.8,2026-03-06,21642.8,1
1830,1564,2025-11-26,65.43,11188.53,2026-01-16,11188.53,1
1831,1564,2025-12-10,65.43,11188.53,2026-01-22,11188.53,2
1832,1565,2025-04-04,332.43,95407.41,2025-06-14,95407.41,1
1833,1566,2024-11-11,39.23,9650.58,2024-12-15,9650.58,1
1834,1567,2024-05-08,54.49,9045.34,2024-05-12,9045.34,1
1835,1568,2024-04-18,249.49,60127.09,2024-05-12,60127.09,1
1836,1568,2024-05-07,249.49,60127.09,2024-06-21,60127.09,2
1837,1569,2024-11-19,100.34,2508.5,2024-12-14,2508.5,1
1838,1570,2025-10-03,270.27,72972.9,2025-10-21,72972.9,1
1839,1571,2025-02-22,11.54,4339.04,2025-03-12,4339.04,1
1840,1572,2025-01-18,27.05,2380.4,2025-04-20,2380.4,1
1841,1573,2024-07-24,299.2,8676.8,2024-09-25,8676.8,1
1842,1574,2025-03-14,44.86,2826.18,2025-05-06,2826.18,1
1843,1575,2025-05-25,276.88,34886.88,2025-06-14,34886.88,1
1844,1575,2025-06-06,276.88,34886.88,2025-07-07,34886.88,2
1845,1576,2026-02-10,134.27,37327.06,2026-03-09,37327.06,1
1846,1577,2025-07-26,14.87,342.01,2025-09-18,342.01,1
1847,1577,2025-08-09,14.87,342.01,2025-09-09,342.01,2
1848,1578,2025-04-22,319.75,52439.0,2025-06-17,52439.0,1
1849,1578,2025-05-02,319.75,52439.0,2025-07-02,52439.0,2
1850,1579,2025-11-20,7.38,3660.48,2026-01-08,3660.48,1
1851,1580,2024-12-02,45.84,5225.76,2025-01-02,5225.76,1
1852,1581,2025-12-13,53.9,14229.6,2026-01-06,14229.6,1
1853,1582,2024-10-29,904.09,254049.29,2024-11-13,254049.29,1
1854,1583,2024-05-31,44.77,2865.28,2024-07-15,2865.28,1
1855,1584,2024-12-11,314.74,3776.88,2025-01-22,3776.88,1
1856,1585,2024-05-30,13.16,2658.32,2024-06-30,2658.32,1
1857,1586,2024-05-10,27.9,11020.5,2024-06-27,11020.5,1
1858,1587,2025-10-31,153.56,3981.9,2025-12-15,3981.9,1
1859,1588,2025-08-20,797.77,315916.92,2025-09-16,315916.92,1
1860,1589,2024-07-24,77.7,13947.15,2024-08-24,13947.15,1
1861,1589,2024-08-08,77.7,13947.15,2024-10-12,13947.15,2
1862,1590,2025-10-22,150.95,25225.5,2025-11-16,25225.5,1
1863,1590,2025-11-02,150.95,25225.5,2025-12-22,25225.5,2
1864,1591,2024-03-27,1166.9,239797.95,2024-05-28,239797.95,1
1865,1591,2024-04-09,1166.9,239797.95,2024-04-28,239797.95,2
1866,1592,2024-09-17,65.7,15636.6,2024-10-23,15636.6,1
1867,1593,2025-06-21,57.45,1579.88,2025-06-26,1579.88,1
1868,1593,2025-07-09,57.45,1579.88,2025-08-11,1579.88,2
1869,1594,2024-09-23,5.88,2722.44,2024-11-23,2722.44,1
1870,1595,2025-07-10,228.83,27230.77,2025-08-24,27230.77,1
1871,1596,2025-10-25,103.0,29046.0,2025-11-01,29046.0,1
1872,1597,2024-03-26,340.07,22784.69,2024-04-17,22784.69,1
1873,1597,2024-04-08,340.07,22784.69,2024-05-09,22784.69,2
1874,1598,2024-02-20,269.57,72514.33,2024-03-22,72514.33,1
1875,1599,2025-12-13,307.25,57763.0,2026-01-11,57763.0,1
1876,1600,2025-03-09,1240.39,101711.98,2025-04-23,101711.98,1
1877,1601,2025-02-17,1284.64,390530.56,2025-04-03,390530.56,1
1878,1602,2025-01-15,387.56,31004.8,2025-02-08,31004.8,1
1879,1603,2024-12-20,10.44,2119.32,2025-01-31,2119.32,1
1880,1604,2025-06-25,858.09,189548.3,2025-07-25,189548.3,1
1881,1605,2025-03-28,16.56,2094.84,2025-04-02,2094.84,1
1882,1605,2025-04-18,16.56,2094.84,2025-05-22,2094.84,2
1883,1606,2024-06-13,24.58,614.5,2024-07-12,614.5,1
1884,1607,2025-05-20,61.56,22223.16,2025-07-04,22223.16,1
1885,1608,2025-06-08,14.37,934.05,2025-07-19,934.05,1
1886,1609,2024-04-20,17.65,8577.9,2024-05-08,8577.9,1
1887,1610,2024-11-02,318.06,48345.12,2024-11-24,48345.12,1
1888,1611,2025-08-19,68.17,23314.14,2025-09-18,23314.14,1
1889,1612,2025-06-06,101.01,31212.09,2025-07-26,31212.09,1
1890,1613,2024-05-01,5.88,546.84,2024-07-06,546.84,1
1891,1614,2024-03-16,359.45,172895.45,2024-05-12,172895.45,1
1892,1615,2025-04-02,147.25,3975.75,2025-05-02,3975.75,1
1893,1616,2025-02-07,568.58,68798.18,2025-02-22,68798.18,1
1894,1617,2026-01-26,156.33,37988.19,2026-04-07,37988.19,1
1895,1618,2025-02-15,369.34,118558.14,2025-03-30,118558.14,1
1896,1619,2025-11-29,346.17,45002.1,2026-01-12,45002.1,1
1897,1620,2024-07-25,266.58,99967.5,2024-08-13,99967.5,1
1898,1621,2025-01-13,1043.92,329878.72,2025-02-15,329878.72,1
1899,1622,2024-06-05,197.85,76963.65,2024-07-08,76963.65,1
1900,1623,2025-04-05,5.58,2086.92,2025-05-15,2086.92,1
1901,1624,2024-06-04,897.74,69125.98,2024-07-17,69125.98,1
1902,1625,2025-01-13,306.93,10435.62,2025-02-08,10435.62,1
1903,1626,2024-10-31,172.17,68731.77,2024-12-12,68731.77,1
1904,1627,2024-07-07,69.03,26576.55,2024-09-05,26576.55,1
1905,1628,2024-04-04,283.76,33199.92,2024-06-18,33199.92,1
1906,1629,2025-02-26,98.07,24615.57,2025-04-17,24615.57,1
1907,1630,2026-01-13,5.71,1387.53,2026-03-14,1387.53,1
1908,1631,2024-07-04,58.58,3749.12,2024-08-25,3749.12,1
1909,1631,2024-07-22,58.58,3749.12,2024-09-21,3749.12,2
1910,1632,2024-12-20,55.86,5865.3,2025-02-15,5865.3,1
1911,1633,2024-07-28,52.5,16065.0,2024-09-05,16065.0,1
1912,1634,2025-10-01,277.73,32494.41,2025-12-09,32494.41,1
1913,1635,2024-12-04,811.04,346314.08,2024-12-07,346314.08,1
1914,1636,2026-01-20,10.04,3815.2,2026-03-07,3815.2,1
1915,1637,2024-07-09,159.57,53934.66,2024-09-29,53934.66,1
1916,1638,2024-03-31,34.98,8307.75,2024-06-06,8307.75,1
1917,1638,2024-04-15,34.98,8307.75,2024-06-06,8307.75,2
1918,1639,2025-03-26,5.34,1329.66,2025-05-10,1329.66,1
1919,1640,2025-05-22,343.45,34001.55,2025-07-22,34001.55,1
1920,1641,2026-01-24,40.48,2024.0,2026-03-11,2024.0,1
1921,1642,2025-11-28,286.96,20948.08,2026-01-12,20948.08,1
1922,1643,2025-10-22,47.2,6088.8,2025-12-08,6088.8,1
1923,1644,2025-05-25,6.32,1466.24,2025-07-20,1466.24,1
1924,1644,2025-06-09,6.32,1466.24,2025-08-10,1466.24,2
1925,1645,2024-10-14,39.58,2414.38,2024-11-29,2414.38,1
1926,1646,2025-01-16,74.86,16094.9,2025-03-08,16094.9,1
1927,1647,2024-04-21,338.78,12196.08,2024-06-21,12196.08,1
1928,1647,2024-05-05,338.78,12196.08,2024-07-14,12196.08,2
1929,1648,2025-01-05,219.88,106861.68,2025-02-06,106861.68,1
1930,1649,2024-11-02,301.82,10563.7,2025-01-01,10563.7,1
1931,1650,2024-03-22,63.39,12361.05,2024-05-04,12361.05,1
1932,1651,2024-07-10,13.89,5597.67,2024-08-19,5597.67,1
1933,1652,2025-02-22,53.19,22552.56,2025-03-03,22552.56,1
1934,1653,2024-10-23,63.49,1079.33,2024-12-29,1079.33,1
1935,1654,2026-02-17,113.23,1188.92,2026-04-29,1188.92,1
1936,1654,2026-03-01,113.23,1188.92,2026-04-01,1188.92,2
1937,1655,2025-02-12,22.51,1429.38,2025-02-26,1429.38,1
1938,1655,2025-03-01,22.51,1429.38,2025-04-06,1429.38,2
1939,1656,2026-01-11,160.38,46349.82,2026-02-26,46349.82,1
1940,1657,2025-05-10,63.09,10062.86,2025-05-14,10062.86,1
1941,1657,2025-05-20,63.09,10062.86,2025-06-19,10062.86,2
1942,1658,2024-03-21,66.05,13804.45,2024-04-30,13804.45,1
1943,1659,2024-07-20,285.27,139497.03,2024-08-16,139497.03,1
1944,1660,2025-07-20,12.65,1467.4,2025-08-14,1467.4,1
1945,1661,2025-02-24,69.92,3286.24,2025-03-18,3286.24,1
1946,1661,2025-03-11,69.92,3286.24,2025-04-22,3286.24,2
1947,1662,2024-09-15,107.48,49870.72,2024-10-25,49870.72,1
1948,1663,2025-02-21,27.74,11373.4,2025-04-19,11373.4,1
1949,1664,2025-11-22,75.93,21260.4,2025-12-30,21260.4,1
1950,1665,2024-11-27,18.68,5342.48,2024-12-16,5342.48,1
1951,1666,2024-03-19,1534.64,492619.44,2024-04-28,492619.44,1
1952,1667,2024-09-22,264.3,79212.15,2024-10-20,79212.15,1
1953,1668,2025-12-23,794.59,266187.65,2025-12-24,266187.65,1
1954,1669,2025-08-25,76.4,32928.4,2025-10-05,32928.4,1
1955,1670,2025-10-14,985.42,218763.24,2025-11-05,218763.24,1
1956,1671,2025-11-30,165.31,9009.4,2025-12-23,9009.4,1
1957,1671,2025-12-11,165.31,9009.4,2026-01-02,9009.4,2
1958,1672,2024-05-07,248.05,32805.5,2024-05-23,32805.5,1
1959,1673,2024-09-05,504.32,155167.65,2024-10-09,155167.65,1
1960,1674,2024-04-18,42.61,6221.06,2024-06-02,6221.06,1
1961,1675,2024-02-01,21.11,1023.84,2024-02-27,1023.84,1
1962,1675,2024-02-18,21.11,1023.84,2024-03-31,1023.84,2
1963,1676,2025-09-29,11.78,871.72,2025-11-13,871.72,1
1964,1676,2025-10-14,11.78,871.72,2025-11-21,871.72,2
1965,1677,2025-12-19,313.61,17091.74,2026-02-08,17091.74,1
1966,1677,2026-01-03,313.61,17091.74,2026-03-09,17091.74,2
1967,1678,2024-05-14,164.79,44493.3,2024-06-21,44493.3,1
1968,1679,2025-07-27,5.56,1095.32,2025-08-20,1095.32,1
1969,1680,2025-02-22,55.75,4850.25,2025-03-21,4850.25,1
1970,1681,2024-03-28,68.16,31626.24,2024-04-17,31626.24,1
1971,1682,2025-12-05,882.15,75864.9,2026-01-28,75864.9,1
1972,1683,2025-12-08,57.64,20865.68,2026-01-18,20865.68,1
1973,1684,2025-04-20,84.82,40968.06,2025-05-16,40968.06,1
1974,1685,2025-07-08,16.21,6094.96,2025-08-08,6094.96,1
1975,1686,2024-11-05,321.81,153825.18,2024-12-27,153825.18,1
1976,1687,2025-10-01,86.65,18716.4,2025-12-07,18716.4,1
1977,1688,2024-12-05,136.18,42079.62,2025-01-06,42079.62,1
1978,1689,2026-02-12,307.33,98652.93,2026-03-12,98652.93,1
1979,1690,2024-03-21,39.56,9217.48,2024-05-08,9217.48,1
1980,1691,2024-06-08,31.5,3969.0,2024-08-29,3969.0,1
1981,1692,2026-01-08,289.04,77173.68,2026-02-04,77173.68,1
1982,1693,2024-08-29,251.44,115662.4,2024-10-14,115662.4,1
1983,1694,2024-09-13,13.07,6260.53,2024-11-01,6260.53,1
1984,1695,2025-08-19,158.12,42692.4,2025-09-21,42692.4,1
1985,1696,2024-06-13,68.71,33049.51,2024-07-08,33049.51,1
1986,1697,2025-03-12,151.25,23292.5,2025-04-20,23292.5,1
1987,1698,2024-09-27,36.97,17634.69,2024-10-30,17634.69,1
1988,1699,2024-06-22,158.8,24296.4,2024-08-25,24296.4,1
1989,1700,2026-01-16,78.19,37453.01,2026-02-15,37453.01,1
1990,1701,2024-07-14,52.6,3986.01,2024-09-04,3986.01,1
1991,1702,2024-04-23,272.41,92619.4,2024-06-15,92619.4,1
1992,1703,2025-06-10,164.05,51839.8,2025-08-15,51839.8,1
1993,1704,2025-11-14,717.91,292189.37,2025-12-14,292189.37,1
1994,1705,2024-05-07,613.22,125096.88,2024-05-23,125096.88,1
1995,1706,2025-07-08,131.1,10488.0,2025-07-30,10488.0,1
1996,1707,2025-03-21,151.31,16901.14,2025-04-20,16901.14,1
1997,1708,2025-09-12,176.33,29799.77,2025-10-06,29799.77,1
1998,1709,2024-05-24,279.1,50796.2,2024-08-10,50796.2,1
1999,1709,2024-06-15,279.1,50796.2,2024-08-14,50796.2,2
2000,1710,2026-02-16,37.91,9515.41,2026-03-12,9515.41,1
2001,1711,2025-04-28,57.42,21015.72,2025-06-13,21015.72,1
2002,1712,2025-11-02,75.62,15275.24,2026-01-04,15275.24,1
2003,1713,2024-10-31,11.95,3356.64,2024-11-30,3356.64,1
2004,1714,2026-01-03,869.53,382593.2,2026-02-02,382593.2,1
2005,1715,2025-05-16,690.03,53822.34,2025-06-25,53822.34,1
2006,1716,2024-04-22,77.69,7147.48,2024-05-21,7147.48,1
2007,1717,2025-12-19,46.8,8691.64,2026-02-12,8691.64,1
2008,1717,2025-12-29,46.8,8691.64,2026-02-24,8691.64,2
2009,1718,2025-09-17,5.93,1352.04,2025-10-26,1352.04,1
2010,1719,2024-09-13,14.44,5285.04,2024-10-22,5285.04,1
2011,1720,2025-03-22,312.62,126923.72,2025-05-03,126923.72,1
2012,1721,2024-11-12,259.75,114549.75,2024-12-21,114549.75,1
2013,1722,2025-03-05,918.98,236617.22,2025-05-01,236617.22,1
2014,1723,2025-12-22,48.07,20477.82,2026-02-23,20477.82,1
2015,1724,2025-12-07,308.3,63355.65,2026-01-15,63355.65,1
2016,1724,2025-12-18,308.3,63355.65,2026-01-14,63355.65,2
2017,1725,2024-07-08,51.57,8638.11,2024-08-21,8638.11,1
2018,1725,2024-07-20,51.57,8638.11,2024-09-21,8638.11,2
2019,1726,2026-01-27,72.17,3391.99,2026-03-28,3391.99,1
2020,1727,2025-01-22,7.1,2729.7,2025-03-21,2729.7,1
2021,1728,2025-07-16,395.08,107066.68,2025-08-15,107066.68,1
2022,1729,2025-08-20,56.08,6589.4,2025-09-16,6589.4,1
2023,1729,2025-09-06,56.08,6589.4,2025-10-17,6589.4,2
2024,1730,2025-03-01,62.79,30076.41,2025-03-24,30076.41,1
2025,1731,2025-01-26,297.94,103240.25,2025-04-01,103240.25,1
2026,1732,2024-12-18,17.56,1756.0,2024-12-29,1756.0,1
2027,1733,2025-10-30,7.73,3285.25,2025-12-27,3285.25,1
2028,1734,2024-10-28,410.86,74365.66,2024-11-24,74365.66,1
2029,1735,2024-09-04,146.72,23475.2,2024-10-01,23475.2,1
2030,1736,2024-11-12,194.64,77077.44,2024-12-18,77077.44,1
2031,1737,2024-07-18,400.06,89213.38,2024-07-28,89213.38,1
2032,1738,2024-10-19,11.13,1708.46,2024-11-17,1708.46,1
2033,1738,2024-11-03,11.13,1708.46,2024-12-02,1708.46,2
2034,1739,2024-05-21,13.42,161.04,2024-06-12,161.04,1
2035,1739,2024-06-02,13.42,161.04,2024-07-16,161.04,2
2036,1740,2024-03-21,595.17,37793.3,2024-05-09,37793.3,1
2037,1740,2024-04-11,595.17,37793.3,2024-06-15,37793.3,2
2038,1741,2025-07-18,1322.09,256485.46,2025-07-31,256485.46,1
2039,1742,2024-03-25,108.16,35152.0,2024-04-08,35152.0,1
2040,1743,2025-03-03,38.69,5029.7,2025-04-10,5029.7,1
2041,1743,2025-03-18,38.69,5029.7,2025-05-06,5029.7,2
2042,1744,2025-09-24,81.85,1145.9,2025-10-14,1145.9,1
2043,1744,2025-10-03,81.85,1145.9,2025-11-03,1145.9,2
2044,1745,2025-07-31,175.33,13149.75,2025-08-15,13149.75,1
2045,1746,2024-12-02,24.74,5554.13,2024-12-20,5554.13,1
2046,1746,2024-12-17,24.74,5554.13,2025-01-26,5554.13,2
2047,1747,2024-07-19,69.93,3286.71,2024-08-16,3286.71,1
2048,1748,2026-01-03,1426.51,218256.03,2026-03-04,218256.03,1
2049,1749,2025-10-11,387.28,79005.12,2025-12-05,79005.12,1
2050,1750,2025-04-24,66.2,3310.0,2025-06-22,3310.0,1
2051,1751,2024-04-01,71.41,15067.51,2024-06-07,15067.51,1
2052,1751,2024-04-03,71.41,15067.51,2024-05-18,15067.51,1
2053,1752,2024-03-03,43.72,9093.76,2024-04-10,9093.76,1
2054,1753,2024-09-13,45.34,3037.78,2024-10-06,3037.78,1
2055,1754,2024-06-01,808.05,43327.16,2024-07-08,43327.16,1
2056,1754,2024-06-15,808.05,43327.16,2024-07-15,43327.16,2
2057,1755,2025-10-11,144.63,61467.75,2025-11-02,61467.75,1
2058,1756,2024-06-12,268.53,23362.11,2024-07-22,23362.11,1
2059,1757,2024-08-07,1233.21,337899.54,2024-09-21,337899.54,1
2060,1758,2026-01-18,312.17,135793.95,2026-03-25,135793.95,1
2061,1759,2025-09-09,17.58,3392.94,2025-10-23,3392.94,1
2062,1759,2025-09-24,17.58,3392.94,2025-11-10,3392.94,2
2063,1760,2024-07-29,32.56,1204.72,2024-09-22,1204.72,1
2064,1761,2024-12-08,61.71,740.52,2025-01-12,740.52,1
2065,1762,2025-03-17,41.62,15048.39,2025-04-19,15048.39,1
2066,1763,2025-06-14,58.95,14914.35,2025-07-13,14914.35,1
2067,1764,2025-12-03,40.65,14146.2,2026-01-25,14146.2,1
2068,1765,2025-10-12,72.34,21195.62,2025-11-10,21195.62,1
2069,1766,2026-01-19,1475.68,444179.68,2026-03-09,444179.68,1
2070,1767,2024-02-22,75.58,19869.12,2024-05-09,19869.12,1
2071,1768,2024-07-27,51.97,831.52,2024-09-08,831.52,1
2072,1769,2025-04-01,152.4,13258.8,2025-06-13,13258.8,1
2073,1770,2024-02-25,14.11,3725.04,2024-04-26,3725.04,1
2074,1771,2024-10-10,268.95,58362.15,2024-11-21,58362.15,1
2075,1772,2024-06-02,48.17,19027.15,2024-07-02,19027.15,1
2076,1773,2025-12-28,22.16,9150.52,2026-02-12,9150.52,1
2077,1774,2024-03-28,5.81,482.23,2024-05-16,482.23,1
2078,1775,2024-06-20,51.04,3215.52,2024-08-15,3215.52,1
2079,1775,2024-07-08,51.04,3215.52,2024-09-22,3215.52,2
2080,1776,2024-06-11,299.38,90712.14,2024-07-30,90712.14,1
2081,1777,2024-05-10,64.01,29316.58,2024-06-10,29316.58,1
2082,1778,2025-04-23,100.65,17915.7,2025-05-23,17915.7,1
2083,1779,2024-11-07,286.35,99936.15,2024-12-07,99936.15,1
2084,1780,2025-12-14,302.23,134794.58,2026-01-09,134794.58,1
2085,1781,2024-09-11,323.76,127885.2,2024-10-09,127885.2,1
2086,1782,2025-03-18,35.52,16172.21,2025-05-07,16172.21,1
2087,1783,2025-05-19,16.28,3288.56,2025-06-02,3288.56,1
2088,1784,2025-05-09,74.96,8245.6,2025-06-11,8245.6,1
2089,1785,2025-08-29,292.8,24888.0,2025-09-08,24888.0,1
2090,1786,2024-06-23,141.12,36550.08,2024-07-20,36550.08,1
2091,1787,2025-01-20,383.73,49884.9,2025-03-11,49884.9,1
2092,1788,2025-09-25,538.17,104943.15,2025-11-12,104943.15,1
2093,1789,2025-11-05,230.91,36714.69,2025-12-10,36714.69,1
2094,1790,2025-04-27,31.92,4085.76,2025-05-23,4085.76,1
2095,1791,2025-06-06,106.78,53069.66,2025-06-19,53069.66,1
2096,1792,2025-11-12,13.17,1369.68,2025-12-13,1369.68,1
2097,1793,2025-05-01,544.9,64025.75,2025-06-08,64025.75,1
2098,1793,2025-05-16,544.9,64025.75,2025-07-12,64025.75,2
2099,1794,2025-12-22,34.18,9775.48,2026-01-18,9775.48,1
2100,1795,2024-04-29,800.27,216873.17,2024-05-30,216873.17,1
2101,1796,2024-10-20,215.09,35920.03,2024-10-31,35920.03,1
2102,1796,2024-10-31,215.09,35920.03,2024-11-21,35920.03,2
2103,1797,2024-04-24,32.16,1961.76,2024-05-25,1961.76,1
2104,1798,2024-04-21,50.0,9500.0,2024-06-20,9500.0,1
2105,1799,2025-02-07,51.87,21264.96,2025-03-06,21264.96,1
2106,1800,2024-07-07,5.85,1848.6,2024-07-31,1848.6,1
2107,1801,2024-11-30,73.75,27066.25,2024-12-31,27066.25,1
2108,1802,2024-12-20,325.39,116489.62,2025-02-04,116489.62,1
2109,1803,2025-04-26,23.21,4711.63,2025-06-08,4711.63,1
2110,1804,2025-12-23,122.34,5872.32,2026-01-09,5872.32,1
2111,1805,2025-10-27,157.1,9426.0,2025-11-14,9426.0,1
2112,1806,2024-11-29,61.43,20275.36,2025-01-25,20275.36,1
2113,1806,2024-11-30,61.43,20275.36,2025-01-29,20275.36,1
2114,1807,2024-10-17,745.43,222138.14,2024-11-18,222138.14,1
2115,1808,2025-08-31,46.53,20473.2,2025-10-10,20473.2,1
2116,1809,2024-05-23,375.71,84910.46,2024-07-04,84910.46,1
2117,1809,2024-06-03,375.71,84910.46,2024-06-26,84910.46,2
2118,1810,2025-03-14,104.8,32907.2,2025-04-13,32907.2,1
2119,1811,2024-12-09,107.85,27393.9,2025-01-05,27393.9,1
2120,1812,2024-06-21,765.45,274796.55,2024-08-14,274796.55,1
2121,1813,2025-05-11,26.36,263.6,2025-07-11,263.6,1
2122,1814,2024-10-23,55.44,12695.76,2024-11-23,12695.76,1
2123,1815,2024-06-22,19.15,9306.9,2024-08-10,9306.9,1
2124,1816,2025-05-14,923.71,136709.08,2025-06-25,136709.08,1
2125,1817,2024-06-05,477.39,28300.53,2024-07-06,28300.53,1
2126,1817,2024-06-14,477.39,28300.53,2024-07-08,28300.53,2
2127,1818,2025-06-12,71.86,13868.98,2025-07-09,13868.98,1
2128,1819,2024-06-13,44.85,4260.75,2024-07-21,4260.75,1
2129,1820,2024-12-19,24.87,8182.23,2025-02-16,8182.23,1
2130,1820,2024-12-20,24.87,8182.23,2025-02-03,8182.23,1
2131,1821,2025-10-05,14.69,5156.19,2025-11-15,5156.19,1
2132,1822,2024-07-21,14.34,5664.3,2024-08-17,5664.3,1
2133,1823,2025-09-07,5.84,922.72,2025-11-06,922.72,1
2134,1824,2025-07-03,5.82,1338.6,2025-09-06,1338.6,1
2135,1825,2025-11-22,76.46,31272.14,2025-12-02,31272.14,1
2136,1826,2024-06-17,145.64,62770.84,2024-09-12,62770.84,1
2137,1827,2025-08-06,33.43,5649.67,2025-09-05,5649.67,1
2138,1828,2026-01-17,64.05,4739.7,2026-01-18,4739.7,1
2139,1829,2025-08-15,31.72,1887.34,2025-09-20,1887.34,1
2140,1829,2025-09-01,31.72,1887.34,2025-10-04,1887.34,2
2141,1830,2024-06-24,620.05,97347.85,2024-09-08,97347.85,1
2142,1831,2025-09-12,65.46,12895.62,2025-10-22,12895.62,1
2143,1832,2024-04-22,341.94,96427.08,2024-05-22,96427.08,1
2144,1833,2025-04-06,267.22,63731.97,2025-05-20,63731.97,1
2145,1833,2025-04-14,267.22,63731.97,2025-05-17,63731.97,2
2146,1834,2025-02-28,172.67,13295.59,2025-04-23,13295.59,1
2147,1835,2025-02-05,51.81,11035.53,2025-02-22,11035.53,1
2148,1836,2025-02-03,68.01,2108.31,2025-04-19,2108.31,1
2149,1837,2024-03-08,38.96,935.04,2024-04-19,935.04,1
2150,1837,2024-03-31,38.96,935.04,2024-05-03,935.04,2
2151,1838,2025-02-07,83.57,919.27,2025-04-01,919.27,1
2152,1839,2025-12-11,323.53,128117.88,2026-02-10,128117.88,1
2153,1840,2025-01-06,290.99,24152.17,2025-02-08,24152.17,1
2154,1841,2024-09-16,1480.11,150971.22,2024-10-23,150971.22,1
2155,1842,2026-02-17,39.16,9476.72,2026-04-13,9476.72,1
2156,1843,2024-03-25,403.1,59255.7,2024-04-27,59255.7,1
2157,1844,2025-02-09,112.37,19566.0,2025-02-24,19566.0,1
2158,1845,2025-02-12,212.51,66303.12,2025-04-13,66303.12,1
2159,1846,2025-01-23,139.22,8074.76,2025-02-20,8074.76,1
2160,1847,2025-12-22,72.82,32696.18,2026-01-24,32696.18,1
2161,1848,2024-11-15,56.78,16352.64,2024-12-01,16352.64,1
2162,1849,2026-01-02,125.63,47865.03,2026-03-26,47865.03,1
2163,1850,2024-03-28,271.44,26329.68,2024-06-06,26329.68,1
2164,1851,2025-07-06,292.56,11409.84,2025-08-13,11409.84,1
2165,1852,2025-04-20,1421.58,589955.7,2025-05-24,589955.7,1
2166,1853,2024-08-03,305.03,93644.21,2024-09-23,93644.21,1
2167,1854,2024-08-17,290.2,55573.3,2024-09-23,55573.3,1
2168,1854,2024-08-30,290.2,55573.3,2024-10-12,55573.3,2
2169,1855,2025-07-16,51.39,16136.46,2025-08-09,16136.46,1
2170,1856,2025-05-28,152.62,23808.72,2025-07-15,23808.72,1
2171,1857,2025-05-01,33.6,5476.8,2025-05-09,5476.8,1
2172,1857,2025-05-04,33.6,5476.8,2025-06-03,5476.8,1
2173,1858,2024-02-20,87.68,25403.24,2024-03-05,25403.24,1
2174,1859,2025-04-23,50.45,8569.0,2025-05-13,8569.0,1
2175,1860,2026-01-07,42.02,9706.62,2026-02-13,9706.62,1
2176,1861,2024-02-10,928.5,19498.5,2024-04-13,19498.5,1
2177,1861,2024-02-22,928.5,19498.5,2024-05-02,19498.5,2
2178,1862,2025-01-03,138.48,19161.12,2025-02-18,19161.12,1
2179,1863,2025-02-14,30.4,9272.0,2025-03-04,9272.0,1
2180,1864,2025-11-06,166.68,62338.32,2026-01-11,62338.32,1
2181,1865,2024-09-15,6.22,2102.36,2024-11-01,2102.36,1
2182,1866,2025-01-28,67.99,7274.93,2025-02-15,7274.93,1
2183,1867,2025-07-18,6.62,1774.16,2025-09-16,1774.16,1
2184,1868,2024-03-27,548.65,98757.0,2024-05-02,98757.0,1
2185,1869,2025-09-06,355.58,51203.52,2025-10-31,51203.52,1
2186,1870,2025-10-09,24.75,5123.25,2025-11-27,5123.25,1
2187,1871,2025-06-30,806.55,208089.9,2025-08-01,208089.9,1
2188,1872,2025-05-03,69.28,7690.08,2025-05-14,7690.08,1
2189,1872,2025-05-14,69.28,7690.08,2025-06-27,7690.08,2
2190,1873,2025-07-27,309.79,131660.75,2025-09-08,131660.75,1
2191,1874,2025-09-04,159.33,71857.83,2025-09-19,71857.83,1
2192,1875,2025-12-01,6.02,698.32,2026-01-01,698.32,1
2193,1876,2024-12-02,66.07,6673.07,2025-01-03,6673.07,1
2194,1877,2025-01-11,6.51,1992.06,2025-03-05,1992.06,1
2195,1878,2025-05-31,147.67,68666.55,2025-06-28,68666.55,1
2196,1879,2024-06-20,188.44,91958.72,2024-08-29,91958.72,1
2197,1880,2025-11-06,21.15,5054.85,2026-01-13,5054.85,1
2198,1881,2025-08-17,23.18,3222.02,2025-10-11,3222.02,1
2199,1882,2025-05-03,438.6,121053.6,2025-06-14,121053.6,1
2200,1883,2024-09-16,82.28,36943.72,2024-12-04,36943.72,1
2201,1884,2024-10-22,789.71,270870.53,2024-12-04,270870.53,1
2202,1885,2024-12-17,27.27,599.94,2025-03-03,599.94,1
2203,1886,2025-05-26,75.83,21156.57,2025-08-06,21156.57,1
2204,1887,2025-09-09,26.95,10025.4,2025-10-14,10025.4,1
2205,1888,2025-06-08,52.6,9047.2,2025-06-25,9047.2,1
2206,1888,2025-06-20,52.6,9047.2,2025-07-12,9047.2,2
2207,1889,2025-12-27,27.31,1147.02,2026-01-31,1147.02,1
2208,1890,2026-01-26,220.65,22947.6,2026-03-03,22947.6,1
2209,1891,2025-06-26,265.24,76389.12,2025-07-24,76389.12,1
2210,1891,2025-06-27,265.24,76389.12,2025-07-27,76389.12,1
2211,1892,2024-11-07,7.51,3387.01,2024-12-23,3387.01,1
2212,1893,2025-04-17,40.71,19785.06,2025-05-14,19785.06,1
2213,1894,2024-12-22,25.94,4396.83,2025-01-21,4396.83,1
2214,1894,2025-01-11,25.94,4396.83,2025-02-16,4396.83,2
2215,1895,2025-05-06,43.65,1942.42,2025-06-04,1942.42,1
2216,1895,2025-05-23,43.65,1942.42,2025-06-27,1942.42,2
2217,1896,2025-10-15,55.92,27792.24,2025-11-22,27792.24,1
2218,1897,2024-11-16,70.66,6642.04,2024-12-16,6642.04,1
2219,1898,2025-02-19,21.48,2405.76,2025-03-20,2405.76,1
2220,1898,2025-03-03,21.48,2405.76,2025-04-01,2405.76,2
2221,1899,2024-03-29,131.46,40621.14,2024-05-03,40621.14,1
2222,1900,2025-07-05,25.17,3171.42,2025-08-20,3171.42,1
2223,1900,2025-07-23,25.17,3171.42,2025-08-11,3171.42,2
2224,1901,2025-02-01,65.09,17509.21,2025-03-18,17509.21,1
2225,1902,2024-12-29,321.29,79358.63,2025-01-21,79358.63,1
2226,1902,2025-01-10,321.29,79358.63,2025-02-28,79358.63,2
2227,1903,2025-03-12,228.69,52484.36,2025-04-05,52484.36,1
2228,1903,2025-03-22,228.69,52484.36,2025-04-24,52484.36,2
2229,1904,2024-07-25,155.84,34908.16,2024-09-25,34908.16,1
2230,1904,2024-08-08,155.84,34908.16,2024-10-12,34908.16,2
2231,1905,2025-05-13,63.96,17141.28,2025-06-11,17141.28,1
2232,1906,2025-08-15,299.92,53385.76,2025-09-11,53385.76,1
2233,1906,2025-08-24,299.92,53385.76,2025-09-13,53385.76,2
2234,1907,2024-10-09,30.98,3965.44,2024-11-16,3965.44,1
2235,1907,2024-10-19,30.98,3965.44,2024-11-29,3965.44,2
2236,1908,2024-05-22,68.66,23231.65,2024-06-07,23231.65,1
2237,1909,2024-12-03,264.93,89281.41,2024-12-29,89281.41,1
2238,1910,2024-07-02,24.55,5450.1,2024-08-21,5450.1,1
2239,1911,2024-10-09,57.25,11736.25,2024-12-03,11736.25,1
2240,1911,2024-10-10,57.25,11736.25,2024-12-09,11736.25,1
2241,1912,2025-05-06,157.12,11469.76,2025-07-05,11469.76,1
2242,1913,2024-04-23,142.12,49884.12,2024-05-28,49884.12,1
2243,1914,2025-08-08,291.7,126889.5,2025-09-12,126889.5,1
2244,1915,2024-06-29,997.8,188584.2,2024-08-09,188584.2,1
2245,1916,2025-11-25,315.28,82603.36,2026-01-27,82603.36,1
2246,1917,2025-07-19,119.59,23499.44,2025-09-13,23499.44,1
2247,1917,2025-08-01,119.59,23499.44,2025-10-01,23499.44,2
2248,1918,2024-08-29,9.8,2430.4,2024-09-28,2430.4,1
2249,1919,2025-04-08,691.43,46325.81,2025-05-26,46325.81,1
2250,1919,2025-04-21,691.43,46325.81,2025-05-18,46325.81,2
2251,1920,2024-04-12,314.02,115559.36,2024-05-21,115559.36,1
2252,1921,2024-05-17,480.0,157920.0,2024-06-14,157920.0,1
2253,1922,2026-01-08,14.02,2495.56,2026-03-06,2495.56,1
2254,1923,2025-09-13,5.32,617.12,2025-11-01,617.12,1
2255,1924,2024-05-29,6.33,762.76,2024-07-19,762.76,1
2256,1924,2024-06-14,6.33,762.76,2024-07-29,762.76,2
2257,1925,2024-09-19,48.78,7463.34,2024-10-20,7463.34,1
2258,1926,2024-07-06,58.64,19996.24,2024-08-15,19996.24,1
2259,1927,2024-11-03,90.67,7978.96,2024-11-18,7978.96,1
2260,1928,2024-09-22,73.22,29580.88,2024-11-24,29580.88,1
2261,1929,2024-10-17,43.75,15750.0,2024-11-02,15750.0,1
2262,1930,2025-02-17,10.81,1962.02,2025-04-05,1962.02,1
2263,1930,2025-02-25,10.81,1962.02,2025-04-14,1962.02,2
2264,1931,2024-06-13,276.3,43655.4,2024-07-13,43655.4,1
2265,1931,2024-07-03,276.3,43655.4,2024-08-01,43655.4,2
2266,1932,2025-10-29,11.45,4454.05,2025-12-28,4454.05,1
2267,1933,2025-07-01,46.29,18053.1,2025-08-15,18053.1,1
2268,1934,2025-07-29,64.94,22404.3,2025-09-18,22404.3,1
2269,1935,2024-07-10,65.1,18944.1,2024-08-06,18944.1,1
2270,1936,2025-08-08,873.35,191263.65,2025-09-29,191263.65,1
2271,1937,2025-10-17,321.93,14808.78,2025-11-17,14808.78,1
2272,1938,2024-05-23,78.33,34308.54,2024-06-20,34308.54,1
2273,1939,2025-08-20,243.11,113532.37,2025-09-16,113532.37,1
2274,1940,2024-10-21,270.52,119299.32,2024-11-11,119299.32,1
2275,1941,2025-09-01,14.21,1392.58,2025-10-20,1392.58,1
2276,1942,2025-01-23,283.11,31945.5,2025-02-19,31945.5,1
2277,1942,2025-02-03,283.11,31945.5,2025-03-05,31945.5,2
2278,1943,2025-08-23,59.12,20337.28,2025-09-28,20337.28,1
2279,1944,2024-05-21,107.58,33780.12,2024-06-17,33780.12,1
2280,1945,2024-11-09,112.64,3379.2,2025-01-08,3379.2,1
2281,1946,2024-09-14,63.2,26733.6,2024-11-14,26733.6,1
2282,1947,2024-08-07,40.72,12134.56,2024-09-05,12134.56,1
2283,1948,2024-09-26,825.32,214583.2,2024-11-12,214583.2,1
2284,1949,2024-10-30,586.61,69219.98,2024-12-11,69219.98,1
2285,1950,2024-04-17,61.78,23599.96,2024-06-11,23599.96,1
2286,1951,2025-07-05,53.95,19044.35,2025-07-31,19044.35,1
2287,1952,2025-03-26,68.84,18724.48,2025-05-23,18724.48,1
2288,1953,2025-09-19,47.41,18964.0,2025-10-24,18964.0,1
2289,1954,2025-07-21,649.16,148657.64,2025-09-19,148657.64,1
2290,1955,2024-05-25,375.44,21400.08,2024-07-20,21400.08,1
2291,1956,2024-03-22,318.74,130045.92,2024-05-14,130045.92,1
2292,1957,2024-12-31,227.53,79407.97,2025-02-26,79407.97,1
2293,1958,2025-02-16,824.23,121986.04,2025-03-28,121986.04,1
2294,1958,2025-03-06,824.23,121986.04,2025-04-21,121986.04,2
2295,1959,2024-08-08,152.42,4877.44,2024-09-11,4877.44,1
2296,1959,2024-08-30,152.42,4877.44,2024-10-02,4877.44,2
2297,1960,2025-08-20,6.55,2783.75,2025-10-12,2783.75,1
2298,1961,2025-04-14,11.43,560.07,2025-05-28,560.07,1
2299,1961,2025-04-29,11.43,560.07,2025-05-26,560.07,2
2300,1962,2025-08-23,348.26,80448.06,2025-09-09,80448.06,1
2301,1963,2024-05-24,39.78,3818.88,2024-07-05,3818.88,1
2302,1964,2025-10-15,57.69,22210.65,2025-11-19,22210.65,1
2303,1965,2024-07-11,10.54,3773.32,2024-08-29,3773.32,1
2304,1966,2024-12-03,498.94,180616.28,2025-01-04,180616.28,1
2305,1967,2025-01-01,41.63,10990.32,2025-01-17,10990.32,1
2306,1968,2025-09-22,1716.78,418894.32,2025-10-31,418894.32,1
2307,1969,2024-09-13,51.83,10106.85,2024-10-28,10106.85,1
2308,1970,2024-08-05,68.23,14430.64,2024-10-09,14430.64,1
2309,1970,2024-08-24,68.23,14430.64,2024-09-26,14430.64,2
2310,1971,2024-10-12,912.82,198994.76,2024-11-06,198994.76,1
2311,1972,2024-11-01,49.26,16896.18,2024-12-09,16896.18,1
2312,1973,2024-06-14,319.73,134606.33,2024-08-13,134606.33,1
2313,1974,2024-07-03,41.22,14262.12,2024-08-06,14262.12,1
2314,1975,2024-08-08,12.28,1681.68,2024-09-25,1681.68,1
2315,1976,2025-01-04,149.66,3891.16,2025-01-25,3891.16,1
2316,1977,2024-10-11,56.23,4667.09,2024-11-11,4667.09,1
2317,1978,2024-11-20,58.9,22028.6,2024-12-12,22028.6,1
2318,1979,2025-07-17,140.45,19241.65,2025-08-03,19241.65,1
2319,1980,2024-08-08,87.33,32399.43,2024-08-27,32399.43,1
2320,1981,2025-12-06,69.04,14118.68,2026-01-11,14118.68,1
2321,1981,2025-12-17,69.04,14118.68,2026-01-11,14118.68,2
2322,1982,2025-08-12,64.49,24059.45,2025-09-18,24059.45,1
2323,1983,2024-05-29,24.78,1462.02,2024-06-04,1462.02,1
2324,1984,2024-09-11,270.08,75352.32,2024-11-01,75352.32,1
2325,1985,2024-06-16,122.84,39185.96,2024-07-04,39185.96,1
2326,1986,2024-08-13,308.1,109067.4,2024-09-10,109067.4,1
2327,1987,2024-11-15,920.76,63532.44,2025-01-10,63532.44,1
2328,1988,2024-05-03,424.24,41999.76,2024-06-22,41999.76,1
2329,1989,2024-02-13,68.97,24001.56,2024-03-15,24001.56,1
2330,1990,2024-12-26,267.59,62883.65,2025-02-02,62883.65,1
2331,1991,2025-06-18,69.89,3564.39,2025-07-20,3564.39,1
2332,1992,2024-10-14,779.1,284371.5,2024-11-06,284371.5,1
2333,1993,2025-11-10,141.44,57141.76,2025-12-28,57141.76,1
2334,1994,2024-10-24,9.22,331.92,2024-11-23,331.92,1
2335,1995,2025-11-17,102.1,22053.6,2025-12-28,22053.6,1
2336,1996,2024-07-28,769.65,99284.85,2024-08-30,99284.85,1
2337,1997,2025-02-24,106.46,14425.33,2025-04-25,14425.33,1
2338,1997,2025-03-08,106.46,14425.33,2025-05-14,14425.33,2
2339,1998,2025-08-10,136.41,48971.19,2025-08-27,48971.19,1
2340,1999,2024-03-31,35.56,17282.16,2024-05-18,17282.16,1
2341,2000,2025-12-15,266.06,83542.84,2026-02-02,83542.84,1
2342,2001,2024-10-11,31.57,2178.33,2024-12-03,2178.33,1
2343,2002,2025-02-23,6.42,2773.44,2025-04-30,2773.44,1
2344,2003,2025-05-11,6.11,482.69,2025-06-03,482.69,1
2345,2004,2025-05-12,381.32,142232.36,2025-05-29,142232.36,1
2346,2005,2024-02-19,63.85,9960.6,2024-04-01,9960.6,1
2347,2006,2025-10-29,143.83,39265.59,2025-12-26,39265.59,1
2348,2007,2025-04-22,5.67,663.39,2025-06-11,663.39,1
2349,2008,2026-03-01,292.62,138409.26,2026-05-01,138409.26,1
2350,2009,2025-02-03,6.03,1983.87,2025-02-25,1983.87,1
2351,2010,2025-04-23,58.33,18198.96,2025-05-23,18198.96,1
2352,2011,2025-01-05,11.29,429.02,2025-03-09,429.02,1
2353,2011,2025-01-19,11.29,429.02,2025-03-09,429.02,2
2354,2012,2025-11-13,5.47,1072.12,2026-01-16,1072.12,1
2355,2013,2025-09-17,94.45,12845.2,2025-10-31,12845.2,1
2356,2014,2025-12-16,8.53,1706.0,2026-01-24,1706.0,1
2357,2015,2025-03-02,328.32,31847.04,2025-05-08,31847.04,1
2358,2015,2025-03-15,328.32,31847.04,2025-04-14,31847.04,2
2359,2016,2025-09-05,155.13,35990.16,2025-10-05,35990.16,1
2360,2017,2024-11-08,158.6,65184.6,2024-11-28,65184.6,1
2361,2018,2025-01-26,132.74,46193.52,2025-02-05,46193.52,1
2362,2019,2025-08-28,318.45,17833.2,2025-10-23,17833.2,1
2363,2020,2024-04-07,6.66,772.56,2024-04-21,772.56,1
2364,2021,2025-07-11,70.02,24577.02,2025-09-01,24577.02,1
2365,2022,2024-02-16,433.11,90086.88,2024-03-09,90086.88,1
2366,2023,2025-05-01,6.59,1357.54,2025-07-24,1357.54,1
2367,2024,2025-02-02,63.82,7466.94,2025-03-03,7466.94,1
2368,2025,2025-01-28,33.6,4804.8,2025-03-08,4804.8,1
2369,2026,2025-02-18,116.98,13803.64,2025-03-25,13803.64,1
2370,2027,2025-02-08,31.94,9837.52,2025-04-10,9837.52,1
2371,2028,2024-11-15,55.84,23732.0,2024-12-25,23732.0,1
2372,2029,2024-12-25,1233.41,109773.49,2025-03-12,109773.49,1
2373,2030,2025-04-13,72.87,8598.66,2025-06-03,8598.66,1
2374,2031,2025-09-06,65.41,19426.77,2025-10-27,19426.77,1
2375,2032,2025-03-26,775.47,331125.69,2025-05-18,331125.69,1
2376,2033,2025-05-15,90.55,31058.65,2025-07-14,31058.65,1
2377,2034,2025-10-12,61.79,13655.59,2025-11-14,13655.59,1
2378,2035,2026-01-30,346.26,114265.8,2026-03-15,114265.8,1
2379,2036,2024-04-13,123.97,58141.93,2024-04-29,58141.93,1
2380,2037,2025-07-10,341.71,25286.54,2025-08-10,25286.54,1
2381,2038,2024-07-16,231.13,59858.4,2024-08-08,59858.4,1
2382,2039,2024-07-02,322.22,14149.6,2024-08-19,14149.6,1
2383,2040,2025-09-23,61.0,10217.5,2025-10-17,10217.5,1
2384,2040,2025-10-06,61.0,10217.5,2025-11-20,10217.5,2
2385,2041,2024-03-07,16.42,661.05,2024-04-15,661.05,1
2386,2042,2025-11-05,285.66,106265.52,2025-12-11,106265.52,1
2387,2043,2025-08-12,42.71,1409.43,2025-09-11,1409.43,1
2388,2044,2026-02-02,70.41,8308.38,2026-03-27,8308.38,1
2389,2045,2025-06-18,72.39,14405.61,2025-07-11,14405.61,1
2390,2046,2025-11-06,343.88,58459.6,2026-01-15,58459.6,1
2391,2047,2024-05-16,271.29,71620.56,2024-07-11,71620.56,1
2392,2048,2025-11-28,48.11,16646.06,2025-12-07,16646.06,1
2393,2049,2024-06-08,380.32,35750.08,2024-08-01,35750.08,1
2394,2050,2024-10-08,74.65,25157.05,2024-11-02,25157.05,1
2395,2051,2024-04-21,325.16,150223.92,2024-05-25,150223.92,1
2396,2052,2024-11-28,184.71,39185.51,2024-12-29,39185.51,1
2397,2053,2025-08-29,19.91,5784.6,2025-10-17,5784.6,1
2398,2054,2024-08-09,149.85,59340.6,2024-08-30,59340.6,1
2399,2055,2025-09-14,145.34,54793.18,2025-10-21,54793.18,1
2400,2056,2025-04-30,145.97,13648.2,2025-05-23,13648.2,1
2401,2056,2025-05-23,145.97,13648.2,2025-07-02,13648.2,2
2402,2057,2025-05-10,354.62,59221.54,2025-07-03,59221.54,1
2403,2058,2025-12-12,145.91,26701.53,2026-01-05,26701.53,1
2404,2059,2024-11-25,108.47,16378.97,2024-12-05,16378.97,1
2405,2060,2024-10-15,911.58,423884.7,2024-12-17,423884.7,1
2406,2061,2026-01-22,6.23,2411.01,2026-03-21,2411.01,1
2407,2062,2025-03-06,145.55,52980.2,2025-03-22,52980.2,1
2408,2063,2025-04-13,126.54,7972.02,2025-05-17,7972.02,1
2409,2064,2024-08-31,307.27,114304.44,2024-10-15,114304.44,1
2410,2065,2024-06-22,89.98,39501.22,2024-07-22,39501.22,1
2411,2066,2024-06-25,65.07,10281.06,2024-07-11,10281.06,1
2412,2067,2024-08-05,12.72,178.08,2024-08-28,178.08,1
2413,2068,2024-06-05,155.93,27287.75,2024-07-17,27287.75,1
2414,2069,2025-07-14,5.94,766.26,2025-08-30,766.26,1
2415,2069,2025-07-31,5.94,766.26,2025-08-30,766.26,2
2416,2070,2024-03-28,33.07,3472.35,2024-04-14,3472.35,1
2417,2071,2025-05-17,1647.75,69205.5,2025-06-21,69205.5,1
2418,2072,2026-01-11,133.27,15725.86,2026-02-25,15725.86,1
2419,2073,2025-09-04,129.76,20891.36,2025-10-05,20891.36,1
2420,2074,2024-11-10,58.87,2796.32,2024-12-23,2796.32,1
2421,2074,2024-11-23,58.87,2796.32,2024-12-09,2796.32,2
2422,2075,2024-03-12,169.0,71994.0,2024-04-19,71994.0,1
2423,2076,2025-10-03,10.41,124.92,2025-11-14,124.92,1
2424,2077,2024-02-06,150.63,19883.16,2024-02-11,19883.16,1
2425,2078,2025-05-27,703.9,330129.1,2025-06-21,330129.1,1
2426,2079,2025-06-23,66.23,13643.38,2025-08-07,13643.38,1
2427,2079,2025-07-04,66.23,13643.38,2025-08-25,13643.38,2
2428,2080,2024-07-04,762.46,186802.7,2024-08-12,186802.7,1
2429,2081,2025-08-14,13.74,1538.88,2025-10-26,1538.88,1
2430,2082,2024-06-19,139.37,5017.32,2024-08-19,5017.32,1
2431,2083,2024-08-02,778.53,22577.37,2024-09-02,22577.37,1
2432,2084,2025-09-29,92.2,39553.8,2025-10-19,39553.8,1
2433,2085,2026-01-04,340.52,80362.72,2026-01-28,80362.72,1
2434,2086,2024-09-11,306.51,82451.19,2024-11-20,82451.19,1
2435,2087,2025-12-27,46.06,2464.21,2026-02-24,2464.21,1
2436,2087,2026-01-10,46.06,2464.21,2026-02-16,2464.21,2
2437,2088,2025-12-28,229.52,42002.16,2026-01-30,42002.16,1
2438,2089,2025-08-28,328.11,39209.14,2025-11-09,39209.14,1
2439,2089,2025-09-16,328.11,39209.14,2025-11-04,39209.14,2
2440,2090,2024-06-02,17.53,4978.52,2024-07-20,4978.52,1
2441,2091,2024-09-13,355.77,69908.8,2024-10-01,69908.8,1
2442,2091,2024-09-29,355.77,69908.8,2024-10-23,69908.8,2
2443,2092,2025-05-19,16.2,6939.0,2025-06-18,6939.0,1
2444,2093,2026-01-24,12.31,5317.92,2026-03-01,5317.92,1
2445,2094,2025-09-14,81.44,27852.48,2025-11-09,27852.48,1
2446,2095,2025-01-03,96.26,38215.22,2025-02-13,38215.22,1
2447,2096,2024-07-16,386.59,36146.16,2024-09-06,36146.16,1
2448,2096,2024-07-26,386.59,36146.16,2024-09-23,36146.16,2
2449,2097,2026-01-18,46.87,23200.65,2026-03-11,23200.65,1
2450,2098,2024-08-17,81.86,10437.15,2024-10-22,10437.15,1
2451,2098,2024-09-09,81.86,10437.15,2024-11-08,10437.15,2
2452,2099,2024-10-23,799.42,106322.86,2024-12-22,106322.86,1
2453,2100,2026-01-09,21.02,2543.42,2026-02-15,2543.42,1
2454,2101,2025-03-18,140.13,61657.2,2025-05-08,61657.2,1
2455,2102,2024-08-15,131.39,45855.11,2024-08-28,45855.11,1
2456,2103,2024-02-29,241.84,62878.4,2024-03-02,62878.4,1
2457,2104,2024-12-24,30.38,7655.76,2025-02-02,7655.76,1
2458,2105,2026-02-15,820.81,380855.84,2026-04-04,380855.84,1
2459,2106,2024-12-08,671.44,45657.92,2025-02-28,45657.92,1
2460,2107,2025-07-03,286.41,69311.22,2025-08-07,69311.22,1
2461,2108,2024-08-15,126.43,26234.22,2024-09-27,26234.22,1
2462,2108,2024-08-29,126.43,26234.22,2024-10-17,26234.22,2
2463,2109,2025-08-12,316.3,76386.45,2025-09-12,76386.45,1
2464,2109,2025-08-28,316.3,76386.45,2025-09-27,76386.45,2
2465,2110,2025-08-13,5.34,160.2,2025-10-05,160.2,1
2466,2111,2025-05-09,36.64,6265.44,2025-06-08,6265.44,1
2467,2112,2025-08-29,6.49,1018.93,2025-11-01,1018.93,1
2468,2112,2025-09-12,6.49,1018.93,2025-11-09,1018.93,2
2469,2113,2025-04-03,714.31,67145.14,2025-04-30,67145.14,1
2470,2114,2024-11-08,68.71,25353.99,2024-12-17,25353.99,1
2471,2115,2025-08-06,264.64,11114.88,2025-09-24,11114.88,1
2472,2116,2025-09-26,327.07,24530.25,2025-11-07,24530.25,1
2473,2116,2025-10-14,327.07,24530.25,2025-12-13,24530.25,2
2474,2117,2025-10-07,154.34,26083.46,2025-12-04,26083.46,1
2475,2118,2024-07-22,150.48,13844.16,2024-08-07,13844.16,1
2476,2119,2025-06-17,41.83,14807.82,2025-07-23,14807.82,1
2477,2120,2024-02-20,82.59,34687.8,2024-05-22,34687.8,1
2478,2121,2025-04-03,143.69,35563.28,2025-06-15,35563.28,1
2479,2121,2025-04-25,143.69,35563.28,2025-07-03,35563.28,2
2480,2122,2025-04-19,120.21,25604.73,2025-05-14,25604.73,1
2481,2123,2024-10-25,155.24,4812.44,2024-11-29,4812.44,1
2482,2124,2026-02-06,341.41,19801.78,2026-04-12,19801.78,1
2483,2125,2025-11-08,54.57,22319.13,2025-11-20,22319.13,1
2484,2126,2024-03-18,62.74,29111.36,2024-05-22,29111.36,1
2485,2127,2024-07-19,70.12,32605.8,2024-08-08,32605.8,1
2486,2128,2024-06-29,39.02,499.5,2024-07-17,499.5,1
2487,2128,2024-07-11,39.02,499.5,2024-08-22,499.5,2
2488,2129,2025-12-05,36.95,6466.25,2026-01-04,6466.25,1
2489,2129,2025-12-08,36.95,6466.25,2026-01-07,6466.25,1
2490,2130,2025-02-04,855.21,16248.99,2025-04-01,16248.99,1
2491,2130,2025-02-15,855.21,16248.99,2025-04-08,16248.99,2
2492,2131,2025-07-31,310.84,6838.48,2025-09-28,6838.48,1
2493,2132,2025-09-29,672.25,112761.39,2025-10-29,112761.39,1
2494,2133,2025-08-31,140.67,53032.59,2025-09-07,53032.59,1
2495,2134,2024-05-09,12.69,4301.91,2024-06-14,4301.91,1
2496,2135,2024-05-24,144.03,21748.53,2024-06-24,21748.53,1
2497,2136,2024-11-17,52.55,5465.2,2024-12-28,5465.2,1
2498,2137,2024-10-18,288.63,4185.14,2024-11-18,4185.14,1
2499,2137,2024-10-28,288.63,4185.14,2024-11-17,4185.14,2
2500,2138,2025-07-22,294.98,143360.28,2025-09-20,143360.28,1
2501,2139,2024-06-03,783.2,123354.0,2024-06-27,123354.0,1
2502,2139,2024-06-17,783.2,123354.0,2024-07-30,123354.0,2
2503,2140,2024-11-13,122.05,2868.18,2025-01-03,2868.18,1
2504,2140,2024-12-05,122.05,2868.18,2025-01-24,2868.18,2
2505,2141,2024-08-15,70.9,4324.9,2024-10-19,4324.9,1
2506,2142,2024-06-27,94.44,40042.56,2024-07-28,40042.56,1
2507,2143,2024-06-11,48.72,9890.16,2024-07-27,9890.16,1
2508,2144,2024-07-18,24.23,7498.9,2024-09-11,7498.9,1
2509,2145,2025-03-30,4.96,2137.76,2025-05-06,2137.76,1
2510,2146,2024-12-06,92.17,8479.64,2025-01-05,8479.64,1
2511,2147,2025-01-08,42.58,9410.18,2025-02-09,9410.18,1
2512,2148,2025-02-05,23.89,860.04,2025-03-24,860.04,1
2513,2149,2025-08-06,28.99,12204.79,2025-09-28,12204.79,1
2514,2150,2025-10-24,232.77,62149.59,2025-12-15,62149.59,1
2515,2151,2025-02-13,6.42,391.62,2025-04-14,391.62,1
2516,2152,2025-06-17,5.7,1841.1,2025-07-17,1841.1,1
2517,2153,2025-08-13,34.9,11272.7,2025-09-14,11272.7,1
2518,2154,2025-06-29,829.55,120284.75,2025-09-01,120284.75,1
2519,2155,2024-05-29,913.03,413602.59,2024-08-04,413602.59,1
2520,2156,2026-01-20,310.9,74616.0,2026-03-27,74616.0,1
2521,2156,2026-02-06,310.9,74616.0,2026-03-12,74616.0,2
2522,2157,2024-06-08,354.71,21709.38,2024-07-14,21709.38,1
2523,2158,2024-12-12,13.07,4796.69,2025-01-20,4796.69,1
2524,2159,2025-05-07,319.67,133302.39,2025-06-06,133302.39,1
2525,2160,2024-12-11,82.35,34339.95,2025-01-06,34339.95,1
2526,2161,2024-07-31,411.23,115966.86,2024-09-24,115966.86,1
2527,2162,2025-12-14,78.5,36738.0,2026-01-13,36738.0,1
2528,2163,2024-03-27,233.0,114636.0,2024-05-20,114636.0,1
2529,2164,2024-07-17,295.42,49039.72,2024-09-18,49039.72,1
2530,2165,2026-01-23,278.09,49221.93,2026-03-01,49221.93,1
2531,2166,2025-08-20,75.2,5414.4,2025-09-17,5414.4,1
2532,2167,2024-03-23,110.0,19030.0,2024-05-23,19030.0,1
2533,2168,2025-08-27,125.43,6020.64,2025-09-24,6020.64,1
2534,2169,2026-01-14,5.99,1287.85,2026-04-08,1287.85,1
2535,2169,2026-01-30,5.99,1287.85,2026-03-18,1287.85,2
2536,2170,2024-04-30,55.37,8305.5,2024-05-18,8305.5,1
2537,2171,2024-11-27,263.05,123896.55,2024-12-31,123896.55,1
2538,2172,2025-02-10,357.99,175057.11,2025-03-12,175057.11,1
2539,2173,2024-05-14,63.79,7208.27,2024-07-15,7208.27,1
2540,2174,2024-06-29,63.34,5762.75,2024-08-16,5762.75,1
2541,2175,2024-06-18,122.69,23801.86,2024-07-09,23801.86,1
2542,2176,2024-06-10,76.05,22738.95,2024-07-03,22738.95,1
2543,2177,2024-11-23,71.37,14773.59,2024-12-29,14773.59,1
2544,2178,2025-01-06,435.15,50042.25,2025-01-22,50042.25,1
2545,2179,2024-08-03,5.31,1752.3,2024-09-15,1752.3,1
2546,2180,2024-09-09,36.67,1283.45,2024-10-16,1283.45,1
2547,2180,2024-09-10,36.67,1283.45,2024-10-25,1283.45,1
2548,2181,2024-06-24,191.38,61241.6,2024-07-17,61241.6,1
2549,2182,2025-09-11,18.62,5995.64,2025-10-05,5995.64,1
2550,2183,2024-06-28,22.11,2542.65,2024-07-31,2542.65,1
2551,2184,2025-11-23,392.67,184162.23,2026-01-18,184162.23,1
2552,2185,2025-03-01,44.1,9327.15,2025-05-13,9327.15,1
2553,2185,2025-03-11,44.1,9327.15,2025-05-08,9327.15,2
2554,2186,2025-09-10,23.71,5026.52,2025-10-15,5026.52,1
2555,2187,2025-05-29,47.85,6603.3,2025-06-20,6603.3,1
2556,2188,2024-09-16,313.09,84534.3,2024-11-14,84534.3,1
2557,2189,2025-04-25,13.67,758.68,2025-06-06,758.68,1
2558,2189,2025-05-14,13.67,758.68,2025-06-01,758.68,2
2559,2190,2024-08-22,47.74,14465.22,2024-10-06,14465.22,1
2560,2191,2024-05-28,428.34,15420.24,2024-05-31,15420.24,1
2561,2192,2024-09-08,705.76,307711.36,2024-11-20,307711.36,1
2562,2193,2024-09-23,55.39,941.63,2024-11-22,941.63,1
2563,2193,2024-10-11,55.39,941.63,2024-11-22,941.63,2
2564,2194,2024-05-21,53.11,1752.63,2024-07-03,1752.63,1
2565,2195,2024-02-16,13.27,650.23,2024-02-17,650.23,1
2566,2195,2024-02-26,13.27,650.23,2024-03-24,650.23,2
2567,2196,2025-12-17,23.83,2859.6,2026-01-15,2859.6,1
2568,2196,2025-12-18,23.83,2859.6,2026-01-17,2859.6,1
2569,2197,2025-03-13,273.49,51142.63,2025-04-18,51142.63,1
2570,2198,2024-12-11,27.77,13773.92,2025-01-11,13773.92,1
2571,2199,2025-12-15,55.99,16964.97,2026-01-01,16964.97,1
2572,2200,2024-07-26,45.99,22489.11,2024-09-11,22489.11,1
2573,2201,2024-11-30,73.09,13083.11,2025-01-29,13083.11,1
2574,2202,2025-11-09,176.75,42773.5,2026-02-06,42773.5,1
2575,2202,2025-11-10,176.75,42773.5,2026-01-09,42773.5,1
2576,2203,2025-04-25,88.17,19926.42,2025-05-24,19926.42,1
2577,2204,2024-12-07,209.66,20337.02,2025-01-09,20337.02,1
2578,2204,2024-12-18,209.66,20337.02,2025-02-12,20337.02,2
2579,2205,2024-07-30,59.67,17184.96,2024-08-23,17184.96,1
2580,2206,2024-02-20,399.8,186267.78,2024-03-15,186267.78,1
2581,2207,2024-03-24,162.46,57185.92,2024-04-06,57185.92,1
2582,2208,2024-06-17,23.79,1998.36,2024-07-28,1998.36,1
2583,2209,2025-08-18,284.38,10522.06,2025-09-22,10522.06,1
2584,2210,2025-05-17,60.94,2772.77,2025-06-25,2772.77,1
2585,2210,2025-06-01,60.94,2772.77,2025-06-23,2772.77,2
2586,2211,2024-12-26,107.22,49428.42,2025-02-04,49428.42,1
2587,2212,2025-08-03,161.3,42583.2,2025-09-08,42583.2,1
2588,2213,2024-06-02,1278.25,566264.75,2024-07-14,566264.75,1
2589,2214,2024-06-20,60.5,19662.5,2024-07-29,19662.5,1
2590,2215,2024-11-22,82.56,1362.24,2024-12-30,1362.24,1
2591,2215,2024-12-12,82.56,1362.24,2025-01-09,1362.24,2
2592,2216,2025-12-07,331.31,118608.98,2026-02-08,118608.98,1
2593,2217,2025-05-12,69.56,3756.24,2025-06-20,3756.24,1
2594,2218,2025-10-15,60.37,14730.28,2025-11-09,14730.28,1
2595,2219,2024-07-19,20.45,6564.45,2024-08-20,6564.45,1
2596,2220,2025-10-27,41.07,13183.47,2025-12-08,13183.47,1
2597,2221,2024-04-12,68.37,12306.6,2024-06-02,12306.6,1
2598,2222,2024-07-08,309.39,41148.87,2024-08-14,41148.87,1
2599,2223,2025-03-18,64.9,7723.1,2025-05-04,7723.1,1
2600,2224,2024-03-16,80.34,38241.84,2024-04-21,38241.84,1
2601,2225,2025-10-27,359.84,131341.6,2025-12-12,131341.6,1
2602,2226,2025-11-09,824.83,95680.28,2026-01-09,95680.28,1
2603,2227,2025-02-27,71.33,11127.48,2025-05-18,11127.48,1
2604,2227,2025-03-10,71.33,11127.48,2025-05-18,11127.48,2
2605,2228,2024-09-02,141.89,4682.37,2024-10-19,4682.37,1
2606,2229,2024-04-08,41.19,6178.5,2024-04-28,6178.5,1
2607,2229,2024-04-21,41.19,6178.5,2024-05-23,6178.5,2
2608,2230,2025-05-25,71.79,35105.31,2025-06-29,35105.31,1
2609,2231,2025-03-07,162.12,11672.64,2025-04-13,11672.64,1
2610,2232,2025-08-09,90.33,8129.7,2025-09-25,8129.7,1
2611,2233,2025-05-11,94.88,12334.4,2025-06-25,12334.4,1
2612,2233,2025-05-25,94.88,12334.4,2025-07-07,12334.4,2
2613,2234,2024-05-06,319.19,78839.93,2024-07-07,78839.93,1
2614,2234,2024-05-17,319.19,78839.93,2024-07-27,78839.93,2
2615,2235,2024-04-19,97.5,20280.0,2024-06-14,20280.0,1
2616,2236,2025-09-19,157.71,16874.97,2025-10-10,16874.97,1
2617,2237,2024-06-23,87.21,27645.57,2024-07-22,27645.57,1
2618,2238,2026-01-02,12.76,2245.76,2026-02-10,2245.76,1
2619,2238,2026-01-20,12.76,2245.76,2026-03-05,2245.76,2
2620,2239,2024-04-30,380.73,144468.0,2024-06-22,144468.0,1
2621,2240,2025-08-01,57.96,22952.16,2025-08-25,22952.16,1
2622,2241,2026-02-04,137.08,27141.84,2026-02-22,27141.84,1
2623,2242,2024-12-21,196.18,74744.58,2025-02-22,74744.58,1
2624,2243,2024-03-23,313.14,40708.2,2024-05-13,40708.2,1
2625,2244,2025-11-17,37.76,11176.96,2026-01-02,11176.96,1
2626,2245,2024-06-09,74.33,13156.41,2024-07-09,13156.41,1
2627,2246,2025-02-26,251.76,47834.4,2025-03-28,47834.4,1
2628,2246,2025-03-09,251.76,47834.4,2025-03-20,47834.4,2
2629,2247,2026-01-26,117.4,11387.8,2026-02-25,11387.8,1
2630,2248,2025-08-05,240.79,15508.08,2025-09-15,15508.08,1
2631,2249,2024-02-13,1448.55,249150.6,2024-03-11,249150.6,1
2632,2250,2025-09-17,63.96,3134.04,2025-10-20,3134.04,1
2633,2251,2024-06-13,6.12,807.84,2024-09-05,807.84,1
2634,2252,2025-07-15,16.79,1779.74,2025-08-06,1779.74,1
2635,2253,2025-05-14,272.71,27816.42,2025-07-06,27816.42,1
2636,2254,2024-08-27,73.27,9341.92,2024-09-28,9341.92,1
2637,2254,2024-09-07,73.27,9341.92,2024-11-06,9341.92,2
2638,2255,2024-12-29,5.31,1486.8,2025-03-08,1486.8,1
2639,2256,2024-05-10,6.04,2784.44,2024-06-16,2784.44,1
2640,2257,2026-02-19,23.76,2934.36,2026-03-21,2934.36,1
2641,2257,2026-03-04,23.76,2934.36,2026-03-22,2934.36,2
2642,2258,2024-07-08,500.67,192257.28,2024-08-10,192257.28,1
2643,2259,2024-10-03,236.3,105626.1,2024-11-12,105626.1,1
2644,2260,2025-02-06,781.83,390133.17,2025-04-05,390133.17,1
2645,2261,2025-05-30,32.67,2956.64,2025-07-05,2956.64,1
2646,2261,2025-06-14,32.67,2956.64,2025-07-09,2956.64,2
2647,2262,2025-02-14,478.68,129722.28,2025-03-11,129722.28,1
2648,2263,2025-02-10,54.62,5735.1,2025-04-04,5735.1,1
2649,2264,2025-03-29,120.38,49235.42,2025-04-28,49235.42,1
2650,2265,2025-11-21,181.21,26547.26,2025-12-21,26547.26,1
2651,2265,2025-12-05,181.21,26547.26,2026-01-03,26547.26,2
2652,2266,2024-11-07,333.28,106649.6,2025-01-03,106649.6,1
2653,2267,2025-09-22,80.65,24920.85,2025-10-24,24920.85,1
2654,2268,2025-08-18,855.15,96631.95,2025-11-09,96631.95,1
2655,2269,2026-01-03,388.0,74690.0,2026-02-24,74690.0,1
2656,2269,2026-01-18,388.0,74690.0,2026-03-11,74690.0,2
2657,2270,2025-11-13,64.72,1035.52,2025-12-22,1035.52,1
2658,2270,2025-11-26,64.72,1035.52,2025-12-29,1035.52,2
2659,2271,2025-08-28,167.58,37370.34,2025-09-27,37370.34,1
2660,2272,2024-08-09,38.84,12739.52,2024-09-15,12739.52,1
2661,2273,2025-09-08,126.71,3928.01,2025-10-14,3928.01,1
2662,2274,2025-08-09,385.23,19068.88,2025-09-25,19068.88,1
2663,2274,2025-08-18,385.23,19068.88,2025-10-18,19068.88,2
2664,2275,2024-08-19,449.31,75484.08,2024-09-16,75484.08,1
2665,2276,2025-06-12,40.45,14319.3,2025-07-12,14319.3,1
2666,2277,2024-09-03,147.83,18626.58,2024-09-11,18626.58,1
2667,2278,2025-02-05,67.57,13581.57,2025-04-08,13581.57,1
2668,2279,2025-09-14,62.06,23086.32,2025-11-02,23086.32,1
2669,2280,2024-06-23,67.42,20765.36,2024-07-23,20765.36,1
2670,2281,2024-10-11,23.88,262.68,2024-12-08,262.68,1
2671,2282,2025-09-22,66.91,10103.41,2025-11-01,10103.41,1
2672,2283,2024-12-22,67.91,11544.7,2025-02-05,11544.7,1
2673,2284,2026-01-06,642.67,175448.91,2026-02-22,175448.91,1
2674,2285,2024-01-28,26.63,10944.93,2024-03-08,10944.93,1
2675,2286,2025-07-10,54.46,23744.56,2025-08-18,23744.56,1
2676,2287,2025-10-17,60.6,6605.4,2025-11-03,6605.4,1
2677,2288,2025-11-29,990.43,205019.01,2025-12-24,205019.01,1
2678,2288,2025-12-16,990.43,205019.01,2026-01-13,205019.01,2
2679,2289,2024-06-09,451.82,194282.6,2024-07-11,194282.6,1
2680,2290,2026-02-03,10.88,4221.44,2026-04-07,4221.44,1
2681,2291,2024-11-17,482.3,216552.7,2024-11-27,216552.7,1
2682,2292,2024-10-01,41.76,6431.04,2024-10-29,6431.04,1
2683,2293,2024-10-01,11.95,250.95,2024-11-03,250.95,1
2684,2294,2025-05-13,585.44,145774.56,2025-05-22,145774.56,1
2685,2295,2025-06-01,22.18,6875.8,2025-08-11,6875.8,1
2686,2296,2025-01-10,59.33,5933.0,2025-02-10,5933.0,1
2687,2297,2024-04-20,25.54,9986.14,2024-06-14,9986.14,1
2688,2298,2026-01-30,336.75,78294.38,2026-04-08,78294.38,1
2689,2298,2026-02-21,336.75,78294.38,2026-04-18,78294.38,2
2690,2299,2024-06-25,749.13,188031.63,2024-08-03,188031.63,1
2691,2300,2024-04-25,13.0,981.5,2024-05-28,981.5,1
2692,2300,2024-05-04,13.0,981.5,2024-06-10,981.5,2
2693,2301,2025-04-06,63.82,18061.06,2025-05-01,18061.06,1
2694,2302,2024-12-08,62.46,26670.42,2025-01-17,26670.42,1
2695,2303,2025-04-29,52.64,13896.96,2025-05-22,13896.96,1
2696,2304,2025-11-09,150.44,29937.56,2025-12-24,29937.56,1
2697,2305,2024-05-12,329.72,68581.76,2024-06-09,68581.76,1
2698,2306,2024-08-14,31.34,5108.42,2024-09-10,5108.42,1
2699,2307,2025-01-29,13.86,4948.02,2025-03-23,4948.02,1
2700,2308,2025-09-10,48.34,773.44,2025-10-06,773.44,1
2701,2309,2025-05-02,1383.87,244253.06,2025-07-13,244253.06,1
2702,2309,2025-05-13,1383.87,244253.06,2025-07-21,244253.06,2
2703,2310,2024-11-15,42.95,19413.4,2024-12-12,19413.4,1
2704,2311,2025-04-20,32.74,12604.9,2025-05-24,12604.9,1
2705,2312,2026-01-25,31.85,13154.05,2026-03-23,13154.05,1
2706,2313,2025-01-31,6.54,1576.14,2025-02-17,1576.14,1
2707,2314,2025-12-05,25.03,4780.73,2026-01-30,4780.73,1
2708,2314,2025-12-15,25.03,4780.73,2026-02-19,4780.73,2
2709,2315,2025-09-02,155.95,66278.75,2025-10-01,66278.75,1
2710,2316,2024-09-18,42.41,10135.99,2024-09-28,10135.99,1
2711,2317,2024-07-22,66.42,6575.58,2024-08-03,6575.58,1
2712,2318,2025-09-06,50.53,21980.55,2025-10-28,21980.55,1
2713,2319,2024-07-08,62.7,23199.0,2024-09-01,23199.0,1
2714,2320,2024-10-05,309.22,83489.4,2024-11-26,83489.4,1
2715,2321,2024-08-03,998.2,138002.3,2024-09-09,138002.3,1
2716,2322,2025-05-05,103.72,6534.36,2025-06-13,6534.36,1
2717,2323,2024-09-08,61.96,17348.8,2024-10-17,17348.8,1
2718,2324,2025-06-22,52.66,24434.24,2025-07-24,24434.24,1
2719,2325,2025-12-30,126.82,29422.24,2026-01-21,29422.24,1
2720,2326,2025-09-27,1296.58,251536.52,2025-11-08,251536.52,1
2721,2327,2025-12-16,403.76,75099.36,2026-02-15,75099.36,1
2722,2328,2024-02-18,56.2,19108.0,2024-03-17,19108.0,1
2723,2329,2025-01-05,341.81,106986.53,2025-02-10,106986.53,1
2724,2330,2024-08-01,283.87,26541.84,2024-08-11,26541.84,1
2725,2330,2024-08-16,283.87,26541.84,2024-10-01,26541.84,2
2726,2330,2024-08-18,283.87,26541.84,2024-09-17,26541.84,2
2727,2331,2025-12-11,59.23,15162.88,2026-01-24,15162.88,1
2728,2332,2025-07-16,5.44,990.08,2025-09-07,990.08,1
2729,2333,2024-09-19,405.82,22320.1,2024-11-10,22320.1,1
2730,2334,2025-04-03,88.18,38093.76,2025-05-04,38093.76,1
2731,2335,2025-04-14,12.72,2734.8,2025-05-28,2734.8,1
2732,2336,2025-01-22,68.85,25199.1,2025-02-18,25199.1,1
2733,2337,2025-02-03,17.23,3446.0,2025-02-24,3446.0,1
2734,2338,2024-04-13,32.56,7505.08,2024-04-19,7505.08,1
2735,2338,2024-04-25,32.56,7505.08,2024-05-12,7505.08,2
2736,2339,2025-01-23,37.3,11712.2,2025-03-10,11712.2,1
2737,2340,2024-10-05,25.27,2830.24,2024-11-25,2830.24,1
2738,2341,2025-10-07,364.6,30991.0,2025-10-24,30991.0,1
2739,2342,2025-10-07,121.37,34104.97,2025-11-24,34104.97,1
2740,2343,2025-08-13,45.41,1180.66,2025-09-08,1180.66,1
2741,2344,2024-02-11,459.13,60605.16,2024-03-22,60605.16,1
2742,2345,2025-10-03,52.66,4818.39,2025-11-08,4818.39,1
2743,2345,2025-10-20,52.66,4818.39,2025-11-23,4818.39,2
2744,2346,2024-11-11,680.39,131995.66,2024-12-21,131995.66,1
2745,2347,2024-12-12,348.39,113226.75,2025-01-10,113226.75,1
2746,2348,2026-01-05,170.97,80828.28,2026-02-05,80828.28,1
2747,2349,2025-11-10,68.33,21250.63,2025-12-26,21250.63,1
2748,2350,2024-04-05,11.1,5272.5,2024-04-16,5272.5,1
2749,2351,2024-11-17,374.49,3817.44,2025-02-01,3817.44,1
2750,2352,2025-08-30,71.63,17620.98,2025-10-02,17620.98,1
2751,2353,2025-03-22,654.28,78513.6,2025-04-19,78513.6,1
2752,2354,2024-07-18,50.11,21447.08,2024-10-02,21447.08,1
2753,2355,2025-02-02,70.6,18073.6,2025-03-16,18073.6,1
2754,2356,2025-10-22,138.81,54691.14,2026-01-07,54691.14,1
2755,2357,2024-07-13,17.02,1157.36,2024-08-20,1157.36,1
2756,2358,2025-08-02,301.83,80890.44,2025-09-30,80890.44,1
2757,2359,2025-07-15,6.38,2271.28,2025-10-03,2271.28,1
2758,2360,2025-11-14,110.83,17954.46,2026-01-06,17954.46,1
2759,2361,2024-09-29,51.74,3673.54,2024-11-05,3673.54,1
2760,2362,2024-07-08,61.8,8652.0,2024-08-18,8652.0,1
2761,2363,2025-04-03,32.2,8790.6,2025-05-10,8790.6,1
2762,2364,2025-02-22,9.97,1914.24,2025-04-16,1914.24,1
2763,2365,2024-12-13,303.75,28248.75,2025-02-24,28248.75,1
2764,2365,2024-12-22,303.75,28248.75,2025-03-10,28248.75,2
2765,2366,2025-08-30,121.7,49410.2,2025-09-12,49410.2,1
2766,2367,2025-09-11,61.87,26913.45,2025-10-22,26913.45,1
2767,2368,2024-08-05,52.49,8267.17,2024-09-20,8267.17,1
2768,2368,2024-08-22,52.49,8267.17,2024-10-12,8267.17,2
2769,2369,2025-08-23,958.6,223353.8,2025-09-13,223353.8,1
2770,2370,2024-08-13,25.4,5410.2,2024-10-09,5410.2,1
2771,2371,2024-12-08,377.78,65610.0,2025-01-17,65610.0,1
2772,2372,2024-03-17,417.1,54640.1,2024-04-21,54640.1,1
2773,2373,2024-10-03,352.95,124944.3,2024-12-16,124944.3,1
2774,2374,2026-01-04,418.13,105786.89,2026-02-07,105786.89,1
2775,2375,2024-12-16,27.2,12756.8,2025-01-08,12756.8,1
2776,2376,2025-07-02,37.76,13555.84,2025-07-23,13555.84,1
2777,2377,2024-05-14,62.63,17724.29,2024-07-10,17724.29,1
2778,2378,2025-06-05,311.55,38632.2,2025-07-07,38632.2,1
2779,2379,2024-11-17,63.15,6441.3,2025-01-12,6441.3,1
2780,2380,2025-07-26,57.36,12676.56,2025-09-27,12676.56,1
2781,2381,2026-01-01,1197.33,240663.33,2026-01-31,240663.33,1
2782,2382,2025-03-17,233.24,55744.36,2025-05-04,55744.36,1
2783,2383,2024-04-10,694.45,243751.95,2024-05-19,243751.95,1
2784,2384,2025-02-10,451.02,84566.25,2025-02-20,84566.25,1
2785,2384,2025-03-02,451.02,84566.25,2025-03-14,84566.25,2
2786,2385,2024-04-12,710.68,153506.88,2024-05-27,153506.88,1
2787,2386,2024-12-14,67.36,23037.12,2025-01-30,23037.12,1
2788,2387,2024-03-30,25.76,5744.48,2024-05-03,5744.48,1
2789,2388,2025-05-09,112.44,4834.92,2025-06-19,4834.92,1
2790,2389,2024-09-16,129.21,26617.26,2024-10-05,26617.26,1
2791,2390,2024-07-04,1430.27,365179.01,2024-07-24,365179.01,1
2792,2391,2024-03-12,309.1,124258.2,2024-05-01,124258.2,1
2793,2392,2025-11-17,1064.65,303425.25,2025-12-17,303425.25,1
2794,2393,2025-09-23,7.55,3473.0,2025-10-28,3473.0,1
2795,2394,2025-09-17,73.93,23583.67,2025-10-25,23583.67,1
2796,2395,2024-03-20,122.87,42390.15,2024-04-30,42390.15,1
2797,2396,2024-09-28,194.79,93499.2,2024-10-24,93499.2,1
2798,2397,2026-01-15,44.96,22120.32,2026-03-28,22120.32,1
2799,2397,2026-01-18,44.96,22120.32,2026-03-19,22120.32,1
2800,2398,2025-03-25,77.25,21104.8,2025-06-03,21104.8,1
2801,2399,2024-05-07,150.3,62374.5,2024-06-24,62374.5,1
2802,2400,2024-06-02,290.4,114998.4,2024-07-30,114998.4,1
2803,2401,2024-08-10,10.11,3518.28,2024-09-13,3518.28,1
2804,2402,2026-01-30,896.45,259074.05,2026-02-17,259074.05,1
2805,2403,2024-06-03,143.79,30627.27,2024-06-30,30627.27,1
2806,2404,2025-11-12,317.46,158412.54,2025-12-15,158412.54,1
2807,2405,2025-06-13,10.11,3386.85,2025-07-20,3386.85,1
2808,2406,2025-12-15,870.48,201127.26,2026-01-03,201127.26,1
2809,2407,2025-10-07,244.97,69326.51,2025-10-26,69326.51,1
2810,2408,2024-10-15,10.16,1783.08,2024-11-03,1783.08,1
2811,2408,2024-11-01,10.16,1783.08,2024-11-02,1783.08,2
2812,2409,2025-10-28,127.88,22890.52,2025-12-11,22890.52,1
2813,2410,2024-06-10,25.53,1429.68,2024-06-15,1429.68,1
2814,2411,2024-09-11,792.16,129914.24,2024-11-05,129914.24,1
2815,2412,2024-07-01,39.96,12907.08,2024-08-17,12907.08,1
2816,2413,2024-05-10,11.24,5204.12,2024-06-24,5204.12,1
2817,2414,2024-04-13,26.24,1128.32,2024-05-17,1128.32,1
2818,2415,2024-07-13,93.3,25564.2,2024-08-07,25564.2,1
2819,2416,2024-05-12,277.74,59714.1,2024-06-28,59714.1,1
2820,2417,2024-11-16,253.51,32449.28,2025-01-19,32449.28,1
2821,2418,2024-04-06,27.75,7242.75,2024-05-16,7242.75,1
2822,2419,2024-04-05,295.92,109194.48,2024-05-31,109194.48,1
2823,2420,2026-02-09,5.47,120.34,2026-03-20,120.34,1
2824,2421,2024-04-07,744.57,162316.26,2024-05-15,162316.26,1
2825,2421,2024-04-26,744.57,162316.26,2024-06-16,162316.26,2
2826,2422,2024-04-27,302.56,88952.64,2024-06-05,88952.64,1
2827,2423,2024-03-15,51.0,25347.0,2024-04-11,25347.0,1
2828,2424,2024-06-06,26.84,9662.4,2024-07-11,9662.4,1
2829,2425,2025-03-22,830.86,351453.78,2025-04-22,351453.78,1
2830,2426,2025-09-21,40.9,3599.2,2025-11-23,3599.2,1
2831,2427,2025-08-03,775.98,31815.18,2025-08-30,31815.18,1
2832,2427,2025-08-18,775.98,31815.18,2025-09-22,31815.18,2
2833,2428,2025-04-02,137.45,36424.25,2025-04-16,36424.25,1
2834,2429,2024-04-28,800.45,175298.55,2024-06-16,175298.55,1
2835,2430,2025-08-27,219.11,70115.2,2025-09-26,70115.2,1
2836,2431,2024-03-17,37.45,2921.1,2024-04-26,2921.1,1
2837,2432,2025-04-28,56.87,25079.67,2025-06-29,25079.67,1
2838,2433,2024-12-11,373.37,22028.83,2025-01-19,22028.83,1
2839,2433,2024-12-13,373.37,22028.83,2025-01-12,22028.83,1
2840,2434,2025-11-26,414.96,125317.92,2025-12-26,125317.92,1
2841,2435,2024-10-08,68.37,1620.06,2024-11-13,1620.06,1
2842,2436,2025-05-10,77.43,18738.06,2025-06-10,18738.06,1
2843,2436,2025-05-28,77.43,18738.06,2025-07-09,18738.06,2
2844,2437,2025-01-03,60.95,731.4,2025-03-04,731.4,1
2845,2438,2025-02-27,111.51,36909.81,2025-04-28,36909.81,1
2846,2439,2025-12-13,624.19,35890.93,2026-02-05,35890.93,1
2847,2439,2025-12-27,624.19,35890.93,2026-02-01,35890.93,2
2848,2440,2025-06-25,76.44,10854.48,2025-07-26,10854.48,1
2849,2440,2025-07-15,76.44,10854.48,2025-07-22,10854.48,2
2850,2441,2024-12-23,5.97,662.67,2025-02-13,662.67,1
2851,2442,2025-01-04,6.32,2985.4,2025-02-11,2985.4,1
2852,2443,2025-06-30,214.98,69653.52,2025-08-10,69653.52,1
2853,2444,2024-10-06,6.52,1206.2,2024-11-27,1206.2,1
2854,2445,2024-05-30,181.3,6164.2,2024-06-24,6164.2,1
2855,2446,2025-01-20,298.99,139628.33,2025-03-09,139628.33,1
2856,2447,2024-04-13,65.17,18703.79,2024-05-18,18703.79,1
2857,2448,2024-06-03,13.64,3300.88,2024-07-31,3300.88,1
2858,2449,2024-12-03,64.34,11999.41,2025-01-08,11999.41,1
2859,2449,2024-12-16,64.34,11999.41,2025-01-26,11999.41,2
2860,2450,2025-09-15,10.56,1372.8,2025-10-17,1372.8,1
2861,2451,2025-08-27,293.5,13794.5,2025-11-03,13794.5,1
2862,2452,2024-08-25,120.32,46172.28,2024-09-18,46172.28,1
2863,2453,2024-11-10,723.42,100555.38,2024-12-02,100555.38,1
2864,2454,2024-06-15,17.65,926.62,2024-07-30,926.62,1
2865,2454,2024-06-28,17.65,926.62,2024-08-11,926.62,2
2866,2455,2025-08-05,5.99,1192.01,2025-10-10,1192.01,1
2867,2456,2024-08-06,429.47,70003.61,2024-09-12,70003.61,1
2868,2457,2025-09-06,40.71,17668.14,2025-10-12,17668.14,1
2869,2458,2025-10-02,56.0,27664.0,2025-11-05,27664.0,1
2870,2459,2025-06-07,928.42,8355.78,2025-07-03,8355.78,1
2871,2459,2025-06-26,928.42,8355.78,2025-07-29,8355.78,2
2872,2460,2024-10-01,5.79,341.61,2024-11-22,341.61,1
2873,2461,2025-12-23,5.79,2113.35,2026-01-02,2113.35,1
2874,2462,2025-06-22,72.27,10190.07,2025-07-16,10190.07,1
2875,2463,2025-05-15,54.56,14076.48,2025-07-08,14076.48,1
2876,2464,2025-10-19,33.94,1866.7,2025-11-28,1866.7,1
2877,2464,2025-11-04,33.94,1866.7,2026-01-02,1866.7,2
2878,2465,2025-11-17,723.34,348649.88,2026-01-15,348649.88,1
2879,2466,2024-03-25,29.83,10828.29,2024-05-23,10828.29,1
2880,2467,2025-11-04,51.53,24992.05,2025-12-28,24992.05,1
2881,2468,2025-09-01,55.49,5216.06,2025-10-03,5216.06,1
2882,2468,2025-09-12,55.49,5216.06,2025-10-09,5216.06,2
2883,2469,2024-06-26,92.65,16584.35,2024-07-27,16584.35,1
2884,2470,2024-09-15,11.54,1967.57,2024-09-22,1967.57,1
2885,2470,2024-10-01,11.54,1967.57,2024-10-27,1967.57,2
2886,2471,2025-08-18,57.08,15764.4,2025-10-11,15764.4,1
2887,2472,2024-07-16,32.91,13920.93,2024-07-18,13920.93,1
2888,2473,2025-01-01,9.84,1174.1,2025-01-20,1174.1,1
2889,2474,2025-07-07,58.48,28304.32,2025-08-27,28304.32,1
2890,2475,2025-05-25,68.05,27083.9,2025-06-24,27083.9,1
2891,2476,2025-12-05,71.13,20983.35,2026-01-19,20983.35,1
2892,2477,2024-04-05,136.48,22792.16,2024-05-08,22792.16,1
2893,2478,2024-09-27,41.48,1825.12,2024-10-30,1825.12,1
2894,2479,2026-01-29,118.88,32216.48,2026-03-10,32216.48,1
2895,2480,2025-04-10,139.59,28336.77,2025-04-30,28336.77,1
2896,2481,2024-07-24,309.41,49041.48,2024-09-12,49041.48,1
2897,2481,2024-08-11,309.41,49041.48,2024-10-05,49041.48,2
2898,2482,2024-08-25,5.61,1127.61,2024-10-28,1127.61,1
2899,2483,2024-10-26,121.27,15037.48,2024-11-13,15037.48,1
2900,2484,2025-03-12,38.72,6479.97,2025-04-30,6479.97,1
2901,2484,2025-03-21,38.72,6479.97,2025-04-30,6479.97,2
2902,2485,2024-09-16,335.24,85150.96,2024-11-02,85150.96,1
2903,2486,2025-05-15,881.07,203527.17,2025-06-20,203527.17,1
2904,2487,2024-12-16,58.31,22041.18,2025-02-07,22041.18,1
2905,2488,2025-04-15,62.19,6840.9,2025-05-22,6840.9,1
2906,2489,2024-06-13,62.83,3895.46,2024-08-14,3895.46,1
2907,2490,2025-04-26,254.6,32843.4,2025-05-20,32843.4,1
2908,2491,2025-12-09,131.9,61333.5,2026-01-21,61333.5,1
2909,2492,2024-06-09,144.44,60375.92,2024-07-07,60375.92,1
2910,2493,2024-11-07,738.86,95312.94,2025-01-11,95312.94,1
2911,2493,2024-11-17,738.86,95312.94,2025-01-10,95312.94,2
2912,2494,2025-07-08,171.47,17147.0,2025-08-14,17147.0,1
2913,2495,2025-05-12,38.04,855.9,2025-06-04,855.9,1
2914,2495,2025-05-25,38.04,855.9,2025-06-22,855.9,2
2915,2496,2025-05-28,167.04,32906.88,2025-08-11,32906.88,1
2916,2497,2025-03-31,172.58,72828.76,2025-05-08,72828.76,1
2917,2498,2025-06-26,164.52,45243.0,2025-07-10,45243.0,1
2918,2499,2025-05-14,375.3,155749.5,2025-06-02,155749.5,1
2919,2500,2024-03-03,152.35,56674.2,2024-04-08,56674.2,1
2920,2501,2025-07-21,166.43,41607.5,2025-09-14,41607.5,1
2921,2502,2024-12-16,82.04,8983.38,2025-01-13,8983.38,1
2922,2502,2024-12-26,82.04,8983.38,2025-01-23,8983.38,2
2923,2503,2024-03-23,800.33,183275.57,2024-03-26,183275.57,1
2924,2504,2024-11-24,813.77,147292.37,2025-01-22,147292.37,1
2925,2505,2024-12-25,461.79,92819.79,2025-02-19,92819.79,1
2926,2506,2024-03-18,754.09,147801.64,2024-04-23,147801.64,1
2927,2507,2026-02-13,287.6,23583.2,2026-04-08,23583.2,1
2928,2508,2024-07-25,125.12,50298.24,2024-08-07,50298.24,1
2929,2509,2024-10-21,349.03,12216.05,2024-11-15,12216.05,1
2930,2510,2025-01-08,6.37,1794.0,2025-03-04,1794.0,1
2931,2511,2025-10-27,24.92,2492.0,2026-01-02,2492.0,1
2932,2512,2025-08-22,487.78,243402.22,2025-09-16,243402.22,1
2933,2513,2025-09-02,774.3,295782.6,2025-10-14,295782.6,1
2934,2514,2024-08-18,267.86,70179.32,2024-09-23,70179.32,1
2935,2515,2025-10-15,54.76,6133.12,2025-12-16,6133.12,1
2936,2516,2025-10-25,722.64,71541.36,2025-12-04,71541.36,1
2937,2517,2025-02-06,5.18,225.33,2025-04-16,225.33,1
2938,2517,2025-02-18,5.18,225.33,2025-05-05,225.33,2
2939,2518,2025-03-16,5.95,2320.5,2025-05-15,2320.5,1
2940,2519,2024-03-05,346.9,83256.0,2024-05-09,83256.0,1
2941,2520,2025-08-09,56.23,1180.83,2025-09-15,1180.83,1
2942,2521,2025-12-25,94.76,2511.14,2026-01-20,2511.14,1
2943,2521,2026-01-15,94.76,2511.14,2026-02-02,2511.14,2
2944,2522,2025-01-30,370.11,129908.61,2025-04-26,129908.61,1
2945,2523,2025-03-25,24.18,1910.22,2025-05-03,1910.22,1
2946,2524,2025-02-14,1438.2,263190.6,2025-03-10,263190.6,1
2947,2525,2024-04-08,361.04,61737.84,2024-05-03,61737.84,1
2948,2525,2024-04-24,361.04,61737.84,2024-05-25,61737.84,2
2949,2526,2025-05-24,23.85,1335.6,2025-08-06,1335.6,1
2950,2527,2025-08-17,5.84,2143.28,2025-09-08,2143.28,1
2951,2528,2026-01-04,139.96,61022.56,2026-02-11,61022.56,1
2952,2529,2025-12-19,316.26,65623.95,2026-02-24,65623.95,1
2953,2529,2026-01-03,316.26,65623.95,2026-03-07,65623.95,2
2954,2530,2025-02-06,13.18,2280.14,2025-03-26,2280.14,1
2955,2531,2026-01-04,325.6,147171.2,2026-02-12,147171.2,1
2956,2532,2025-02-17,6.95,648.96,2025-04-03,648.96,1
2957,2533,2025-05-13,15.66,4838.94,2025-06-27,4838.94,1
2958,2534,2025-04-24,432.28,26369.08,2025-05-26,26369.08,1
2959,2534,2025-05-10,432.28,26369.08,2025-05-19,26369.08,2
2960,2535,2026-02-19,6.25,868.75,2026-03-31,868.75,1
2961,2535,2026-03-08,6.25,868.75,2026-03-26,868.75,2
2962,2536,2025-08-03,24.42,4542.12,2025-08-25,4542.12,1
2963,2536,2025-08-17,24.42,4542.12,2025-09-19,4542.12,2
2964,2537,2024-05-06,121.79,7794.56,2024-05-15,7794.56,1
2965,2538,2024-03-20,53.76,1989.12,2024-04-23,1989.12,1
2966,2538,2024-04-10,53.76,1989.12,2024-05-16,1989.12,2
2967,2539,2024-11-20,72.59,23591.75,2024-12-18,23591.75,1
2968,2540,2025-02-22,81.74,3187.86,2025-02-26,3187.86,1
2969,2540,2025-03-13,81.74,3187.86,2025-04-15,3187.86,2
2970,2541,2025-05-22,5.75,2691.0,2025-06-20,2691.0,1
2971,2542,2025-01-27,75.03,7052.82,2025-02-21,7052.82,1
2972,2543,2025-03-10,11.6,1392.0,2025-05-13,1392.0,1
2973,2544,2025-12-20,67.96,21747.2,2026-01-24,21747.2,1
2974,2545,2024-09-25,350.98,106346.94,2024-11-06,106346.94,1
2975,2546,2025-02-11,34.61,16405.14,2025-03-26,16405.14,1
2976,2547,2025-03-03,30.62,8757.32,2025-04-19,8757.32,1
2977,2548,2024-12-25,13.6,6609.6,2025-01-24,6609.6,1
2978,2549,2026-01-20,6.65,1915.2,2026-03-21,1915.2,1
2979,2550,2026-01-05,11.13,1558.2,2026-02-11,1558.2,1
2980,2551,2025-02-08,304.52,53595.52,2025-03-26,53595.52,1
2981,2552,2025-01-09,317.59,70981.37,2025-02-21,70981.37,1
2982,2552,2025-01-27,317.59,70981.37,2025-03-27,70981.37,2
2983,2553,2025-04-29,68.88,3788.4,2025-06-20,3788.4,1
2984,2553,2025-05-16,68.88,3788.4,2025-07-15,3788.4,2
2985,2554,2024-06-07,74.41,28126.98,2024-08-24,28126.98,1
2986,2555,2025-01-02,72.45,9056.25,2025-03-03,9056.25,1
2987,2555,2025-01-10,72.45,9056.25,2025-03-19,9056.25,2
2988,2556,2024-07-16,71.15,27118.18,2024-08-26,27118.18,1
2989,2557,2024-05-18,1020.07,501874.44,2024-06-18,501874.44,1
2990,2558,2024-04-08,144.64,71162.88,2024-06-07,71162.88,1
2991,2559,2025-04-22,56.46,12138.9,2025-06-04,12138.9,1
2992,2560,2024-01-28,362.46,178330.32,2024-03-13,178330.32,1
2993,2561,2025-06-03,657.14,43371.24,2025-07-02,43371.24,1
2994,2562,2024-12-10,142.49,65260.42,2025-02-05,65260.42,1
2995,2563,2024-11-07,426.12,155107.68,2024-12-07,155107.68,1
2996,2564,2025-09-12,255.13,19134.75,2025-10-21,19134.75,1
2997,2565,2025-02-21,284.66,61201.9,2025-04-09,61201.9,1
2998,2566,2025-07-10,125.03,26131.27,2025-07-13,26131.27,1
2999,2567,2025-07-17,46.07,7509.41,2025-09-01,7509.41,1
3000,2568,2024-03-07,54.62,7100.6,2024-04-10,7100.6,1
3001,2568,2024-03-28,54.62,7100.6,2024-04-22,7100.6,2
3002,2569,2024-07-18,87.89,39902.06,2024-08-16,39902.06,1
3003,2570,2025-03-18,25.69,11123.77,2025-04-30,11123.77,1
3004,2571,2026-01-29,25.44,534.24,2026-03-11,534.24,1
3005,2572,2024-06-14,5.42,2303.5,2024-08-13,2303.5,1
3006,2573,2024-04-23,358.51,155951.85,2024-06-05,155951.85,1
3007,2574,2026-01-19,515.41,6184.92,2026-02-03,6184.92,1
3008,2574,2026-02-07,515.41,6184.92,2026-03-11,6184.92,2
3009,2575,2026-01-02,149.94,1649.34,2026-03-02,1649.34,1
3010,2576,2024-06-18,57.33,1318.59,2024-07-07,1318.59,1
3011,2576,2024-07-03,57.33,1318.59,2024-08-14,1318.59,2
3012,2577,2024-11-03,617.32,62040.66,2024-11-06,62040.66,1
3013,2577,2024-11-12,617.32,62040.66,2024-12-14,62040.66,2
3014,2578,2025-05-17,23.65,3381.95,2025-06-17,3381.95,1
3015,2579,2024-07-02,153.47,15653.94,2024-08-04,15653.94,1
3016,2579,2024-07-21,153.47,15653.94,2024-09-09,15653.94,2
3017,2580,2024-10-17,564.96,224289.12,2024-12-09,224289.12,1
3018,2581,2024-10-31,88.37,7864.93,2024-11-26,7864.93,1
3019,2581,2024-11-13,88.37,7864.93,2024-12-17,7864.93,2
3020,2582,2025-06-06,102.41,24988.04,2025-06-27,24988.04,1
3021,2583,2024-09-26,26.24,10915.84,2024-12-08,10915.84,1
3022,2584,2024-11-28,11.31,1922.7,2025-01-01,1922.7,1
3023,2585,2024-09-14,11.12,289.12,2024-10-21,289.12,1
3024,2586,2025-09-09,6.18,444.96,2025-11-03,444.96,1
3025,2587,2024-05-29,138.84,11801.4,2024-07-21,11801.4,1
3026,2588,2024-07-23,891.39,66854.25,2024-08-22,66854.25,1
3027,2589,2024-07-23,99.93,7894.47,2024-09-02,7894.47,1
3028,2590,2025-11-21,417.82,19637.54,2025-12-22,19637.54,1
3029,2591,2026-01-06,125.19,42689.79,2026-03-18,42689.79,1
3030,2592,2025-01-31,267.54,35850.36,2025-03-22,35850.36,1
3031,2593,2024-05-31,47.92,18209.6,2024-07-15,18209.6,1
3032,2594,2025-08-30,222.7,15477.65,2025-09-29,15477.65,1
3033,2594,2025-09-14,222.7,15477.65,2025-10-02,15477.65,2
3034,2595,2025-01-31,53.08,25159.92,2025-03-01,25159.92,1
3035,2596,2025-10-05,964.73,45342.31,2025-11-16,45342.31,1
3036,2596,2025-10-25,964.73,45342.31,2025-11-10,45342.31,2
3037,2597,2024-10-25,34.51,11077.71,2024-12-02,11077.71,1
3038,2598,2026-02-18,151.01,53759.56,2026-03-24,53759.56,1
3039,2599,2025-09-29,181.42,22314.66,2025-11-29,22314.66,1
3040,2600,2024-07-11,64.96,25529.28,2024-08-10,25529.28,1
3041,2601,2025-07-27,65.65,6236.75,2025-09-17,6236.75,1
3042,2601,2025-08-15,65.65,6236.75,2025-09-13,6236.75,2
3043,2602,2024-08-15,362.63,154480.38,2024-10-05,154480.38,1
3044,2603,2024-11-16,72.33,21048.03,2024-12-21,21048.03,1
3045,2604,2024-08-11,290.27,141361.49,2024-08-26,141361.49,1
3046,2605,2025-05-23,1312.72,91890.4,2025-07-16,91890.4,1
3047,2606,2024-08-18,21.29,2320.61,2024-10-25,2320.61,1
3048,2607,2025-05-20,73.9,3325.5,2025-07-06,3325.5,1
3049,2608,2025-03-17,322.76,138141.28,2025-05-07,138141.28,1
3050,2609,2025-07-27,140.33,45466.92,2025-09-04,45466.92,1
3051,2610,2026-01-20,6.05,883.3,2026-04-08,883.3,1
3052,2611,2024-02-23,126.93,26718.76,2024-03-19,26718.76,1
3053,2611,2024-03-06,126.93,26718.76,2024-04-20,26718.76,2
3054,2612,2026-01-31,184.9,78952.3,2026-02-20,78952.3,1
3055,2613,2024-05-02,21.92,5545.76,2024-06-09,5545.76,1
3056,2614,2025-02-05,66.21,5296.8,2025-03-20,5296.8,1
3057,2615,2024-10-05,23.61,11309.19,2024-10-14,11309.19,1
3058,2616,2025-06-03,51.5,10866.5,2025-07-28,10866.5,1
3059,2617,2025-07-06,263.98,45668.54,2025-09-10,45668.54,1
3060,2618,2025-11-10,313.6,151468.8,2025-11-27,151468.8,1
3061,2619,2024-11-30,54.84,21881.16,2024-12-07,21881.16,1
3062,2620,2025-12-11,80.44,23247.16,2026-01-25,23247.16,1
3063,2621,2024-09-26,19.76,5572.32,2024-10-26,5572.32,1
3064,2622,2024-07-05,866.89,103159.91,2024-08-11,103159.91,1
3065,2623,2024-11-28,724.23,334594.26,2024-12-18,334594.26,1
3066,2624,2025-03-08,64.75,9906.75,2025-04-06,9906.75,1
3067,2625,2025-06-04,408.9,84233.4,2025-07-07,84233.4,1
3068,2626,2025-09-27,994.33,308242.3,2025-10-16,308242.3,1
3069,2627,2024-07-23,737.0,229207.0,2024-08-24,229207.0,1
3070,2628,2024-10-09,419.37,37743.3,2024-12-03,37743.3,1
3071,2629,2025-12-27,23.15,8750.7,2026-01-29,8750.7,1
3072,2630,2024-12-25,29.38,1147.08,2025-02-08,1147.08,1
3073,2630,2025-01-06,29.38,1147.08,2025-02-05,1147.08,2
3074,2631,2024-07-23,41.01,3362.82,2024-08-22,3362.82,1
3075,2632,2026-02-17,165.32,72740.8,2026-03-16,72740.8,1
3076,2633,2024-12-29,33.57,637.83,2025-02-05,637.83,1
3077,2634,2026-02-14,431.33,102872.2,2026-04-01,102872.2,1
3078,2634,2026-03-02,431.33,102872.2,2026-04-30,102872.2,2
3079,2635,2025-12-19,23.01,851.37,2026-02-08,851.37,1
3080,2636,2025-12-08,264.34,42030.06,2026-01-07,42030.06,1
3081,2637,2025-04-22,328.51,91325.78,2025-04-24,91325.78,1
3082,2638,2025-08-22,45.77,7185.89,2025-10-06,7185.89,1
3083,2639,2025-12-28,69.27,18910.71,2026-02-06,18910.71,1
3084,2640,2024-08-16,137.93,24827.4,2024-09-04,24827.4,1
3085,2641,2024-03-20,21.71,1823.64,2024-04-18,1823.64,1
3086,2641,2024-04-03,21.71,1823.64,2024-04-28,1823.64,2
3087,2642,2024-09-09,138.13,8840.32,2024-10-29,8840.32,1
3088,2643,2025-04-27,96.36,32280.6,2025-05-14,32280.6,1
3089,2644,2025-03-18,134.59,18708.01,2025-05-19,18708.01,1
3090,2645,2024-03-21,651.23,252677.24,2024-04-18,252677.24,1
3091,2646,2025-03-01,357.32,134352.32,2025-04-16,134352.32,1
3092,2647,2024-06-06,322.3,105392.1,2024-08-17,105392.1,1
3093,2648,2025-02-23,317.42,25393.6,2025-03-21,25393.6,1
3094,2649,2025-04-19,417.92,140421.12,2025-06-02,140421.12,1
3095,2650,2025-05-22,318.38,107612.44,2025-07-01,107612.44,1
3096,2651,2024-12-17,140.0,28280.0,2025-01-02,28280.0,1
3097,2652,2024-12-05,36.21,9414.6,2025-01-24,9414.6,1
3098,2653,2025-07-04,298.04,48133.46,2025-08-22,48133.46,1
3099,2653,2025-07-18,298.04,48133.46,2025-09-24,48133.46,2
3100,2654,2025-07-31,353.02,152151.62,2025-09-13,152151.62,1
3101,2655,2025-09-21,64.14,8562.69,2025-11-14,8562.69,1
3102,2655,2025-09-30,64.14,8562.69,2025-11-24,8562.69,2
3103,2656,2024-09-22,140.92,61159.28,2024-11-03,61159.28,1
3104,2657,2024-12-01,382.83,60869.97,2025-01-01,60869.97,1
3105,2657,2024-12-22,382.83,60869.97,2025-01-21,60869.97,2
3106,2658,2024-09-27,1214.55,374850.88,2024-11-06,374850.88,1
3107,2659,2025-03-03,331.6,57698.4,2025-04-16,57698.4,1
3108,2660,2024-05-14,6.63,2718.3,2024-06-16,2718.3,1
3109,2661,2024-12-23,174.69,50834.79,2025-02-25,50834.79,1
3110,2662,2024-06-24,60.22,8129.7,2024-07-17,8129.7,1
3111,2663,2025-03-03,350.03,123910.62,2025-03-20,123910.62,1
3112,2664,2025-10-17,789.13,250154.21,2025-11-14,250154.21,1
3113,2665,2026-02-05,742.95,112185.45,2026-03-04,112185.45,1
3114,2666,2024-12-25,387.56,36430.64,2025-01-24,36430.64,1
3115,2667,2024-03-16,63.76,4208.16,2024-04-22,4208.16,1
3116,2668,2024-07-10,61.65,832.28,2024-09-04,832.28,1
3117,2668,2024-07-21,61.65,832.28,2024-09-09,832.28,2
3118,2669,2024-04-22,68.15,3680.1,2024-05-20,3680.1,1
3119,2670,2025-09-01,5.71,1378.96,2025-10-30,1378.96,1
3120,2670,2025-09-18,5.71,1378.96,2025-11-05,1378.96,2
3121,2671,2025-12-31,23.23,9408.15,2026-02-05,9408.15,1
3122,2672,2025-03-20,89.15,6062.2,2025-04-06,6062.2,1
3123,2673,2024-06-27,41.08,7681.96,2024-08-07,7681.96,1
3124,2674,2024-03-03,17.19,3764.61,2024-04-29,3764.61,1
3125,2675,2026-02-05,7.23,2646.18,2026-02-26,2646.18,1
3126,2676,2024-10-23,31.69,9602.07,2024-12-21,9602.07,1
3127,2677,2024-04-15,129.93,25856.07,2024-05-12,25856.07,1
3128,2678,2024-07-02,140.64,35300.64,2024-07-25,35300.64,1
3129,2679,2024-08-11,320.79,4811.85,2024-10-17,4811.85,1
3130,2680,2025-05-31,312.6,34386.0,2025-07-02,34386.0,1
3131,2681,2025-12-08,55.8,6277.5,2026-01-18,6277.5,1
3132,2681,2025-12-26,55.8,6277.5,2026-01-28,6277.5,2
3133,2682,2024-08-21,67.36,27954.4,2024-09-02,27954.4,1
3134,2683,2025-06-18,12.9,2812.2,2025-08-01,2812.2,1
3135,2684,2024-03-08,6.14,890.3,2024-04-30,890.3,1
3136,2685,2024-01-16,71.45,12075.05,2024-02-28,12075.05,1
3137,2686,2024-03-12,159.51,21214.83,2024-04-09,21214.83,1
3138,2686,2024-03-27,159.51,21214.83,2024-04-15,21214.83,2
3139,2687,2025-12-15,191.09,62706.0,2026-01-14,62706.0,1
3140,2688,2025-04-16,62.36,19830.48,2025-05-31,19830.48,1
3141,2689,2025-09-06,53.52,9526.56,2025-09-23,9526.56,1
3142,2690,2024-02-06,388.29,67562.46,2024-02-16,67562.46,1
3143,2690,2024-02-26,388.29,67562.46,2024-04-11,67562.46,2
3144,2691,2024-03-11,116.66,51797.04,2024-04-27,51797.04,1
3145,2692,2025-10-22,124.98,42493.2,2025-12-08,42493.2,1
3146,2693,2024-05-25,151.53,38488.62,2024-06-19,38488.62,1
3147,2694,2024-05-07,33.92,16145.92,2024-05-21,16145.92,1
3148,2695,2025-02-15,11.94,5934.18,2025-03-20,5934.18,1
3149,2696,2025-04-10,1379.33,142070.99,2025-05-18,142070.99,1
3150,2697,2024-07-27,48.54,1650.36,2024-09-04,1650.36,1
3151,2698,2024-12-18,60.08,14779.68,2025-01-15,14779.68,1
3152,2699,2025-06-21,41.89,16169.54,2025-07-29,16169.54,1
3153,2700,2024-12-16,47.34,10320.12,2025-01-26,10320.12,1
3154,2701,2024-11-18,58.92,26690.76,2025-01-17,26690.76,1
3155,2702,2024-04-25,14.75,2743.5,2024-05-13,2743.5,1
3156,2703,2025-01-13,877.34,410595.12,2025-01-30,410595.12,1
3157,2704,2025-09-19,37.58,7252.94,2025-10-18,7252.94,1
3158,2704,2025-09-22,37.58,7252.94,2025-10-22,7252.94,1
3159,2705,2025-05-05,63.08,15643.84,2025-06-14,15643.84,1
3160,2706,2025-11-18,174.22,26829.88,2025-12-18,26829.88,1
3161,2707,2024-06-01,392.88,34180.56,2024-06-17,34180.56,1
3162,2708,2024-03-16,72.44,21949.32,2024-05-26,21949.32,1
3163,2709,2025-04-01,194.71,75742.19,2025-04-16,75742.19,1
3164,2710,2024-06-15,787.85,92966.3,2024-07-12,92966.3,1
3165,2711,2025-04-14,15.53,7749.47,2025-05-08,7749.47,1
3166,2712,2025-11-06,268.95,48948.9,2025-12-21,48948.9,1
3167,2713,2024-11-05,82.9,10611.2,2024-12-13,10611.2,1
3168,2714,2025-04-05,465.44,215033.28,2025-05-08,215033.28,1
3169,2715,2025-06-22,85.85,25840.85,2025-09-15,25840.85,1
3170,2716,2024-05-15,44.54,20354.78,2024-07-10,20354.78,1
3171,2717,2025-12-03,57.52,20304.56,2026-01-24,20304.56,1
3172,2718,2024-07-08,33.48,15218.91,2024-08-15,15218.91,1
3173,2719,2025-09-08,62.67,23751.93,2025-09-21,23751.93,1
3174,2720,2025-06-08,296.72,110676.56,2025-07-31,110676.56,1
3175,2721,2024-05-28,77.56,14891.52,2024-06-19,14891.52,1
3176,2722,2025-07-11,39.42,17029.44,2025-09-02,17029.44,1
3177,2723,2024-07-13,34.28,8038.66,2024-08-08,8038.66,1
3178,2723,2024-07-30,34.28,8038.66,2024-09-10,8038.66,2
3179,2724,2025-05-08,5.78,720.3,2025-07-11,720.3,1
3180,2724,2025-05-18,5.78,720.3,2025-07-17,720.3,2
3181,2725,2025-12-28,62.4,30888.0,2026-01-31,30888.0,1
3182,2726,2025-12-22,502.76,99546.48,2026-02-20,99546.48,1
3183,2727,2025-11-04,62.29,9405.79,2025-12-24,9405.79,1
3184,2728,2025-02-18,61.69,23072.06,2025-03-27,23072.06,1
3185,2729,2025-04-02,42.54,8337.84,2025-05-17,8337.84,1
3186,2729,2025-04-16,42.54,8337.84,2025-06-04,8337.84,2
3187,2730,2024-09-17,125.46,27475.74,2024-10-11,27475.74,1
3188,2731,2025-12-17,692.23,214591.3,2026-01-06,214591.3,1
3189,2732,2024-12-25,247.53,12624.03,2025-01-30,12624.03,1
3190,2733,2025-09-06,178.56,35176.32,2025-10-06,35176.32,1
3191,2734,2024-10-15,747.77,297612.46,2024-11-16,297612.46,1
3192,2735,2025-07-25,97.98,24005.1,2025-08-24,24005.1,1
3193,2736,2024-07-14,463.94,77477.98,2024-08-11,77477.98,1
3194,2737,2025-07-29,385.81,81984.62,2025-09-17,81984.62,1
3195,2737,2025-08-08,385.81,81984.62,2025-10-02,81984.62,2
3196,2738,2024-02-26,5.69,182.08,2024-04-23,182.08,1
3197,2738,2024-03-08,5.69,182.08,2024-04-10,182.08,2
3198,2739,2024-04-23,5.9,1926.4,2024-06-28,1926.4,1
3199,2740,2024-10-19,238.75,42736.25,2024-11-29,42736.25,1
3200,2741,2025-01-09,129.36,19145.28,2025-02-13,19145.28,1
3201,2741,2025-01-20,129.36,19145.28,2025-02-19,19145.28,2
3202,2742,2025-07-10,320.68,153605.72,2025-09-08,153605.72,1
3203,2743,2024-11-13,50.51,12374.95,2024-12-21,12374.95,1
3204,2744,2024-02-24,11.06,4401.88,2024-03-31,4401.88,1
3205,2745,2024-10-22,159.81,33080.67,2024-12-03,33080.67,1
3206,2746,2024-12-24,45.09,18171.27,2025-02-04,18171.27,1
3207,2747,2025-03-09,6.14,208.76,2025-04-28,208.76,1
3208,2748,2025-06-08,135.01,29297.17,2025-07-14,29297.17,1
3209,2749,2024-08-16,347.77,147802.25,2024-10-11,147802.25,1
3210,2749,2024-08-19,347.77,147802.25,2024-10-18,147802.25,1
3211,2750,2025-05-26,73.29,20521.2,2025-06-12,20521.2,1
3212,2751,2025-05-29,287.69,12802.2,2025-06-21,12802.2,1
3213,2751,2025-06-10,287.69,12802.2,2025-07-11,12802.2,2
3214,2752,2025-08-26,68.07,5309.46,2025-10-24,5309.46,1
3215,2752,2025-09-09,68.07,5309.46,2025-11-19,5309.46,2
3216,2753,2025-02-22,360.06,84254.04,2025-04-29,84254.04,1
3217,2754,2025-09-29,351.12,58285.92,2025-11-16,58285.92,1
3218,2755,2024-07-15,71.75,29274.0,2024-09-08,29274.0,1
3219,2756,2025-07-20,12.5,2200.0,2025-08-23,2200.0,1
3220,2757,2024-03-11,178.86,17674.8,2024-05-01,17674.8,1
3221,2758,2024-05-01,11.45,3629.65,2024-06-16,3629.65,1
3222,2759,2025-11-01,25.38,1332.45,2025-12-08,1332.45,1
3223,2759,2025-11-22,25.38,1332.45,2026-01-02,1332.45,2
3224,2760,2024-12-18,158.86,75935.08,2025-01-25,75935.08,1
3225,2761,2025-05-15,92.38,6512.79,2025-06-05,6512.79,1
3226,2761,2025-05-25,92.38,6512.79,2025-06-30,6512.79,2
3227,2762,2025-04-06,294.41,99552.04,2025-05-10,99552.04,1
3228,2763,2025-07-10,874.05,58561.35,2025-08-19,58561.35,1
3229,2763,2025-07-26,874.05,58561.35,2025-08-21,58561.35,2
3230,2764,2024-08-18,1070.48,18198.16,2024-09-26,18198.16,1
3231,2765,2024-06-23,34.34,10473.7,2024-07-25,10473.7,1
3232,2766,2024-02-25,63.93,14576.04,2024-05-02,14576.04,1
3233,2767,2025-10-14,409.0,74029.0,2025-11-13,74029.0,1
3234,2768,2024-07-10,63.08,22204.16,2024-08-26,22204.16,1
3235,2769,2025-03-24,65.55,786.6,2025-05-08,786.6,1
3236,2770,2025-01-19,66.92,18938.36,2025-03-16,18938.36,1
3237,2771,2024-06-21,5.66,1324.44,2024-08-22,1324.44,1
3238,2772,2024-12-08,27.09,6880.86,2025-01-19,6880.86,1
3239,2773,2024-03-31,463.55,226675.95,2024-05-01,226675.95,1
3240,2774,2024-06-12,38.61,8822.38,2024-07-18,8822.38,1
3241,2774,2024-07-02,38.61,8822.38,2024-08-30,8822.38,2
3242,2775,2024-05-19,141.17,64091.18,2024-06-17,64091.18,1
3243,2776,2025-10-10,26.51,2902.84,2025-11-04,2902.84,1
3244,2776,2025-10-26,26.51,2902.84,2025-11-22,2902.84,2
3245,2777,2025-03-29,140.46,34974.54,2025-05-13,34974.54,1
3246,2777,2025-04-08,140.46,34974.54,2025-06-05,34974.54,2
3247,2778,2025-12-04,30.55,3329.95,2026-01-12,3329.95,1
3248,2779,2024-12-12,73.74,32298.12,2025-01-22,32298.12,1
3249,2780,2024-07-12,228.36,6394.08,2024-08-01,6394.08,1
3250,2780,2024-07-29,228.36,6394.08,2024-09-29,6394.08,2
3251,2780,2024-08-01,228.36,6394.08,2024-09-15,6394.08,2
3252,2781,2025-04-28,160.55,23761.4,2025-05-28,23761.4,1
3253,2781,2025-05-11,160.55,23761.4,2025-06-13,23761.4,2
3254,2782,2025-12-09,19.59,9657.87,2026-01-08,9657.87,1
3255,2783,2025-02-09,300.28,38435.84,2025-04-15,38435.84,1
3256,2784,2024-02-17,47.94,7454.67,2024-03-17,7454.67,1
3257,2784,2024-02-26,47.94,7454.67,2024-03-10,7454.67,2
3258,2785,2024-09-13,5.72,1675.96,2024-11-25,1675.96,1
3259,2786,2025-12-04,26.33,4857.88,2026-01-28,4857.88,1
3260,2786,2025-12-15,26.33,4857.88,2026-01-27,4857.88,2
3261,2787,2025-03-22,45.5,21976.5,2025-05-14,21976.5,1
3262,2788,2026-01-15,16.31,212.03,2026-03-09,212.03,1
3263,2788,2026-02-01,16.31,212.03,2026-02-20,212.03,2
3264,2789,2025-03-09,6.3,3137.4,2025-04-11,3137.4,1
3265,2790,2024-02-12,139.29,41508.42,2024-03-08,41508.42,1
3266,2791,2025-11-18,130.79,1961.85,2025-12-22,1961.85,1
3267,2792,2025-08-02,7.21,2718.17,2025-08-20,2718.17,1
3268,2793,2025-07-26,136.88,49346.7,2025-08-24,49346.7,1
3269,2794,2026-01-05,89.58,20782.56,2026-01-30,20782.56,1
3270,2795,2024-07-01,11.2,2497.6,2024-07-10,2497.6,1
3271,2796,2025-12-19,126.19,58930.73,2026-02-18,58930.73,1
3272,2797,2024-08-05,77.31,24816.51,2024-10-02,24816.51,1
3273,2797,2024-08-07,77.31,24816.51,2024-10-06,24816.51,1
3274,2798,2026-01-16,22.9,7121.9,2026-02-06,7121.9,1
3275,2799,2024-07-03,42.6,16145.4,2024-08-13,16145.4,1
3276,2800,2025-03-22,163.18,44384.96,2025-05-18,44384.96,1
3277,2801,2025-09-24,298.79,101887.39,2025-12-10,101887.39,1
3278,2802,2024-04-20,52.09,25211.56,2024-06-03,25211.56,1
3279,2803,2024-03-28,1105.96,397039.64,2024-05-22,397039.64,1
3280,2804,2025-10-20,155.11,57545.81,2025-11-17,57545.81,1
3281,2805,2024-04-05,5.94,2007.72,2024-06-03,2007.72,1
3282,2806,2025-04-26,324.3,18160.8,2025-06-09,18160.8,1
3283,2807,2025-12-23,15.78,2177.64,2026-01-19,2177.64,1
3284,2808,2025-05-14,168.44,58954.0,2025-06-15,58954.0,1
3285,2809,2025-01-22,13.61,4845.16,2025-02-20,4845.16,1
3286,2810,2024-12-09,55.18,13160.43,2025-01-07,13160.43,1
3287,2810,2024-12-27,55.18,13160.43,2025-02-14,13160.43,2
3288,2811,2025-06-04,465.5,96824.0,2025-07-24,96824.0,1
3289,2812,2025-04-19,6.32,1213.44,2025-05-04,1213.44,1
3290,2813,2025-01-14,13.0,5395.0,2025-01-29,5395.0,1
3291,2814,2024-06-06,24.07,8304.15,2024-08-15,8304.15,1
3292,2815,2025-05-18,25.69,11714.64,2025-06-19,11714.64,1
3293,2816,2025-08-10,147.12,17065.92,2025-09-01,17065.92,1
3294,2817,2025-07-03,59.97,11334.33,2025-08-16,11334.33,1
3295,2818,2024-04-02,339.33,10858.56,2024-06-27,10858.56,1
3296,2819,2025-06-14,782.28,245635.92,2025-07-12,245635.92,1
3297,2820,2025-08-08,162.77,12858.83,2025-09-29,12858.83,1
3298,2821,2024-07-01,756.18,182239.38,2024-08-30,182239.38,1
3299,2822,2025-10-24,149.17,50717.8,2025-11-15,50717.8,1
3300,2823,2025-02-25,116.91,24434.19,2025-04-28,24434.19,1
3301,2824,2024-12-31,123.72,60870.24,2025-01-23,60870.24,1
3302,2825,2025-08-12,15.42,2251.32,2025-09-03,2251.32,1
3303,2826,2025-02-10,302.77,72967.57,2025-03-04,72967.57,1
3304,2827,2025-03-12,64.39,29361.84,2025-04-16,29361.84,1
3305,2828,2024-10-10,305.12,70787.84,2024-11-04,70787.84,1
3306,2829,2025-12-30,1073.54,15029.56,2026-01-31,15029.56,1
3307,2830,2026-01-14,413.61,126978.27,2026-02-04,126978.27,1
3308,2831,2024-05-17,118.23,52139.43,2024-06-24,52139.43,1
3309,2832,2025-07-29,710.39,34809.11,2025-09-15,34809.11,1
3310,2833,2024-02-20,62.98,3652.84,2024-03-24,3652.84,1
3311,2833,2024-02-28,62.98,3652.84,2024-04-19,3652.84,2
3312,2834,2024-10-16,55.55,8221.4,2024-11-18,8221.4,1
3313,2835,2026-02-03,30.75,4535.62,2026-03-27,4535.62,1
3314,2835,2026-02-17,30.75,4535.62,2026-03-05,4535.62,2
3315,2836,2024-06-25,86.94,26429.76,2024-09-08,26429.76,1
3316,2837,2024-11-02,118.3,31112.9,2024-12-16,31112.9,1
3317,2838,2024-07-21,348.11,129845.03,2024-08-26,129845.03,1
3318,2839,2025-08-05,249.86,84952.4,2025-09-26,84952.4,1
3319,2840,2025-01-26,37.65,2974.35,2025-03-10,2974.35,1
3320,2840,2025-02-15,37.65,2974.35,2025-03-17,2974.35,2
3321,2841,2025-03-27,328.28,129014.04,2025-06-04,129014.04,1
3322,2842,2025-12-23,309.29,24743.2,2026-03-02,24743.2,1
3323,2843,2025-02-12,43.44,20460.24,2025-03-14,20460.24,1
3324,2844,2025-08-03,532.92,174264.84,2025-09-17,174264.84,1
3325,2845,2024-04-17,5.9,991.2,2024-05-05,991.2,1
3326,2846,2024-08-02,301.25,71697.5,2024-10-17,71697.5,1
3327,2847,2025-12-31,509.8,117254.0,2026-01-31,117254.0,1
3328,2848,2025-10-20,124.59,53531.04,2025-11-11,53531.04,1
3329,2849,2025-05-17,1264.53,389475.24,2025-06-27,389475.24,1
3330,2850,2024-10-28,266.65,75728.6,2024-12-05,75728.6,1
3331,2851,2024-07-05,124.08,17247.12,2024-08-18,17247.12,1
3332,2852,2025-10-14,38.53,6550.1,2025-11-01,6550.1,1
3333,2853,2025-08-17,7.17,1233.24,2025-09-17,1233.24,1
3334,2854,2024-07-20,264.31,81671.79,2024-08-31,81671.79,1
3335,2855,2025-05-05,16.68,1117.56,2025-06-22,1117.56,1
3336,2856,2025-05-16,42.58,14349.46,2025-06-10,14349.46,1
3337,2857,2025-02-04,5.83,1192.23,2025-03-23,1192.23,1
3338,2857,2025-02-20,5.83,1192.23,2025-04-02,1192.23,2
3339,2858,2025-12-26,134.83,10786.4,2026-01-22,10786.4,1
3340,2859,2024-05-12,24.99,5847.66,2024-05-28,5847.66,1
3341,2860,2024-08-23,136.94,3149.62,2024-10-19,3149.62,1
3342,2860,2024-09-04,136.94,3149.62,2024-10-26,3149.62,2
3343,2861,2024-04-07,132.73,20108.6,2024-04-20,20108.6,1
3344,2861,2024-04-19,132.73,20108.6,2024-05-16,20108.6,2
3345,2862,2025-06-05,44.51,1335.3,2025-07-09,1335.3,1
3346,2863,2025-05-19,743.26,98853.58,2025-06-14,98853.58,1
3347,2864,2026-02-10,1605.09,136432.65,2026-03-20,136432.65,1
3348,2865,2025-03-29,76.58,4977.7,2025-04-23,4977.7,1
3349,2866,2024-05-27,33.87,5270.1,2024-06-26,5270.1,1
3350,2867,2024-12-18,344.5,124709.0,2025-01-25,124709.0,1
3351,2868,2024-04-27,353.08,102040.12,2024-05-31,102040.12,1
3352,2869,2025-06-21,148.66,17839.2,2025-09-06,17839.2,1
3353,2870,2025-06-19,1054.57,259424.22,2025-07-16,259424.22,1
3354,2870,2025-06-21,1054.57,259424.22,2025-07-21,259424.22,1
3355,2871,2025-11-13,462.44,58729.88,2025-12-18,58729.88,1
3356,2872,2024-10-14,102.28,35082.04,2024-11-26,35082.04,1
3357,2873,2024-09-02,726.15,225106.5,2024-09-26,225106.5,1
3358,2874,2024-03-20,26.85,8753.1,2024-04-24,8753.1,1
3359,2875,2024-12-01,159.56,15956.0,2024-12-17,15956.0,1
3360,2876,2025-02-08,323.73,120751.29,2025-04-07,120751.29,1
3361,2877,2025-08-04,87.6,11125.2,2025-09-14,11125.2,1
3362,2878,2025-08-26,5.72,2568.28,2025-10-22,2568.28,1
3363,2879,2024-05-07,74.39,27896.25,2024-06-12,27896.25,1
3364,2880,2024-09-16,101.5,14413.0,2024-12-02,14413.0,1
3365,2881,2025-02-26,299.54,118318.3,2025-04-01,118318.3,1
3366,2882,2024-10-03,5.76,1802.88,2024-11-09,1802.88,1
3367,2883,2024-02-21,399.43,191326.97,2024-04-08,191326.97,1
3368,2884,2025-10-26,538.59,101254.92,2025-11-30,101254.92,1
3369,2885,2025-07-11,6.46,936.7,2025-09-08,936.7,1
3370,2886,2025-02-10,1358.13,601651.59,2025-04-07,601651.59,1
3371,2887,2024-10-04,52.35,21097.05,2024-11-03,21097.05,1
3372,2888,2025-10-18,54.84,19523.04,2025-12-11,19523.04,1
3373,2889,2024-03-08,1129.53,471014.01,2024-05-09,471014.01,1
3374,2890,2025-01-24,48.9,21027.0,2025-02-03,21027.0,1
3375,2891,2025-09-26,6.68,1366.06,2025-11-07,1366.06,1
3376,2891,2025-10-11,6.68,1366.06,2025-11-03,1366.06,2
3377,2892,2026-01-20,29.09,1076.33,2026-03-16,1076.33,1
3378,2893,2024-08-17,52.77,15144.99,2024-10-18,15144.99,1
3379,2894,2025-06-13,190.97,46978.62,2025-07-13,46978.62,1
3380,2895,2024-06-20,22.92,710.52,2024-07-19,710.52,1
3381,2896,2024-04-29,39.77,14635.36,2024-05-08,14635.36,1
3382,2897,2024-10-14,13.45,87.42,2024-11-29,87.42,1
3383,2897,2024-10-31,13.45,87.42,2024-12-09,87.42,2
3384,2898,2025-11-02,62.12,931.8,2025-11-19,931.8,1
3385,2899,2025-06-09,30.41,7161.56,2025-07-09,7161.56,1
3386,2899,2025-06-24,30.41,7161.56,2025-07-09,7161.56,2
3387,2900,2025-02-03,352.02,104197.92,2025-03-02,104197.92,1
3388,2901,2024-09-12,45.82,18511.28,2024-09-21,18511.28,1
3389,2902,2024-06-05,154.15,33450.55,2024-07-21,33450.55,1
3390,2903,2024-08-30,58.13,26042.24,2024-09-29,26042.24,1
3391,2904,2024-06-06,826.43,63635.11,2024-08-07,63635.11,1
3392,2905,2024-06-16,120.22,37388.42,2024-08-02,37388.42,1
3393,2906,2025-06-14,5.18,2419.06,2025-07-30,2419.06,1
3394,2906,2025-06-17,5.18,2419.06,2025-08-01,2419.06,1
3395,2907,2024-06-08,29.25,10091.25,2024-07-01,10091.25,1
3396,2908,2024-03-23,328.67,23335.57,2024-05-14,23335.57,1
3397,2909,2025-02-24,797.97,129271.14,2025-04-02,129271.14,1
3398,2910,2024-09-16,138.01,9936.72,2024-10-23,9936.72,1
3399,2911,2024-12-22,77.38,13773.64,2025-02-06,13773.64,1
3400,2911,2025-01-08,77.38,13773.64,2025-02-16,13773.64,2
3401,2912,2024-05-18,40.11,8583.54,2024-06-28,8583.54,1
3402,2913,2024-06-19,15.11,5122.29,2024-08-18,5122.29,1
3403,2914,2024-12-11,307.27,20279.82,2025-01-20,20279.82,1
3404,2915,2025-06-23,47.34,19504.08,2025-07-18,19504.08,1
3405,2916,2024-12-07,6.49,2115.74,2025-01-02,2115.74,1
3406,2917,2025-03-05,93.77,3657.03,2025-04-04,3657.03,1
3407,2918,2025-03-16,6.65,1376.55,2025-05-11,1376.55,1
3408,2919,2024-09-04,33.75,10968.75,2024-10-02,10968.75,1
3409,2920,2024-09-26,416.69,135007.56,2024-10-28,135007.56,1
3410,2921,2024-12-10,10.87,135.88,2025-01-24,135.88,1
3411,2921,2024-12-24,10.87,135.88,2025-01-29,135.88,2
3412,2922,2024-03-15,63.81,20483.01,2024-04-09,20483.01,1
3413,2922,2024-03-16,63.81,20483.01,2024-04-15,20483.01,1
3414,2923,2025-06-22,48.6,1069.2,2025-07-19,1069.2,1
3415,2924,2025-05-01,476.16,193320.96,2025-05-31,193320.96,1
3416,2925,2024-09-15,128.51,42536.81,2024-09-28,42536.81,1
3417,2926,2024-10-21,63.33,16782.45,2024-12-16,16782.45,1
3418,2927,2024-09-04,55.91,16046.17,2024-10-19,16046.17,1
3419,2928,2025-06-08,146.02,8031.1,2025-07-22,8031.1,1
3420,2929,2025-08-08,415.48,91405.6,2025-10-07,91405.6,1
3421,2930,2024-05-02,792.21,374715.33,2024-05-19,374715.33,1
3422,2931,2024-12-11,71.86,31546.54,2025-01-14,31546.54,1
3423,2932,2024-01-22,279.1,38236.7,2024-03-22,38236.7,1
3424,2932,2024-02-07,279.1,38236.7,2024-04-17,38236.7,2
3425,2933,2024-12-19,316.71,57641.22,2025-01-26,57641.22,1
3426,2934,2024-08-09,27.03,4838.37,2024-10-02,4838.37,1
3427,2934,2024-08-28,27.03,4838.37,2024-09-17,4838.37,2
3428,2935,2024-10-22,73.46,31881.64,2024-12-28,31881.64,1
3429,2936,2025-01-07,154.11,23270.61,2025-02-03,23270.61,1
3430,2937,2024-10-15,412.26,178096.32,2024-10-22,178096.32,1
3431,2938,2024-11-20,50.95,866.15,2025-01-25,866.15,1
3432,2939,2025-08-21,5.72,1023.88,2025-10-04,1023.88,1
3433,2940,2025-08-30,150.08,69637.12,2025-09-28,69637.12,1
3434,2941,2024-01-26,289.61,48117.32,2024-04-13,48117.32,1
3435,2942,2024-12-06,24.22,3947.86,2025-01-31,3947.86,1
3436,2943,2025-10-04,49.58,4710.1,2025-10-18,4710.1,1
3437,2944,2025-02-16,188.92,45435.26,2025-04-15,45435.26,1
3438,2944,2025-03-07,188.92,45435.26,2025-04-11,45435.26,2
3439,2945,2024-07-21,232.03,41765.4,2024-08-20,41765.4,1
3440,2946,2025-04-27,426.5,185527.5,2025-05-22,185527.5,1
3441,2947,2024-05-29,533.84,64060.8,2024-07-07,64060.8,1
3442,2948,2024-03-10,61.39,5954.83,2024-05-14,5954.83,1
3443,2949,2025-06-07,136.28,24598.54,2025-06-26,24598.54,1
3444,2949,2025-06-26,136.28,24598.54,2025-07-29,24598.54,2
3445,2950,2025-02-18,48.03,18329.88,2025-03-06,18329.88,1
3446,2951,2025-07-31,49.22,10976.06,2025-10-02,10976.06,1
3447,2951,2025-08-09,49.22,10976.06,2025-09-16,10976.06,2
3448,2952,2024-10-28,69.25,15442.75,2025-01-05,15442.75,1
3449,2953,2025-10-04,316.11,135927.3,2025-10-31,135927.3,1
3450,2954,2025-01-03,407.87,179870.67,2025-02-18,179870.67,1
3451,2955,2025-07-27,1092.69,441446.76,2025-09-01,441446.76,1
3452,2956,2024-05-01,46.72,19015.04,2024-06-16,19015.04,1
3453,2957,2024-05-09,5.17,2300.65,2024-07-22,2300.65,1
3454,2958,2025-08-28,261.77,82719.32,2025-09-21,82719.32,1
3455,2959,2025-09-23,873.22,349288.0,2025-10-28,349288.0,1
3456,2960,2026-01-06,50.57,16182.4,2026-01-10,16182.4,1
3457,2961,2024-10-11,90.45,6150.6,2024-11-11,6150.6,1
3458,2962,2024-03-14,283.66,16168.62,2024-04-09,16168.62,1
3459,2962,2024-04-02,283.66,16168.62,2024-04-29,16168.62,2
3460,2963,2026-01-19,91.57,41389.64,2026-02-19,41389.64,1
3461,2964,2025-04-20,95.76,6128.64,2025-05-13,6128.64,1
3462,2964,2025-04-29,95.76,6128.64,2025-05-12,6128.64,2
3463,2965,2024-07-16,115.28,37927.12,2024-09-12,37927.12,1
3464,2966,2025-09-03,327.23,136454.91,2025-10-18,136454.91,1
3465,2967,2025-12-06,40.78,1060.28,2026-02-16,1060.28,1
3466,2968,2024-09-16,105.39,23818.14,2024-10-30,23818.14,1
3467,2969,2025-08-13,237.47,34433.15,2025-10-04,34433.15,1
3468,2970,2025-09-24,420.49,42049.0,2025-11-10,42049.0,1
3469,2971,2025-01-30,375.95,95491.3,2025-03-09,95491.3,1
3470,2972,2025-05-20,37.31,690.24,2025-06-10,690.24,1
3471,2972,2025-06-08,37.31,690.24,2025-07-30,690.24,2
3472,2973,2024-08-20,122.04,38320.56,2024-09-06,38320.56,1
3473,2974,2025-11-19,281.05,17425.1,2026-01-12,17425.1,1
3474,2975,2026-02-02,1329.6,189468.0,2026-03-06,189468.0,1
3475,2975,2026-02-15,1329.6,189468.0,2026-03-20,189468.0,2
3476,2976,2026-01-19,61.73,17469.59,2026-02-20,17469.59,1
3477,2977,2025-07-21,148.39,47188.02,2025-08-17,47188.02,1
3478,2978,2024-04-02,95.5,9168.0,2024-06-06,9168.0,1
3479,2979,2024-10-24,720.57,118173.48,2024-11-27,118173.48,1
3480,2979,2024-11-06,720.57,118173.48,2024-12-10,118173.48,2
3481,2980,2025-01-08,78.34,26478.92,2025-02-10,26478.92,1
3482,2981,2026-01-24,61.64,14516.22,2026-03-19,14516.22,1
3483,2981,2026-02-11,61.64,14516.22,2026-03-26,14516.22,2
3484,2982,2025-02-25,816.68,191919.8,2025-04-14,191919.8,1
3485,2983,2025-02-24,86.95,20607.15,2025-04-25,20607.15,1
3486,2984,2024-05-22,160.09,20491.52,2024-06-19,20491.52,1
3487,2985,2025-09-05,5.5,734.25,2025-11-09,734.25,1
3488,2985,2025-09-26,5.5,734.25,2025-12-16,734.25,2
3489,2986,2024-09-24,11.25,466.88,2024-10-29,466.88,1
3490,2986,2024-10-11,11.25,466.88,2024-11-08,466.88,2
3491,2987,2024-05-04,646.2,204199.2,2024-06-28,204199.2,1
3492,2988,2026-01-29,137.61,27797.22,2026-03-27,27797.22,1
3493,2989,2024-07-02,56.81,3607.44,2024-08-20,3607.44,1
3494,2989,2024-07-17,56.81,3607.44,2024-09-18,3607.44,2
3495,2990,2024-02-04,121.84,14072.52,2024-02-05,14072.52,1
3496,2990,2024-02-21,121.84,14072.52,2024-04-04,14072.52,2
3497,2991,2024-04-07,81.09,8109.0,2024-05-03,8109.0,1
3498,2992,2025-01-08,308.5,26376.75,2025-02-19,26376.75,1
3499,2992,2025-01-25,308.5,26376.75,2025-02-23,26376.75,2
3500,2993,2024-04-26,131.7,51099.6,2024-06-05,51099.6,1
3501,2994,2025-10-24,7.7,1986.6,2025-12-16,1986.6,1
3502,2995,2025-02-16,82.84,15822.44,2025-03-05,15822.44,1
3503,2996,2024-10-24,351.36,5973.12,2024-11-12,5973.12,1
3504,2997,2024-01-20,65.32,26519.92,2024-02-16,26519.92,1
3505,2998,2025-01-18,113.48,43008.92,2025-02-06,43008.92,1
3506,2999,2024-05-18,58.34,6184.04,2024-06-17,6184.04,1
3507,3000,2026-01-12,5.74,1199.66,2026-03-17,1199.66,1
3508,3000,2026-01-26,5.74,1199.66,2026-04-03,1199.66,2
