po_id,supplier_id,contract_id,item_id,business_unit,requisition_date,order_date,requested_delivery_date,ordered_qty,unit_price_ordered,ordered_amount
1,1,1.0,49,Finance,2024-05-19,2024-05-21,2024-05-29,365,166.56,60794.4
2,13,17.0,22,Manufacturing,2024-12-18,2024-12-23,2025-01-19,217,296.73,64390.41
3,36,55.0,20,Marketing,2025-12-18,2025-12-27,2026-01-12,441,69.42,30614.22
4,20,25.0,22,Finance,2025-02-28,2025-03-04,2025-03-26,429,307.39,131870.31
5,17,,40,Operations,2025-06-06,2025-06-11,2025-06-26,101,495.28,50023.28
6,16,,40,IT,2024-12-23,2024-12-26,2025-01-29,343,366.1,125572.3
7,9,,2,IT,2024-01-06,2024-01-11,2024-01-31,206,76.17,15691.02
8,37,,32,Finance,2024-02-25,2024-03-02,2024-03-22,59,73.84,4356.56
9,36,,37,Manufacturing,2024-07-11,2024-07-15,2024-08-04,373,331.23,123548.79
10,14,,54,Operations,2024-06-17,2024-06-26,2024-07-12,342,141.38,48351.96
11,1,1.0,49,Marketing,2025-08-27,2025-09-05,2025-10-17,120,189.63,22755.6
12,16,20.0,60,Marketing,2025-08-31,2025-09-07,2025-10-02,177,37.42,6623.34
13,35,51.0,53,Marketing,2025-09-08,2025-09-15,2025-09-28,230,6.2,1426.0
14,4,,41,Finance,2025-04-01,2025-04-10,2025-04-26,29,743.67,21566.43
15,17,,3,IT,2025-02-08,2025-02-10,2025-03-20,26,70.41,1830.66
16,32,48.0,27,Finance,2025-04-17,2025-04-18,2025-05-10,198,23.76,4704.48
17,25,36.0,53,R&D,2024-10-17,2024-10-23,2024-10-30,120,5.46,655.2
18,37,,43,Marketing,2025-05-01,2025-05-04,2025-06-15,32,52.46,1678.72
19,3,,34,Operations,2025-07-30,2025-08-02,2025-08-11,384,138.87,53326.08
20,20,,26,Operations,2025-07-09,2025-07-10,2025-08-15,359,156.67,56244.53
21,4,,36,IT,2025-03-15,2025-03-24,2025-05-05,497,674.21,335082.37
22,32,48.0,39,Operations,2024-02-11,2024-02-12,2024-02-20,337,453.02,152667.74
23,7,11.0,33,Operations,2025-06-07,2025-06-13,2025-07-03,57,600.17,34209.69
24,21,28.0,7,R&D,2024-09-18,2024-09-24,2024-10-18,236,15.47,3650.92
25,28,40.0,15,Finance,2025-06-22,2025-06-26,2025-07-10,142,934.22,132659.24
26,11,15.0,24,IT,2025-01-21,2025-01-28,2025-02-23,35,32.73,1145.55
27,32,48.0,26,IT,2025-10-05,2025-10-05,2025-10-17,385,146.94,56571.9
28,19,23.0,1,Operations,2024-08-31,2024-09-04,2024-10-17,135,343.3,46345.5
29,3,4.0,23,Manufacturing,2025-11-05,2025-11-10,2025-12-18,91,145.22,13215.02
30,26,37.0,6,Marketing,2025-09-06,2025-09-08,2025-10-16,158,29.78,4705.24
31,29,42.0,22,Operations,2024-08-26,2024-08-29,2024-09-26,197,267.52,52701.44
32,1,1.0,41,Manufacturing,2024-12-17,2024-12-18,2025-01-25,16,688.43,11014.88
33,37,,51,IT,2025-01-20,2025-01-22,2025-02-12,68,48.21,3278.28
34,13,17.0,53,Manufacturing,2025-07-07,2025-07-15,2025-07-31,168,5.74,964.32
35,4,5.0,9,Manufacturing,2025-05-14,2025-05-18,2025-05-30,359,43.49,15612.91
36,11,15.0,55,Operations,2025-09-09,2025-09-13,2025-09-29,246,7.24,1781.04
37,35,53.0,19,Finance,2024-09-22,2024-09-27,2024-11-08,330,55.82,18420.6
38,20,,10,R&D,2024-12-31,2025-01-03,2025-02-07,213,27.77,5915.01
39,13,17.0,53,Marketing,2024-11-02,2024-11-10,2024-12-05,355,5.82,2066.1
40,20,25.0,22,Marketing,2025-10-24,2025-10-25,2025-11-13,298,330.26,98417.48
41,14,,45,IT,2024-08-01,2024-08-10,2024-09-01,439,121.15,53184.85
42,38,,59,IT,2025-03-01,2025-03-04,2025-04-13,273,126.87,34635.51
43,6,9.0,22,IT,2024-03-23,2024-03-28,2024-04-13,335,321.24,107615.4
44,25,,8,R&D,2025-09-10,2025-09-12,2025-10-01,200,452.29,90458.0
45,7,11.0,37,Marketing,2024-10-07,2024-10-07,2024-10-28,152,285.07,43330.64
46,29,44.0,2,IT,2024-08-31,2024-09-05,2024-10-16,398,85.92,34196.16
47,25,,42,IT,2025-02-24,2025-03-01,2025-04-14,402,76.57,30781.14
48,6,8.0,43,Manufacturing,2024-12-25,2024-12-30,2025-02-01,378,35.81,13536.18
49,23,32.0,9,Marketing,2025-09-06,2025-09-11,2025-10-11,464,43.01,19956.64
50,5,7.0,22,Manufacturing,2025-01-14,2025-01-22,2025-01-30,27,320.91,8664.57
51,26,37.0,6,IT,2025-01-10,2025-01-12,2025-02-16,327,33.95,11101.65
52,7,10.0,13,R&D,2024-03-10,2024-03-17,2024-04-19,161,11.66,1877.26
53,29,42.0,22,R&D,2024-01-09,2024-01-17,2024-01-27,107,303.21,32443.47
54,39,,48,R&D,2024-10-12,2024-10-17,2024-11-16,115,58.9,6773.5
55,19,22.0,23,Finance,2025-12-29,2025-12-29,2026-01-28,31,129.52,4015.12
56,16,20.0,50,IT,2025-10-28,2025-10-31,2025-12-05,113,108.85,12300.05
57,32,48.0,27,Marketing,2025-04-04,2025-04-04,2025-04-23,395,24.03,9491.85
58,21,27.0,13,Manufacturing,2025-03-30,2025-04-05,2025-05-19,415,11.92,4946.8
59,18,21.0,9,R&D,2024-10-11,2024-10-12,2024-10-24,150,37.88,5682.0
60,31,,11,Manufacturing,2024-05-03,2024-05-09,2024-06-19,422,1435.9,605949.8
61,38,,8,R&D,2023-12-31,2024-01-07,2024-01-17,153,413.78,63308.34
62,29,44.0,2,IT,2024-09-02,2024-09-04,2024-09-16,291,75.11,21857.01
63,24,35.0,19,Operations,2024-08-16,2024-08-19,2024-09-06,77,61.63,4745.51
64,38,,5,Marketing,2024-05-13,2024-05-19,2024-06-26,191,152.79,29182.89
65,39,,3,Operations,2024-07-02,2024-07-08,2024-07-17,263,67.2,17673.6
66,23,32.0,39,Operations,2024-01-12,2024-01-19,2024-03-03,432,384.61,166151.52
67,10,13.0,46,Marketing,2025-03-19,2025-03-19,2025-04-28,37,686.0,25382.0
68,11,,23,Finance,2025-11-03,2025-11-08,2025-11-25,399,149.89,59806.11
69,37,,44,Marketing,2025-05-14,2025-05-19,2025-06-10,83,309.6,25696.8
70,40,,33,Manufacturing,2024-11-23,2024-11-23,2024-12-03,444,586.75,260517.0
71,28,41.0,2,IT,2024-10-25,2024-11-02,2024-11-24,40,64.78,2591.2
72,40,,38,R&D,2024-08-08,2024-08-12,2024-08-31,351,28.2,9898.2
73,31,,15,R&D,2024-04-10,2024-04-13,2024-05-20,437,789.36,344950.32
74,40,,17,Manufacturing,2025-03-11,2025-03-12,2025-04-24,425,868.62,369163.5
75,21,27.0,16,R&D,2025-02-17,2025-02-17,2025-03-02,493,61.62,30378.66
76,25,36.0,53,Finance,2024-01-06,2024-01-06,2024-01-26,380,6.03,2291.4
77,4,5.0,39,R&D,2024-10-29,2024-10-30,2024-12-13,485,467.14,226562.9
78,3,4.0,23,R&D,2024-07-20,2024-07-21,2024-08-20,302,134.75,40694.5
79,38,,44,R&D,2024-04-27,2024-05-04,2024-05-25,404,299.6,121038.4
80,27,,22,Marketing,2025-05-26,2025-05-28,2025-06-24,466,318.15,148257.9
81,4,6.0,4,IT,2025-01-14,2025-01-18,2025-02-28,248,25.08,6219.84
82,5,7.0,22,Finance,2025-04-05,2025-04-07,2025-04-19,43,301.41,12960.63
83,39,,38,Manufacturing,2025-05-28,2025-06-04,2025-07-10,420,25.17,10571.4
84,5,7.0,53,Operations,2025-12-16,2025-12-17,2025-12-26,37,5.94,219.78
85,6,9.0,53,Finance,2025-08-02,2025-08-09,2025-09-18,361,6.64,2397.04
86,26,37.0,6,Marketing,2025-03-27,2025-03-28,2025-05-10,39,32.97,1285.83
87,24,35.0,24,IT,2025-09-29,2025-10-03,2025-10-24,498,40.2,20019.6
88,25,,7,Marketing,2024-12-11,2024-12-14,2025-01-08,420,17.77,7463.4
89,30,45.0,46,IT,2025-12-15,2025-12-19,2026-01-23,296,751.86,222550.56
90,19,23.0,6,Marketing,2025-07-07,2025-07-09,2025-08-15,401,35.8,14355.8
91,16,20.0,57,Finance,2025-04-14,2025-04-20,2025-04-30,143,138.6,19819.8
92,23,33.0,22,Marketing,2025-10-18,2025-10-21,2025-10-31,205,318.96,65386.8
93,6,8.0,57,Marketing,2025-01-08,2025-01-11,2025-02-09,480,147.16,70636.8
94,6,8.0,60,IT,2025-06-06,2025-06-10,2025-06-18,364,33.78,12295.92
95,37,,50,IT,2024-07-23,2024-07-26,2024-08-31,80,86.39,6911.2
96,24,34.0,58,R&D,2025-12-01,2025-12-04,2025-12-30,492,254.23,125081.16
97,2,,40,Finance,2025-03-28,2025-03-31,2025-05-09,197,468.53,92300.41
98,11,15.0,45,Finance,2025-07-15,2025-07-24,2025-08-23,451,81.04,36549.04
99,19,23.0,6,Marketing,2024-12-02,2024-12-02,2025-01-13,442,37.67,16650.14
100,36,,17,R&D,2025-09-22,2025-09-24,2025-10-26,254,909.11,230913.94
101,16,20.0,21,R&D,2024-02-20,2024-02-24,2024-04-02,360,138.32,49795.2
102,1,1.0,14,Marketing,2024-03-18,2024-03-24,2024-05-05,37,19.27,712.99
103,21,27.0,20,R&D,2025-01-01,2025-01-05,2025-02-14,68,67.56,4594.08
104,15,19.0,3,R&D,2025-06-15,2025-06-18,2025-06-30,20,67.27,1345.4
105,18,,42,Operations,2025-08-11,2025-08-13,2025-09-04,286,61.39,17557.54
106,24,35.0,25,Finance,2024-11-13,2024-11-17,2024-11-29,481,87.44,42058.64
107,8,,48,Marketing,2025-04-17,2025-04-19,2025-05-19,273,61.53,16797.69
108,39,,56,Finance,2025-02-01,2025-02-07,2025-02-15,479,12.24,5862.96
109,12,16.0,11,Marketing,2025-11-29,2025-12-02,2025-12-09,405,1323.9,536179.5
110,2,2.0,23,Manufacturing,2025-04-18,2025-04-22,2025-05-30,132,129.55,17100.6
111,2,3.0,37,R&D,2024-10-27,2024-10-31,2024-11-13,311,301.1,93642.1
112,31,,40,Operations,2025-12-03,2025-12-08,2025-12-19,325,415.87,135157.75
113,18,21.0,10,R&D,2024-03-10,2024-03-19,2024-03-26,126,24.76,3119.76
114,16,,3,Manufacturing,2025-12-19,2025-12-19,2026-01-18,342,81.05,27719.1
115,2,,11,Manufacturing,2024-04-19,2024-04-22,2024-05-14,243,1497.82,363970.26
116,19,22.0,28,Marketing,2024-07-23,2024-07-29,2024-08-19,17,158.46,2693.82
117,39,,30,Marketing,2025-08-19,2025-08-22,2025-09-18,87,65.03,5657.61
118,12,,28,IT,2025-06-11,2025-06-19,2025-07-01,463,152.96,70820.48
119,30,45.0,52,Manufacturing,2025-12-02,2025-12-09,2025-12-23,182,306.25,55737.5
120,37,,51,IT,2025-06-29,2025-07-01,2025-07-14,108,42.26,4564.08
121,3,4.0,23,Finance,2025-04-03,2025-04-10,2025-05-16,329,143.33,47155.57
122,14,,54,IT,2024-09-07,2024-09-09,2024-10-04,53,193.92,10277.76
123,3,,58,Marketing,2023-12-26,2024-01-04,2024-02-11,337,259.34,87397.58
124,1,1.0,14,IT,2024-03-24,2024-03-31,2024-04-10,80,16.19,1295.2
125,32,48.0,10,R&D,2024-08-03,2024-08-05,2024-08-13,182,26.65,4850.3
126,25,,29,Manufacturing,2024-01-26,2024-01-30,2024-02-09,142,341.82,48538.44
127,12,16.0,1,Finance,2024-12-31,2025-01-05,2025-02-12,457,339.86,155316.02
128,16,20.0,57,Finance,2025-07-12,2025-07-21,2025-08-19,466,142.23,66279.18
129,38,,50,Manufacturing,2025-11-30,2025-12-04,2025-12-24,177,107.88,19094.76
130,21,28.0,32,Finance,2024-12-18,2024-12-23,2025-01-17,418,66.74,27897.32
131,32,48.0,10,IT,2025-09-29,2025-09-30,2025-10-23,128,25.94,3320.32
132,3,4.0,23,Operations,2025-12-13,2025-12-20,2026-01-23,414,125.68,52031.52
133,23,33.0,53,IT,2025-09-11,2025-09-19,2025-10-27,441,5.62,2478.42
134,29,44.0,52,Finance,2024-12-04,2024-12-05,2025-01-13,42,395.81,16624.02
135,13,17.0,22,IT,2024-08-22,2024-08-25,2024-09-29,42,341.06,14324.52
136,5,7.0,53,Manufacturing,2025-12-10,2025-12-14,2026-01-11,273,5.58,1523.34
137,38,,59,IT,2024-06-19,2024-06-25,2024-07-17,457,152.17,69541.69
138,27,38.0,30,Marketing,2024-10-23,2024-10-27,2024-11-17,448,54.13,24250.24
139,1,1.0,49,Marketing,2024-02-19,2024-02-24,2024-03-13,310,178.04,55192.4
140,15,18.0,18,Marketing,2025-07-30,2025-08-02,2025-08-31,121,243.24,29432.04
141,37,,43,IT,2025-04-13,2025-04-19,2025-05-24,42,49.43,2076.06
142,20,25.0,53,Marketing,2024-02-23,2024-03-02,2024-03-12,295,5.69,1678.55
143,3,,36,R&D,2024-06-04,2024-06-11,2024-07-13,93,720.71,67026.03
144,38,,44,Finance,2025-02-06,2025-02-09,2025-03-02,39,305.41,11910.99
145,3,,12,Manufacturing,2025-01-21,2025-01-29,2025-03-08,276,337.97,93279.72
146,15,18.0,33,Manufacturing,2025-07-31,2025-08-08,2025-09-09,271,582.74,157922.54
147,1,1.0,58,Marketing,2024-07-05,2024-07-13,2024-07-20,239,230.18,55013.02
148,23,32.0,9,Finance,2025-11-01,2025-11-06,2025-12-07,402,37.66,15139.32
149,9,12.0,13,R&D,2024-11-20,2024-11-20,2024-12-29,481,10.47,5036.07
150,24,35.0,4,Marketing,2025-08-14,2025-08-23,2025-09-15,282,22.49,6342.18
151,38,,43,IT,2024-06-15,2024-06-23,2024-07-25,211,41.31,8716.41
152,39,,20,IT,2024-01-24,2024-01-27,2024-02-08,88,84.76,7458.88
153,38,,50,Marketing,2024-02-03,2024-02-10,2024-02-28,106,84.38,8944.28
154,4,5.0,9,Manufacturing,2024-09-27,2024-09-29,2024-11-05,98,43.64,4276.72
155,13,17.0,22,Finance,2025-11-17,2025-11-26,2025-12-06,157,326.43,51249.51
156,13,17.0,53,Operations,2024-01-28,2024-02-05,2024-02-25,242,6.42,1553.64
157,7,11.0,37,R&D,2024-09-17,2024-09-26,2024-10-04,473,270.88,128126.24
158,18,,2,IT,2024-03-12,2024-03-20,2024-04-17,442,70.02,30948.84
159,25,,46,Marketing,2025-11-06,2025-11-11,2025-12-13,287,971.59,278846.33
160,16,20.0,60,Manufacturing,2025-04-28,2025-05-07,2025-06-05,164,31.6,5182.4
161,13,17.0,53,Manufacturing,2025-07-01,2025-07-10,2025-07-20,340,6.04,2053.6
162,33,49.0,16,R&D,2025-05-26,2025-06-04,2025-06-22,401,54.28,21766.28
163,13,17.0,53,Marketing,2025-04-24,2025-04-24,2025-05-23,183,6.4,1171.2
164,11,14.0,50,Manufacturing,2025-07-13,2025-07-18,2025-07-30,243,96.81,23524.83
165,37,,60,Operations,2023-12-31,2024-01-06,2024-01-24,116,33.8,3920.8
166,8,,13,IT,2025-09-17,2025-09-23,2025-10-21,468,12.48,5840.64
167,32,48.0,26,R&D,2025-06-16,2025-06-24,2025-07-18,372,134.98,50212.56
168,4,6.0,25,IT,2025-06-18,2025-06-23,2025-07-23,426,82.65,35208.9
169,1,1.0,12,IT,2024-10-11,2024-10-14,2024-11-27,14,337.67,4727.38
170,34,50.0,46,Marketing,2025-08-02,2025-08-07,2025-08-24,129,792.42,102222.18
171,29,43.0,48,R&D,2024-10-04,2024-10-05,2024-10-12,32,43.38,1388.16
172,2,,11,Marketing,2024-02-01,2024-02-05,2024-02-13,243,1173.4,285136.2
173,18,21.0,27,Operations,2025-10-19,2025-10-24,2025-11-04,462,22.21,10261.02
174,14,,19,Finance,2024-06-14,2024-06-20,2024-07-30,478,52.98,25324.44
175,26,37.0,6,Operations,2024-03-08,2024-03-15,2024-03-31,117,31.56,3692.52
176,11,,28,Operations,2025-03-25,2025-03-29,2025-04-12,414,177.5,73485.0
177,5,7.0,22,Marketing,2024-06-13,2024-06-19,2024-07-14,142,308.39,43791.38
178,22,30.0,26,IT,2025-09-15,2025-09-18,2025-10-11,276,138.9,38336.4
179,30,45.0,46,Marketing,2024-11-17,2024-11-19,2024-12-29,123,752.54,92562.42
180,18,21.0,27,IT,2023-12-29,2024-01-04,2024-01-25,145,21.96,3184.2
181,24,35.0,4,IT,2025-11-22,2025-11-25,2025-12-12,470,26.02,12229.4
182,22,31.0,21,IT,2025-01-10,2025-01-10,2025-02-03,490,122.41,59980.9
183,11,14.0,57,Finance,2024-07-07,2024-07-10,2024-08-01,213,140.32,29888.16
184,20,25.0,53,Manufacturing,2025-05-07,2025-05-09,2025-06-20,119,6.16,733.04
185,24,35.0,54,Finance,2025-01-18,2025-01-22,2025-02-14,132,136.04,17957.28
186,13,17.0,53,R&D,2024-01-20,2024-01-22,2024-02-03,206,5.85,1205.1
187,12,,28,Marketing,2025-07-07,2025-07-08,2025-07-18,164,155.81,25552.84
188,18,21.0,9,IT,2024-10-14,2024-10-19,2024-11-10,21,36.91,775.11
189,9,12.0,16,Finance,2025-05-24,2025-05-25,2025-06-06,442,55.31,24447.02
190,36,,33,IT,2025-10-09,2025-10-15,2025-11-18,53,707.3,37486.9
191,28,40.0,30,IT,2025-03-16,2025-03-21,2025-04-12,70,55.87,3910.9
192,4,6.0,25,Operations,2025-05-04,2025-05-05,2025-05-30,195,89.12,17378.4
193,9,12.0,20,Marketing,2024-06-30,2024-07-04,2024-08-15,202,63.74,12875.48
194,10,13.0,29,Manufacturing,2024-06-21,2024-06-22,2024-07-04,340,259.94,88379.6
195,18,21.0,9,R&D,2024-10-27,2024-10-29,2024-12-08,26,41.61,1081.86
196,23,33.0,53,Operations,2025-09-06,2025-09-14,2025-09-27,69,5.31,366.39
197,8,,20,Marketing,2025-01-15,2025-01-17,2025-02-18,211,78.83,16633.13
198,12,16.0,3,Finance,2024-09-05,2024-09-11,2024-10-09,111,74.28,8245.08
199,21,28.0,57,R&D,2025-07-16,2025-07-23,2025-08-16,371,157.49,58428.79
200,30,45.0,29,Finance,2025-09-12,2025-09-14,2025-09-26,493,229.81,113296.33
201,35,51.0,53,IT,2025-10-14,2025-10-20,2025-11-06,374,5.77,2157.98
202,19,23.0,56,Manufacturing,2024-07-31,2024-08-06,2024-09-15,465,15.82,7356.3
203,2,,30,IT,2025-05-26,2025-06-02,2025-06-28,106,67.02,7104.12
204,21,26.0,28,Manufacturing,2025-03-06,2025-03-06,2025-04-07,457,140.72,64309.04
205,11,14.0,60,R&D,2024-11-16,2024-11-23,2024-12-22,65,31.98,2078.7
206,2,2.0,28,Finance,2024-10-13,2024-10-16,2024-10-29,291,149.46,43492.86
207,39,,20,Finance,2024-03-22,2024-03-24,2024-04-04,138,80.69,11135.22
208,4,5.0,10,R&D,2024-07-11,2024-07-19,2024-08-20,357,27.74,9903.18
209,9,,46,Manufacturing,2025-01-28,2025-02-05,2025-02-22,374,941.05,351952.7
210,26,37.0,40,Manufacturing,2025-10-02,2025-10-09,2025-10-25,253,333.39,84347.67
211,11,14.0,21,Finance,2025-09-23,2025-09-24,2025-10-23,397,131.59,52241.23
212,36,54.0,14,IT,2024-05-08,2024-05-16,2024-06-13,34,17.91,608.94
213,14,,45,Manufacturing,2025-05-02,2025-05-10,2025-06-23,378,97.42,36824.76
214,36,55.0,16,Manufacturing,2024-02-26,2024-03-02,2024-03-19,375,51.85,19443.75
215,7,10.0,13,Manufacturing,2025-05-02,2025-05-07,2025-05-18,172,12.23,2103.56
216,3,,58,IT,2024-09-04,2024-09-06,2024-10-01,383,310.76,119021.08
217,24,35.0,4,Manufacturing,2024-11-17,2024-11-24,2025-01-06,131,25.79,3378.49
218,18,21.0,9,Marketing,2025-06-05,2025-06-07,2025-06-27,373,38.18,14241.14
219,38,,7,IT,2024-11-01,2024-11-06,2024-11-28,79,16.19,1279.01
220,32,48.0,10,IT,2025-08-04,2025-08-12,2025-09-12,195,26.34,5136.3
221,25,36.0,53,Finance,2025-01-21,2025-01-24,2025-02-08,83,5.65,468.95
222,18,,2,Marketing,2025-12-27,2025-12-30,2026-01-13,292,67.47,19701.24
223,31,,1,IT,2025-04-01,2025-04-10,2025-05-03,229,373.06,85430.74
224,7,10.0,16,Finance,2024-08-01,2024-08-04,2024-09-04,343,63.26,21698.18
225,31,,40,Operations,2025-07-11,2025-07-19,2025-08-19,22,349.02,7678.44
226,39,,6,Finance,2024-10-20,2024-10-24,2024-11-07,84,38.08,3198.72
227,18,,42,R&D,2025-01-16,2025-01-24,2025-02-16,77,73.72,5676.44
228,12,,23,Marketing,2024-04-06,2024-04-09,2024-05-20,210,151.12,31735.2
229,35,51.0,22,Finance,2024-03-25,2024-03-28,2024-04-04,270,321.18,86718.6
230,40,,18,Finance,2025-02-23,2025-02-23,2025-04-04,15,280.41,4206.15
231,22,30.0,27,R&D,2024-05-10,2024-05-16,2024-06-21,140,22.27,3117.8
232,15,18.0,17,Operations,2025-12-26,2025-12-29,2026-02-03,411,789.15,324340.65
233,33,49.0,48,Finance,2025-09-09,2025-09-16,2025-10-13,401,48.03,19260.03
234,34,50.0,29,Finance,2025-05-25,2025-05-26,2025-07-04,201,315.71,63457.71
235,15,18.0,33,R&D,2025-06-17,2025-06-20,2025-07-11,313,517.9,162102.7
236,30,45.0,52,Operations,2025-03-01,2025-03-10,2025-03-19,480,313.78,150614.4
237,19,22.0,28,IT,2024-02-08,2024-02-14,2024-03-18,326,140.14,45685.64
238,18,21.0,39,Operations,2024-10-07,2024-10-13,2024-10-29,194,391.29,75910.26
239,24,35.0,47,Operations,2024-12-23,2024-12-27,2025-01-08,88,14.17,1246.96
240,19,24.0,26,Operations,2025-10-28,2025-10-30,2025-12-10,172,121.96,20977.12
241,24,35.0,25,Marketing,2024-06-03,2024-06-09,2024-06-23,144,76.3,10987.2
242,38,,7,IT,2024-12-21,2024-12-28,2025-02-08,71,18.82,1336.22
243,18,,29,Marketing,2024-09-08,2024-09-08,2024-09-25,363,251.84,91417.92
244,17,,56,IT,2024-04-08,2024-04-08,2024-05-14,28,12.49,349.72
245,22,29.0,28,R&D,2024-03-15,2024-03-16,2024-03-25,41,171.36,7025.76
246,4,5.0,10,Finance,2024-09-23,2024-09-23,2024-10-27,82,28.15,2308.3
247,4,,12,Operations,2024-03-01,2024-03-01,2024-03-19,183,405.48,74202.84
248,26,37.0,30,Finance,2024-02-18,2024-02-19,2024-02-27,44,48.63,2139.72
249,1,1.0,14,Manufacturing,2024-09-04,2024-09-13,2024-10-19,491,17.14,8415.74
250,39,,37,Operations,2024-05-27,2024-05-27,2024-06-25,41,310.08,12713.28
251,3,4.0,23,R&D,2025-02-08,2025-02-09,2025-03-18,306,122.59,37512.54
252,40,,33,IT,2024-01-07,2024-01-13,2024-02-10,492,641.95,315839.4
253,36,54.0,58,Manufacturing,2024-07-31,2024-08-08,2024-09-10,12,215.15,2581.8
254,23,33.0,22,R&D,2024-11-18,2024-11-26,2024-12-21,414,294.18,121790.52
255,17,,3,Finance,2025-11-25,2025-12-04,2026-01-07,81,64.42,5218.02
256,33,49.0,48,Manufacturing,2025-04-06,2025-04-08,2025-04-22,307,46.51,14278.57
257,34,50.0,42,R&D,2025-09-28,2025-10-04,2025-11-08,200,69.24,13848.0
258,17,,6,Marketing,2024-09-07,2024-09-07,2024-10-05,466,31.34,14604.44
259,33,49.0,20,Marketing,2024-11-15,2024-11-24,2024-12-29,328,73.21,24012.88
260,30,,26,Manufacturing,2024-10-31,2024-11-02,2024-11-11,113,128.95,14571.35
261,21,26.0,23,Finance,2025-10-06,2025-10-09,2025-11-21,397,131.57,52233.29
262,38,,51,Marketing,2025-11-30,2025-12-01,2025-12-17,183,49.75,9104.25
263,11,15.0,54,Operations,2025-11-25,2025-12-03,2025-12-20,274,127.91,35047.34
264,38,,50,Operations,2025-07-01,2025-07-02,2025-07-14,396,113.57,44973.72
265,28,41.0,52,R&D,2025-01-01,2025-01-02,2025-01-22,246,335.9,82631.4
266,1,1.0,41,Marketing,2025-01-28,2025-01-29,2025-02-18,58,678.19,39335.02
267,3,4.0,28,IT,2025-12-14,2025-12-16,2026-01-02,128,169.01,21633.28
268,32,48.0,35,Finance,2024-07-17,2024-07-26,2024-08-23,359,63.65,22850.35
269,25,,43,R&D,2024-09-09,2024-09-10,2024-09-28,179,44.84,8026.36
270,19,23.0,15,Marketing,2025-10-15,2025-10-16,2025-11-28,260,875.23,227559.8
271,14,,47,Operations,2024-10-03,2024-10-09,2024-10-17,145,15.29,2217.05
272,35,51.0,53,Manufacturing,2024-06-17,2024-06-20,2024-07-04,31,6.23,193.13
273,38,,32,Finance,2025-02-07,2025-02-13,2025-02-20,243,62.03,15073.29
274,16,,3,Finance,2024-08-16,2024-08-25,2024-09-30,178,67.77,12063.06
275,39,,13,Operations,2025-10-03,2025-10-12,2025-10-25,324,12.75,4131.0
276,29,43.0,16,Marketing,2025-10-24,2025-10-25,2025-11-19,214,58.85,12593.9
277,12,16.0,1,Manufacturing,2024-08-10,2024-08-11,2024-09-05,26,327.97,8527.22
278,18,21.0,26,Marketing,2025-01-13,2025-01-21,2025-02-21,24,127.76,3066.24
279,39,,30,Marketing,2025-12-19,2025-12-19,2026-01-12,182,55.98,10188.36
280,35,53.0,54,IT,2025-06-21,2025-06-25,2025-07-02,483,155.09,74908.47
281,8,,13,Manufacturing,2024-06-02,2024-06-06,2024-06-18,22,12.18,267.96
282,12,16.0,30,Operations,2025-02-27,2025-03-07,2025-04-20,51,51.69,2636.19
283,12,16.0,11,R&D,2025-03-28,2025-03-28,2025-04-21,303,1233.07,373620.21
284,35,51.0,22,Marketing,2025-04-17,2025-04-22,2025-05-19,395,351.36,138787.2
285,23,32.0,26,Manufacturing,2024-01-19,2024-01-19,2024-02-27,59,146.29,8631.11
286,31,47.0,13,Manufacturing,2024-08-06,2024-08-06,2024-09-12,356,11.19,3983.64
287,15,19.0,40,Finance,2025-09-06,2025-09-15,2025-10-07,55,362.17,19919.35
288,11,14.0,50,Operations,2024-06-23,2024-06-25,2024-07-20,144,110.04,15845.76
289,22,29.0,28,Marketing,2024-08-03,2024-08-06,2024-08-25,267,152.13,40618.71
290,36,55.0,48,Operations,2024-08-22,2024-08-23,2024-09-11,373,45.7,17046.1
291,40,,18,Operations,2024-05-03,2024-05-09,2024-06-04,231,216.57,50027.67
292,8,,13,IT,2024-04-15,2024-04-23,2024-05-29,171,12.73,2176.83
293,4,,12,R&D,2024-09-09,2024-09-10,2024-09-17,171,318.13,54400.23
294,25,,5,Operations,2025-09-21,2025-09-30,2025-10-25,286,136.41,39013.26
295,24,35.0,47,Finance,2023-12-30,2024-01-02,2024-01-19,296,13.41,3969.36
296,15,18.0,38,Marketing,2024-07-20,2024-07-25,2024-08-27,171,26.32,4500.72
297,30,45.0,46,Finance,2024-02-10,2024-02-14,2024-03-12,27,795.53,21479.31
298,33,49.0,13,Marketing,2025-02-12,2025-02-13,2025-03-19,217,10.97,2380.49
299,10,13.0,52,Manufacturing,2024-06-22,2024-07-01,2024-07-19,477,336.62,160567.74
300,11,,28,R&D,2025-07-26,2025-08-01,2025-08-29,263,210.62,55393.06
301,5,7.0,53,IT,2025-02-22,2025-03-03,2025-04-14,266,5.74,1526.84
302,19,22.0,28,Marketing,2025-07-25,2025-07-26,2025-08-11,487,150.27,73181.49
303,30,45.0,52,Manufacturing,2025-03-31,2025-04-08,2025-04-17,367,360.2,132193.4
304,40,,18,Finance,2024-11-08,2024-11-16,2024-11-25,268,272.62,73062.16
305,22,30.0,10,IT,2025-09-11,2025-09-20,2025-10-28,408,24.84,10134.72
306,22,30.0,27,Marketing,2024-12-06,2024-12-13,2024-12-23,396,21.84,8648.64
307,2,,11,Marketing,2025-11-19,2025-11-24,2025-12-18,156,1181.71,184346.76
308,23,32.0,27,Finance,2025-12-20,2025-12-27,2026-01-05,41,24.45,1002.45
309,30,,27,IT,2025-03-02,2025-03-05,2025-03-16,207,28.35,5868.45
310,22,30.0,26,Finance,2025-04-29,2025-05-07,2025-06-16,349,121.32,42340.68
311,2,3.0,37,R&D,2024-06-26,2024-07-05,2024-08-18,229,279.39,63980.31
312,17,,11,R&D,2025-08-08,2025-08-17,2025-09-05,227,1473.66,334520.82
313,5,7.0,22,Manufacturing,2025-04-30,2025-05-05,2025-06-09,102,286.36,29208.72
314,6,9.0,22,Operations,2025-10-19,2025-10-20,2025-11-08,20,353.25,7065.0
315,14,,4,Operations,2024-07-04,2024-07-13,2024-08-20,28,25.67,718.76
316,39,,15,Marketing,2025-07-28,2025-07-28,2025-08-10,495,747.19,369859.05
317,23,32.0,27,Operations,2024-12-09,2024-12-09,2024-12-16,48,24.96,1198.08
318,2,2.0,23,Operations,2024-05-08,2024-05-15,2024-06-05,151,121.08,18283.08
319,40,,18,IT,2024-04-27,2024-05-04,2024-05-25,157,269.71,42344.47
320,15,19.0,56,Marketing,2025-02-09,2025-02-14,2025-03-09,398,12.25,4875.5
321,22,30.0,35,IT,2024-08-16,2024-08-21,2024-09-27,415,52.37,21733.55
322,14,,24,IT,2024-03-06,2024-03-15,2024-04-01,226,43.7,9876.2
323,2,,15,Operations,2024-11-02,2024-11-07,2024-12-10,107,941.01,100688.07
324,30,,9,R&D,2025-04-14,2025-04-21,2025-05-21,254,40.81,10365.74
325,16,20.0,57,Manufacturing,2024-08-15,2024-08-20,2024-09-19,190,160.16,30430.4
326,13,17.0,22,IT,2025-11-21,2025-11-28,2026-01-02,176,335.12,58981.12
327,15,19.0,3,Marketing,2025-07-19,2025-07-23,2025-08-13,10,64.07,640.7
328,29,44.0,2,Operations,2025-01-02,2025-01-09,2025-02-03,220,80.72,17758.4
329,6,9.0,53,Manufacturing,2025-11-11,2025-11-13,2025-12-12,356,6.8,2420.8
330,5,7.0,22,Finance,2024-11-03,2024-11-12,2024-12-22,380,323.76,123028.8
331,34,50.0,29,Marketing,2024-04-10,2024-04-11,2024-05-18,385,294.94,113551.9
332,5,7.0,53,Operations,2024-01-19,2024-01-27,2024-02-25,196,5.27,1032.92
333,30,,39,Finance,2025-11-06,2025-11-15,2025-11-27,195,406.49,79265.55
334,11,14.0,57,Manufacturing,2025-12-01,2025-12-01,2025-12-08,242,137.78,33342.76
335,3,,49,Marketing,2025-06-17,2025-06-23,2025-07-08,359,243.34,87359.06
336,35,51.0,53,Marketing,2024-03-13,2024-03-16,2024-04-19,276,6.61,1824.36
337,13,17.0,22,IT,2024-07-27,2024-08-02,2024-08-26,216,311.4,67262.4
338,6,9.0,53,Marketing,2024-01-29,2024-01-30,2024-02-23,433,6.67,2888.11
339,14,,25,Manufacturing,2024-02-04,2024-02-07,2024-02-24,153,90.81,13893.93
340,37,,5,IT,2024-06-24,2024-06-28,2024-07-24,315,155.86,49095.9
341,22,31.0,43,R&D,2025-02-16,2025-02-21,2025-04-02,100,41.26,4126.0
342,40,,38,Marketing,2024-02-09,2024-02-17,2024-02-24,246,32.76,8058.96
343,26,37.0,6,R&D,2025-12-16,2025-12-19,2026-02-01,78,33.36,2602.08
344,35,53.0,19,Operations,2024-11-23,2024-11-28,2024-12-19,78,58.21,4540.38
345,10,13.0,46,Operations,2024-07-11,2024-07-11,2024-08-16,316,693.18,219044.88
346,37,,32,Operations,2025-01-08,2025-01-11,2025-02-21,450,81.51,36679.5
347,3,4.0,28,IT,2025-07-26,2025-07-30,2025-08-20,153,163.83,25065.99
348,35,51.0,53,Manufacturing,2024-08-12,2024-08-16,2024-08-26,138,6.52,899.76
349,33,49.0,13,Finance,2024-01-28,2024-02-04,2024-03-15,162,11.72,1898.64
350,8,,13,Finance,2024-02-05,2024-02-07,2024-02-14,255,10.47,2669.85
351,13,17.0,22,R&D,2025-09-04,2025-09-13,2025-10-09,80,291.42,23313.6
352,31,,40,Marketing,2024-03-19,2024-03-22,2024-04-10,263,441.96,116235.48
353,9,,42,IT,2025-04-02,2025-04-08,2025-05-01,189,76.46,14450.94
354,20,25.0,53,R&D,2024-10-02,2024-10-07,2024-11-06,130,6.63,861.9
355,25,36.0,53,Operations,2025-07-13,2025-07-21,2025-08-09,284,6.12,1738.08
356,11,,23,Manufacturing,2024-02-13,2024-02-14,2024-02-28,109,163.27,17796.43
357,40,,17,Marketing,2025-10-10,2025-10-17,2025-11-08,241,837.98,201953.18
358,2,,15,Marketing,2025-05-16,2025-05-24,2025-06-09,404,813.85,328795.4
359,36,,17,R&D,2024-11-22,2024-11-23,2024-12-31,332,654.63,217337.16
360,1,1.0,58,IT,2024-05-29,2024-05-31,2024-06-20,126,232.14,29249.64
361,5,7.0,22,Finance,2025-12-06,2025-12-14,2026-01-25,112,288.26,32285.12
362,9,,42,Finance,2024-08-05,2024-08-08,2024-09-03,87,59.11,5142.57
363,5,7.0,53,Finance,2024-12-16,2024-12-24,2025-01-08,114,5.21,593.94
364,27,,53,IT,2024-10-08,2024-10-14,2024-10-30,215,5.81,1249.15
365,6,8.0,21,Finance,2024-06-14,2024-06-17,2024-07-27,186,119.34,22197.24
366,10,13.0,52,Operations,2024-10-29,2024-10-31,2024-12-12,397,329.57,130839.29
367,25,36.0,22,Manufacturing,2024-04-18,2024-04-20,2024-05-07,439,316.51,138947.89
368,2,3.0,37,Manufacturing,2024-01-01,2024-01-02,2024-02-05,248,272.45,67567.6
369,18,,42,Marketing,2024-07-27,2024-07-30,2024-09-11,306,66.63,20388.78
370,22,30.0,26,Operations,2024-03-22,2024-03-22,2024-04-21,55,134.22,7382.1
371,38,,57,Marketing,2024-10-22,2024-10-29,2024-11-15,156,152.74,23827.44
372,35,52.0,26,IT,2025-09-17,2025-09-21,2025-10-01,129,151.47,19539.63
373,12,,23,R&D,2024-04-28,2024-04-28,2024-05-10,333,127.32,42397.56
374,3,,12,R&D,2023-12-28,2024-01-01,2024-02-04,435,426.65,185592.75
375,7,11.0,38,Operations,2024-03-14,2024-03-22,2024-04-30,449,28.49,12792.01
376,21,28.0,32,Manufacturing,2024-12-28,2025-01-05,2025-02-03,242,78.51,18999.42
377,31,47.0,16,Operations,2024-07-18,2024-07-19,2024-08-11,363,64.04,23246.52
378,16,20.0,57,Manufacturing,2024-12-14,2024-12-23,2025-01-20,357,142.82,50986.74
379,39,,40,Marketing,2024-01-18,2024-01-22,2024-02-19,333,483.7,161072.1
380,8,,20,Operations,2024-08-29,2024-08-31,2024-09-16,242,90.55,21913.1
381,5,7.0,22,R&D,2024-10-20,2024-10-26,2024-11-10,236,296.48,69969.28
382,17,,3,Operations,2024-11-10,2024-11-10,2024-11-20,64,77.74,4975.36
383,39,,18,Manufacturing,2025-02-01,2025-02-06,2025-02-20,430,237.78,102245.4
384,30,46.0,15,IT,2025-07-17,2025-07-23,2025-08-16,192,828.58,159087.36
385,5,7.0,22,Manufacturing,2024-12-07,2024-12-07,2025-01-18,125,287.16,35895.0
386,25,,46,Operations,2025-09-03,2025-09-06,2025-09-24,131,751.94,98504.14
387,35,52.0,39,R&D,2025-01-16,2025-01-21,2025-02-05,334,409.7,136839.8
388,31,47.0,16,Operations,2024-07-05,2024-07-09,2024-08-10,334,65.3,21810.2
389,18,,2,Operations,2024-06-12,2024-06-16,2024-07-16,48,91.01,4368.48
390,7,10.0,20,Finance,2024-08-19,2024-08-23,2024-09-30,147,68.61,10085.67
391,25,,44,Marketing,2025-03-07,2025-03-12,2025-03-26,480,303.26,145564.8
392,29,44.0,46,R&D,2024-06-26,2024-06-26,2024-07-11,346,884.92,306182.32
393,37,,21,Marketing,2025-10-28,2025-10-29,2025-11-09,330,137.14,45256.2
394,4,5.0,10,Manufacturing,2024-12-16,2024-12-16,2025-01-02,74,26.51,1961.74
395,6,8.0,43,Manufacturing,2025-09-19,2025-09-22,2025-10-09,19,36.19,687.61
396,29,43.0,48,Operations,2025-05-07,2025-05-13,2025-06-24,135,47.48,6409.8
397,29,43.0,48,Operations,2024-08-30,2024-08-31,2024-09-15,40,46.9,1876.0
398,32,48.0,26,Manufacturing,2024-06-12,2024-06-15,2024-06-24,147,144.85,21292.95
399,27,,13,Marketing,2025-06-23,2025-06-27,2025-07-27,62,13.6,843.2
400,24,34.0,14,R&D,2024-08-27,2024-08-29,2024-09-15,73,18.99,1386.27
401,17,,3,Marketing,2024-06-23,2024-06-29,2024-07-24,217,81.26,17633.42
402,8,,16,IT,2025-11-08,2025-11-10,2025-11-28,48,64.32,3087.36
403,5,7.0,22,R&D,2024-12-11,2024-12-18,2025-01-24,223,273.56,61003.88
404,26,37.0,1,Manufacturing,2024-01-30,2024-02-05,2024-02-14,307,303.27,93103.89
405,20,25.0,22,Manufacturing,2024-12-20,2024-12-27,2025-01-22,125,333.42,41677.5
406,2,2.0,23,IT,2024-11-30,2024-12-02,2025-01-10,201,130.24,26178.24
407,26,37.0,1,Operations,2025-09-20,2025-09-22,2025-10-04,224,311.78,69838.72
408,23,32.0,35,Operations,2025-05-26,2025-06-03,2025-06-11,444,56.05,24886.2
409,17,,3,Marketing,2024-05-14,2024-05-19,2024-06-07,146,91.32,13332.72
410,7,10.0,13,Finance,2024-04-13,2024-04-19,2024-05-01,191,11.95,2282.45
411,24,34.0,12,IT,2025-03-11,2025-03-16,2025-04-29,324,315.45,102205.8
412,8,,20,IT,2024-02-03,2024-02-04,2024-02-11,409,89.88,36760.92
413,6,9.0,22,Finance,2024-08-12,2024-08-20,2024-09-13,149,342.83,51081.67
414,13,17.0,53,Finance,2024-04-10,2024-04-10,2024-05-19,416,6.67,2774.72
415,4,,12,Operations,2024-01-15,2024-01-16,2024-02-10,262,415.59,108884.58
416,14,,31,IT,2025-10-25,2025-11-01,2025-11-19,28,113.03,3164.84
417,14,,19,Operations,2024-03-02,2024-03-06,2024-03-18,370,56.55,20923.5
418,22,31.0,60,Manufacturing,2024-01-02,2024-01-07,2024-02-02,337,30.64,10325.68
419,3,4.0,28,Marketing,2025-11-06,2025-11-12,2025-12-20,87,156.95,13654.65
420,5,7.0,22,IT,2024-05-15,2024-05-17,2024-06-07,280,320.7,89796.0
421,3,4.0,28,Operations,2025-08-14,2025-08-19,2025-09-09,333,156.88,52241.04
422,36,,18,Finance,2024-01-22,2024-01-23,2024-02-12,143,295.16,42207.88
423,27,38.0,40,Manufacturing,2024-04-17,2024-04-22,2024-05-27,416,372.59,154997.44
424,37,,60,R&D,2024-03-12,2024-03-21,2024-04-27,297,36.38,10804.86
425,33,49.0,16,IT,2025-05-30,2025-05-30,2025-06-08,139,57.99,8060.61
426,13,17.0,53,IT,2025-03-22,2025-03-28,2025-05-04,55,6.11,336.05
427,1,1.0,41,Operations,2024-12-12,2024-12-13,2025-01-01,308,636.04,195900.32
428,19,22.0,23,Finance,2024-06-18,2024-06-25,2024-07-05,434,117.26,50890.84
429,28,39.0,13,Operations,2024-03-01,2024-03-05,2024-04-05,472,11.89,5612.08
430,2,,56,Finance,2025-02-17,2025-02-19,2025-04-04,75,15.74,1180.5
431,32,48.0,26,Manufacturing,2024-06-14,2024-06-17,2024-07-05,268,143.96,38581.28
432,6,9.0,53,IT,2025-03-04,2025-03-06,2025-03-25,54,6.07,327.78
433,37,,43,Marketing,2025-05-15,2025-05-16,2025-05-25,80,42.66,3412.8
434,33,49.0,20,Marketing,2025-09-11,2025-09-12,2025-10-16,106,68.11,7219.66
435,24,35.0,54,IT,2024-12-20,2024-12-26,2025-01-07,346,137.03,47412.38
436,30,46.0,40,R&D,2024-01-04,2024-01-04,2024-01-12,294,354.34,104175.96
437,2,,56,IT,2024-07-19,2024-07-23,2024-08-07,75,12.58,943.5
438,32,48.0,9,IT,2025-09-06,2025-09-14,2025-10-28,275,46.15,12691.25
439,13,17.0,22,Manufacturing,2025-01-24,2025-01-24,2025-02-09,128,311.0,39808.0
440,18,21.0,27,Marketing,2025-03-23,2025-03-27,2025-04-08,98,21.8,2136.4
441,35,51.0,22,Marketing,2024-11-26,2024-11-30,2024-12-16,157,346.11,54339.27
442,3,4.0,23,R&D,2024-04-24,2024-04-28,2024-05-20,89,124.52,11082.28
443,1,1.0,49,Marketing,2025-10-14,2025-10-16,2025-10-30,465,167.97,78106.05
444,27,,53,IT,2025-07-12,2025-07-18,2025-08-03,408,6.61,2696.88
445,35,51.0,53,IT,2025-12-20,2025-12-27,2026-02-09,104,5.83,606.32
446,17,,1,IT,2025-09-07,2025-09-16,2025-10-02,473,377.35,178486.55
447,3,,36,Marketing,2024-07-25,2024-07-31,2024-09-10,200,798.37,159674.0
448,28,40.0,56,Manufacturing,2024-06-28,2024-07-04,2024-08-10,70,14.53,1017.1
449,14,,31,Manufacturing,2024-06-27,2024-06-30,2024-07-27,195,122.82,23949.9
450,16,20.0,8,Finance,2025-10-26,2025-11-01,2025-11-13,339,429.56,145620.84
451,18,21.0,39,IT,2025-02-08,2025-02-10,2025-03-01,139,386.61,53738.79
452,15,18.0,17,Marketing,2024-11-26,2024-11-27,2024-12-29,97,831.5,80655.5
453,1,1.0,49,R&D,2025-12-04,2025-12-07,2026-01-15,100,190.35,19035.0
454,25,,2,Operations,2025-03-13,2025-03-16,2025-04-10,483,94.23,45513.09
455,32,48.0,39,Manufacturing,2025-10-24,2025-10-25,2025-11-08,68,447.14,30405.52
456,31,47.0,16,R&D,2025-12-11,2025-12-19,2026-01-29,442,62.26,27518.92
457,38,,50,R&D,2024-02-21,2024-02-27,2024-03-20,499,111.53,55653.47
458,24,34.0,58,Manufacturing,2024-09-16,2024-09-20,2024-10-13,291,241.06,70148.46
459,25,,29,Operations,2025-06-16,2025-06-19,2025-07-06,153,292.09,44689.77
460,28,40.0,30,Manufacturing,2025-08-07,2025-08-16,2025-08-23,312,55.0,17160.0
461,17,,56,Marketing,2024-04-17,2024-04-18,2024-05-23,384,12.75,4896.0
462,40,,33,R&D,2024-08-19,2024-08-20,2024-09-03,168,525.56,88294.08
463,12,16.0,6,R&D,2025-01-30,2025-02-04,2025-03-17,225,35.51,7989.75
464,36,,33,Operations,2025-08-01,2025-08-06,2025-08-24,454,546.06,247911.24
465,32,48.0,26,IT,2024-03-16,2024-03-23,2024-04-21,458,153.24,70183.92
466,37,,57,Marketing,2025-03-11,2025-03-14,2025-04-23,387,178.21,68967.27
467,6,8.0,57,Finance,2024-07-27,2024-08-04,2024-09-02,183,132.4,24229.2
468,1,1.0,12,Operations,2024-05-30,2024-06-06,2024-07-19,278,320.13,88996.14
469,30,,9,Manufacturing,2025-01-08,2025-01-11,2025-02-10,84,55.37,4651.08
470,6,9.0,22,Operations,2024-10-24,2024-10-29,2024-12-09,322,348.19,112117.18
471,26,37.0,1,Marketing,2025-04-08,2025-04-09,2025-05-05,80,290.63,23250.4
472,32,48.0,26,Operations,2024-08-19,2024-08-19,2024-09-27,381,146.95,55987.95
473,31,47.0,20,Manufacturing,2025-08-20,2025-08-23,2025-09-29,26,70.56,1834.56
474,26,37.0,6,Manufacturing,2024-02-23,2024-02-27,2024-03-07,25,30.29,757.25
475,10,13.0,46,IT,2025-09-17,2025-09-21,2025-11-04,132,742.33,97987.56
476,35,51.0,53,Manufacturing,2024-01-15,2024-01-22,2024-02-20,36,6.13,220.68
477,2,3.0,38,Marketing,2025-06-21,2025-06-21,2025-07-06,111,27.45,3046.95
478,13,17.0,22,Manufacturing,2024-09-07,2024-09-09,2024-09-28,204,343.89,70153.56
479,7,10.0,48,Marketing,2024-09-27,2024-10-06,2024-10-28,205,48.36,9913.8
480,11,14.0,5,R&D,2024-01-05,2024-01-14,2024-02-01,497,133.33,66265.01
481,13,17.0,53,Marketing,2025-05-20,2025-05-27,2025-06-16,309,6.17,1906.53
482,8,,16,Operations,2024-04-24,2024-04-30,2024-05-13,365,75.48,27550.2
483,1,1.0,34,Finance,2025-04-20,2025-04-26,2025-05-21,460,102.72,47251.2
484,15,19.0,56,IT,2025-06-12,2025-06-13,2025-06-22,474,11.53,5465.22
485,20,,26,Finance,2025-09-02,2025-09-09,2025-10-09,419,164.27,68829.13
486,14,,55,R&D,2025-05-31,2025-05-31,2025-07-10,339,7.21,2444.19
487,38,,59,Manufacturing,2024-08-08,2024-08-08,2024-09-14,425,118.12,50201.0
488,30,46.0,11,Operations,2025-06-16,2025-06-23,2025-07-08,103,1298.06,133700.18
489,20,25.0,22,IT,2025-08-18,2025-08-25,2025-09-27,126,302.68,38137.68
490,31,,40,Manufacturing,2024-08-18,2024-08-19,2024-08-29,100,427.23,42723.0
491,18,21.0,27,R&D,2024-03-29,2024-03-31,2024-05-03,239,24.52,5860.28
492,4,,14,Marketing,2025-10-08,2025-10-11,2025-11-18,117,18.6,2176.2
493,38,,60,IT,2024-04-11,2024-04-17,2024-05-30,282,31.28,8820.96
494,40,,17,Operations,2025-03-05,2025-03-09,2025-04-12,204,655.45,133711.8
495,6,8.0,50,IT,2024-06-20,2024-06-21,2024-07-28,435,90.57,39397.95
496,17,,6,Manufacturing,2024-03-26,2024-04-01,2024-05-15,415,40.49,16803.35
497,23,33.0,53,R&D,2025-07-13,2025-07-20,2025-08-13,428,5.59,2392.52
498,28,41.0,42,Manufacturing,2024-04-12,2024-04-14,2024-05-03,147,60.48,8890.56
499,33,49.0,13,Manufacturing,2025-05-04,2025-05-04,2025-06-12,341,11.01,3754.41
500,33,49.0,13,R&D,2025-05-15,2025-05-20,2025-07-02,464,10.88,5048.32
501,14,,47,Operations,2024-02-09,2024-02-13,2024-03-01,260,17.74,4612.4
502,26,37.0,56,Operations,2024-05-03,2024-05-06,2024-05-29,253,13.29,3362.37
503,21,28.0,5,Manufacturing,2025-07-26,2025-08-02,2025-08-26,244,141.27,34469.88
504,33,49.0,20,Marketing,2024-12-28,2025-01-05,2025-02-14,30,64.1,1923.0
505,20,25.0,53,Manufacturing,2024-03-24,2024-03-29,2024-05-01,484,5.85,2831.4
506,32,48.0,9,Finance,2025-12-17,2025-12-24,2026-01-04,29,43.09,1249.61
507,39,,13,Finance,2024-07-03,2024-07-12,2024-08-09,497,10.89,5412.33
508,1,1.0,14,Operations,2024-01-03,2024-01-03,2024-01-17,46,16.31,750.26
509,20,25.0,53,Marketing,2025-11-03,2025-11-05,2025-11-28,95,5.98,568.1
510,11,14.0,8,R&D,2024-01-07,2024-01-13,2024-01-29,359,412.37,148040.83
511,19,22.0,23,Marketing,2025-02-05,2025-02-07,2025-02-18,201,112.59,22630.59
512,38,,32,Marketing,2025-12-25,2025-12-25,2026-01-24,22,88.02,1936.44
513,1,1.0,58,IT,2025-02-23,2025-02-25,2025-03-14,11,234.83,2583.13
514,29,44.0,42,Marketing,2025-02-23,2025-03-02,2025-04-06,204,71.73,14632.92
515,24,35.0,19,R&D,2024-10-04,2024-10-10,2024-10-19,410,59.33,24325.3
516,14,,4,R&D,2024-04-02,2024-04-02,2024-04-23,421,30.22,12722.62
517,8,,48,Finance,2025-02-21,2025-02-22,2025-03-13,43,63.93,2748.99
518,30,45.0,29,Manufacturing,2025-10-15,2025-10-17,2025-10-24,477,232.67,110983.59
519,1,1.0,36,Operations,2024-02-28,2024-03-07,2024-03-14,71,615.5,43700.5
520,22,29.0,23,Operations,2025-10-01,2025-10-04,2025-11-16,496,140.09,69484.64
521,35,53.0,24,Finance,2024-10-24,2024-10-29,2024-11-26,99,42.32,4189.68
522,27,,16,Operations,2025-01-22,2025-01-26,2025-03-07,127,53.43,6785.61
523,37,,50,Operations,2024-04-24,2024-04-30,2024-05-25,317,97.49,30904.33
524,32,48.0,9,Finance,2025-03-24,2025-03-29,2025-05-08,489,43.45,21247.05
525,6,8.0,57,Operations,2024-05-09,2024-05-13,2024-06-05,81,140.87,11410.47
526,19,22.0,28,Manufacturing,2024-07-14,2024-07-18,2024-08-13,51,134.28,6848.28
527,12,,28,Operations,2025-06-09,2025-06-10,2025-07-14,105,196.29,20610.45
528,3,4.0,23,R&D,2024-01-30,2024-02-06,2024-02-25,156,133.9,20888.4
529,4,5.0,10,Marketing,2024-11-14,2024-11-22,2024-12-18,158,29.08,4594.64
530,4,6.0,55,Operations,2025-03-05,2025-03-10,2025-03-24,69,7.81,538.89
531,12,,28,R&D,2024-04-01,2024-04-06,2024-04-29,310,170.04,52712.4
532,6,9.0,22,Operations,2024-08-02,2024-08-03,2024-09-04,401,346.93,139118.93
533,31,47.0,48,Marketing,2024-08-31,2024-09-07,2024-10-01,453,47.97,21730.41
534,12,,23,IT,2025-04-26,2025-04-29,2025-06-03,90,177.62,15985.8
535,22,30.0,35,R&D,2025-12-11,2025-12-13,2025-12-25,317,55.5,17593.5
536,21,28.0,21,Operations,2025-08-28,2025-09-02,2025-09-20,11,117.63,1293.93
537,27,38.0,11,R&D,2024-05-13,2024-05-18,2024-06-17,127,1201.19,152551.13
538,30,46.0,40,Manufacturing,2024-01-11,2024-01-14,2024-02-11,77,336.98,25947.46
539,25,,57,Operations,2024-01-30,2024-02-07,2024-03-19,402,145.46,58474.92
540,24,35.0,19,R&D,2025-03-02,2025-03-10,2025-04-17,198,58.76,11634.48
541,26,37.0,11,Manufacturing,2024-04-21,2024-04-24,2024-05-11,164,1146.4,188009.6
542,25,,2,IT,2024-06-08,2024-06-17,2024-07-11,345,70.99,24491.55
543,33,49.0,48,Finance,2025-09-03,2025-09-10,2025-09-17,74,48.97,3623.78
544,20,25.0,53,R&D,2025-09-23,2025-09-29,2025-10-18,268,6.28,1683.04
545,2,3.0,37,Operations,2025-08-30,2025-09-04,2025-10-07,414,252.41,104497.74
546,30,46.0,1,Finance,2024-07-01,2024-07-04,2024-08-05,95,316.59,30076.05
547,2,2.0,28,R&D,2025-03-19,2025-03-28,2025-05-11,448,160.6,71948.8
548,34,50.0,2,Finance,2025-03-19,2025-03-21,2025-03-30,29,82.1,2380.9
549,17,,40,Marketing,2024-05-09,2024-05-15,2024-06-25,126,422.03,53175.78
550,17,,3,Finance,2025-01-30,2025-02-08,2025-03-20,321,76.15,24444.15
551,32,48.0,26,R&D,2025-01-16,2025-01-18,2025-02-17,147,157.06,23087.82
552,6,8.0,59,Marketing,2024-10-09,2024-10-16,2024-11-12,498,113.0,56274.0
553,16,20.0,51,Manufacturing,2025-06-23,2025-07-02,2025-07-09,142,39.86,5660.12
554,17,,3,Manufacturing,2025-05-05,2025-05-09,2025-05-24,429,77.22,33127.38
555,33,49.0,13,Operations,2025-01-23,2025-01-23,2025-02-28,312,10.86,3388.32
556,1,1.0,58,IT,2025-06-10,2025-06-13,2025-07-22,101,217.62,21979.62
557,12,16.0,15,Finance,2025-07-04,2025-07-11,2025-08-06,431,879.93,379249.83
558,20,,39,Finance,2025-02-16,2025-02-17,2025-03-20,221,443.46,98004.66
559,38,,5,IT,2024-07-07,2024-07-14,2024-07-24,276,119.61,33012.36
560,13,17.0,53,Marketing,2025-07-03,2025-07-07,2025-08-10,24,6.52,156.48
561,24,35.0,24,Operations,2025-06-01,2025-06-07,2025-07-21,279,36.39,10152.81
562,30,46.0,40,Marketing,2025-12-10,2025-12-18,2026-01-12,255,368.87,94061.85
563,28,39.0,13,Manufacturing,2024-04-13,2024-04-19,2024-05-22,79,11.7,924.3
564,5,7.0,53,IT,2024-10-29,2024-11-02,2024-12-16,345,5.18,1787.1
565,6,8.0,60,Manufacturing,2025-11-03,2025-11-05,2025-11-19,133,34.48,4585.84
566,6,8.0,51,Manufacturing,2025-01-06,2025-01-10,2025-02-11,125,36.54,4567.5
567,23,33.0,53,Marketing,2025-11-17,2025-11-19,2025-12-28,387,6.13,2372.31
568,19,23.0,6,R&D,2024-01-04,2024-01-10,2024-02-23,498,36.22,18037.56
569,39,,16,Finance,2024-01-18,2024-01-26,2024-02-23,333,56.25,18731.25
570,17,,1,Marketing,2025-08-04,2025-08-04,2025-09-15,292,344.6,100623.2
571,6,8.0,21,Finance,2024-09-11,2024-09-18,2024-10-08,224,110.09,24660.16
572,26,37.0,3,Marketing,2025-01-06,2025-01-14,2025-02-21,249,62.2,15487.8
573,16,20.0,50,Finance,2024-10-30,2024-11-08,2024-12-17,374,105.83,39580.42
574,36,55.0,48,Manufacturing,2024-10-17,2024-10-24,2024-11-16,457,45.57,20825.49
575,37,,51,Finance,2025-11-08,2025-11-16,2025-12-26,253,40.47,10238.91
576,17,,3,Finance,2024-03-07,2024-03-09,2024-03-21,489,68.47,33481.83
577,17,,6,IT,2025-07-16,2025-07-17,2025-07-24,204,33.92,6919.68
578,3,4.0,28,Operations,2025-10-08,2025-10-11,2025-11-11,189,169.97,32124.33
579,20,,27,Manufacturing,2025-04-16,2025-04-24,2025-05-28,62,23.64,1465.68
580,9,12.0,48,IT,2024-10-15,2024-10-15,2024-11-16,363,47.87,17376.81
581,23,32.0,35,Marketing,2024-04-24,2024-04-26,2024-05-21,279,52.47,14639.13
582,36,,38,Marketing,2025-05-07,2025-05-13,2025-06-24,379,25.37,9615.23
583,23,33.0,53,Finance,2024-12-07,2024-12-08,2024-12-25,426,5.99,2551.74
584,16,,1,Marketing,2024-04-17,2024-04-19,2024-05-01,229,306.7,70234.3
585,15,19.0,6,IT,2024-09-10,2024-09-19,2024-09-28,428,30.54,13071.12
586,32,48.0,39,R&D,2025-11-23,2025-12-02,2025-12-17,278,412.76,114747.28
587,28,39.0,16,Marketing,2024-07-08,2024-07-12,2024-08-01,143,52.87,7560.41
588,34,50.0,29,Finance,2024-05-01,2024-05-10,2024-06-14,161,276.65,44540.65
589,12,16.0,40,Manufacturing,2025-05-08,2025-05-12,2025-05-23,343,414.75,142259.25
590,1,1.0,14,Manufacturing,2024-05-21,2024-05-25,2024-07-04,64,19.03,1217.92
591,18,,2,IT,2025-11-01,2025-11-02,2025-12-10,459,90.39,41489.01
592,35,51.0,22,Operations,2025-09-18,2025-09-19,2025-10-11,324,329.27,106683.48
593,34,50.0,2,Manufacturing,2025-12-12,2025-12-18,2026-01-04,345,85.56,29518.2
594,16,,3,Manufacturing,2025-10-28,2025-10-28,2025-11-29,342,70.64,24158.88
595,32,48.0,10,Finance,2024-06-19,2024-06-26,2024-07-05,396,24.03,9515.88
596,24,35.0,4,Finance,2024-05-31,2024-06-03,2024-07-08,389,26.03,10125.67
597,20,,10,Operations,2024-09-03,2024-09-07,2024-10-16,389,27.77,10802.53
598,30,46.0,1,IT,2024-12-06,2024-12-08,2025-01-14,428,303.18,129761.04
599,25,36.0,22,Marketing,2025-10-03,2025-10-04,2025-10-29,126,306.33,38597.58
600,2,3.0,38,Finance,2025-06-10,2025-06-19,2025-07-25,177,27.42,4853.34
601,16,,56,IT,2025-04-07,2025-04-15,2025-04-25,255,13.94,3554.7
602,8,,20,R&D,2025-09-29,2025-10-03,2025-11-09,236,71.42,16855.12
603,33,49.0,13,R&D,2025-04-12,2025-04-16,2025-05-14,41,11.79,483.39
604,19,23.0,56,IT,2024-09-28,2024-10-03,2024-10-23,82,14.57,1194.74
605,26,37.0,40,Manufacturing,2024-10-19,2024-10-28,2024-11-27,388,347.3,134752.4
606,24,35.0,4,IT,2025-01-12,2025-01-12,2025-02-10,389,23.66,9203.74
607,29,42.0,53,Finance,2024-02-25,2024-03-05,2024-04-05,125,5.32,665.0
608,28,40.0,11,Manufacturing,2025-06-24,2025-06-25,2025-07-03,180,1412.25,254205.0
609,22,30.0,10,IT,2025-04-19,2025-04-21,2025-05-15,391,21.96,8586.36
610,26,37.0,15,Marketing,2025-06-17,2025-06-17,2025-07-13,227,731.06,165950.62
611,14,,25,R&D,2025-01-16,2025-01-24,2025-03-06,106,76.08,8064.48
612,5,7.0,53,R&D,2025-07-22,2025-07-25,2025-08-31,462,5.67,2619.54
613,38,,44,Finance,2025-11-20,2025-11-24,2025-12-16,41,309.64,12695.24
614,17,,56,Operations,2025-02-15,2025-02-20,2025-03-17,461,15.2,7007.2
615,21,26.0,23,Marketing,2024-11-15,2024-11-20,2024-12-22,51,121.22,6182.22
616,2,,56,Marketing,2024-03-10,2024-03-17,2024-04-02,204,16.05,3274.2
617,10,13.0,2,IT,2025-07-18,2025-07-22,2025-08-27,46,63.88,2938.48
618,4,5.0,9,R&D,2025-10-14,2025-10-21,2025-11-21,280,42.1,11788.0
619,38,,7,Finance,2025-05-23,2025-05-25,2025-06-23,204,20.41,4163.64
620,35,53.0,47,Manufacturing,2025-09-20,2025-09-23,2025-10-13,77,15.03,1157.31
621,33,49.0,16,Finance,2025-09-13,2025-09-20,2025-10-07,466,52.68,24548.88
622,10,13.0,29,IT,2025-07-27,2025-08-05,2025-08-19,228,242.63,55319.64
623,16,20.0,7,IT,2024-12-26,2025-01-02,2025-01-14,112,16.45,1842.4
624,3,4.0,28,Operations,2024-03-05,2024-03-13,2024-03-23,210,162.36,34095.6
625,16,,11,Operations,2024-01-02,2024-01-03,2024-01-29,110,1483.48,163182.8
626,10,13.0,29,Manufacturing,2024-05-23,2024-05-29,2024-06-21,24,279.98,6719.52
627,34,50.0,29,Marketing,2024-11-01,2024-11-10,2024-12-07,452,292.56,132237.12
628,25,,52,Finance,2025-06-24,2025-06-26,2025-07-17,354,431.83,152867.82
629,23,32.0,10,Operations,2024-11-19,2024-11-28,2024-12-20,422,23.12,9756.64
630,6,9.0,53,Operations,2024-01-17,2024-01-17,2024-02-18,307,6.01,1845.07
631,16,,40,Operations,2024-05-25,2024-06-02,2024-06-24,15,345.06,5175.9
632,36,55.0,48,R&D,2025-12-11,2025-12-15,2026-01-07,326,48.81,15912.06
633,9,12.0,48,Marketing,2025-12-17,2025-12-22,2026-01-03,68,47.85,3253.8
634,40,,38,Operations,2024-10-02,2024-10-02,2024-10-16,191,31.79,6071.89
635,7,11.0,33,Marketing,2025-08-09,2025-08-10,2025-08-21,475,517.73,245921.75
636,21,28.0,21,Marketing,2025-06-04,2025-06-09,2025-06-26,405,117.86,47733.3
637,39,,33,Finance,2025-11-08,2025-11-10,2025-12-19,334,657.21,219508.14
638,36,,33,Marketing,2025-10-07,2025-10-09,2025-11-01,459,529.96,243251.64
639,32,48.0,10,Marketing,2025-03-29,2025-04-03,2025-05-06,129,24.58,3170.82
640,22,30.0,26,R&D,2024-10-10,2024-10-15,2024-11-12,343,124.72,42778.96
641,30,,39,Marketing,2025-03-24,2025-04-02,2025-05-01,382,414.43,158312.26
642,33,49.0,13,Manufacturing,2024-08-19,2024-08-20,2024-09-28,416,11.7,4867.2
643,10,13.0,29,R&D,2024-09-05,2024-09-11,2024-10-25,168,253.07,42515.76
644,14,,4,Operations,2025-03-15,2025-03-20,2025-04-06,342,26.92,9206.64
645,30,46.0,11,Operations,2025-02-19,2025-02-21,2025-03-23,445,1240.32,551942.4
646,39,,37,Finance,2025-02-20,2025-02-28,2025-03-13,443,261.38,115791.34
647,33,49.0,13,Manufacturing,2024-10-04,2024-10-07,2024-11-16,261,11.1,2897.1
648,4,6.0,25,Manufacturing,2024-10-23,2024-10-25,2024-11-09,238,75.53,17976.14
649,39,,38,Operations,2024-01-08,2024-01-08,2024-02-14,192,26.62,5111.04
650,10,13.0,52,Marketing,2025-03-06,2025-03-15,2025-04-28,200,333.58,66716.0
651,32,48.0,9,R&D,2025-02-22,2025-02-24,2025-03-28,242,45.21,10940.82
652,39,,17,R&D,2025-11-10,2025-11-13,2025-12-17,187,801.26,149835.62
653,24,35.0,55,IT,2024-12-28,2025-01-03,2025-01-20,132,8.08,1066.56
654,27,,53,Marketing,2024-11-29,2024-12-07,2025-01-10,491,6.13,3009.83
655,39,,13,Marketing,2024-02-11,2024-02-19,2024-03-06,301,10.09,3037.09
656,1,1.0,34,IT,2024-05-18,2024-05-23,2024-05-31,301,108.93,32787.93
657,20,25.0,22,Operations,2024-08-29,2024-09-03,2024-09-18,149,332.54,49548.46
658,29,42.0,22,IT,2024-09-23,2024-10-02,2024-11-13,125,273.71,34213.75
659,21,27.0,48,Manufacturing,2024-09-15,2024-09-21,2024-10-25,119,47.72,5678.68
660,11,,23,IT,2024-10-10,2024-10-14,2024-10-29,125,138.62,17327.5
661,20,,27,Marketing,2025-07-10,2025-07-15,2025-07-23,312,24.71,7709.52
662,5,7.0,53,Finance,2024-04-04,2024-04-05,2024-04-24,347,5.23,1814.81
663,25,36.0,22,Operations,2024-08-25,2024-08-30,2024-09-13,386,310.18,119729.48
664,38,,50,R&D,2024-04-21,2024-04-28,2024-05-13,328,122.64,40225.92
665,30,45.0,2,R&D,2024-08-06,2024-08-12,2024-09-12,281,66.97,18818.57
666,27,,48,R&D,2025-05-13,2025-05-14,2025-06-03,428,43.65,18682.2
667,23,32.0,39,R&D,2024-02-01,2024-02-04,2024-02-19,459,426.86,195928.74
668,7,10.0,13,Marketing,2024-09-01,2024-09-04,2024-09-23,116,12.29,1425.64
669,38,,8,Marketing,2024-01-11,2024-01-18,2024-02-29,31,373.04,11564.24
670,11,14.0,59,IT,2025-11-20,2025-11-28,2025-12-31,408,132.7,54141.6
671,18,21.0,10,Operations,2025-06-09,2025-06-14,2025-07-27,365,22.54,8227.1
672,13,17.0,22,IT,2024-06-24,2024-06-26,2024-08-01,248,322.22,79910.56
673,34,50.0,42,Marketing,2024-05-20,2024-05-24,2024-06-14,421,72.72,30615.12
674,1,1.0,41,Operations,2024-03-07,2024-03-13,2024-04-01,308,693.21,213508.68
675,33,49.0,13,Manufacturing,2024-12-08,2024-12-11,2025-01-06,22,11.14,245.08
676,35,53.0,31,Marketing,2025-06-27,2025-07-04,2025-07-30,161,92.06,14821.66
677,11,,28,Finance,2025-02-22,2025-03-02,2025-03-30,443,157.84,69923.12
678,7,10.0,13,IT,2025-10-04,2025-10-05,2025-10-24,282,11.23,3166.86
679,31,,1,Manufacturing,2024-08-30,2024-09-07,2024-10-15,483,300.86,145315.38
680,19,24.0,27,Manufacturing,2024-07-18,2024-07-22,2024-08-19,387,21.27,8231.49
681,5,7.0,22,Marketing,2024-12-14,2024-12-14,2025-01-10,354,286.97,101587.38
682,19,23.0,11,Finance,2024-05-27,2024-05-27,2024-06-30,88,1291.4,113643.2
683,24,34.0,12,Marketing,2025-12-11,2025-12-13,2026-01-08,490,367.4,180026.0
684,18,21.0,39,IT,2024-05-13,2024-05-15,2024-06-05,154,406.88,62659.52
685,40,,38,R&D,2024-12-10,2024-12-15,2025-01-28,310,28.7,8897.0
686,25,36.0,53,Finance,2025-01-15,2025-01-16,2025-02-26,361,5.76,2079.36
687,37,,51,Finance,2024-02-06,2024-02-11,2024-03-02,35,43.75,1531.25
688,5,7.0,53,Operations,2024-12-03,2024-12-07,2025-01-20,213,6.0,1278.0
689,22,31.0,59,IT,2024-11-27,2024-11-27,2025-01-01,419,115.04,48201.76
690,28,40.0,30,Finance,2024-06-29,2024-07-08,2024-07-15,347,55.17,19143.99
691,26,37.0,11,Operations,2024-03-26,2024-04-03,2024-04-18,285,1342.84,382709.4
692,15,19.0,40,IT,2024-01-26,2024-02-02,2024-03-11,117,347.13,40614.21
693,37,,60,Finance,2024-01-02,2024-01-07,2024-02-02,346,32.89,11379.94
694,11,,23,Manufacturing,2024-12-11,2024-12-17,2025-01-05,468,170.1,79606.8
695,5,7.0,53,Finance,2024-02-26,2024-03-06,2024-04-12,385,5.8,2233.0
696,24,34.0,12,IT,2025-11-26,2025-12-01,2025-12-19,62,348.01,21576.62
697,36,,38,Manufacturing,2024-06-22,2024-06-27,2024-07-28,225,23.38,5260.5
698,39,,37,R&D,2025-04-20,2025-04-21,2025-05-09,465,339.97,158086.05
699,8,,13,Marketing,2025-05-03,2025-05-06,2025-06-15,486,12.18,5919.48
700,10,13.0,42,Operations,2024-12-27,2024-12-27,2025-01-15,422,56.37,23788.14
701,15,18.0,33,R&D,2025-09-30,2025-10-07,2025-11-18,136,543.12,73864.32
702,14,,19,R&D,2024-03-16,2024-03-21,2024-04-30,387,64.06,24791.22
703,2,2.0,28,Manufacturing,2024-06-19,2024-06-19,2024-07-20,116,155.12,17993.92
704,8,,48,R&D,2024-07-03,2024-07-03,2024-07-30,298,50.56,15066.88
705,17,,15,Marketing,2024-04-05,2024-04-08,2024-05-03,470,1098.23,516168.1
706,31,47.0,13,IT,2024-07-31,2024-08-03,2024-09-06,255,11.65,2970.75
707,25,,52,Finance,2024-08-15,2024-08-16,2024-09-16,361,377.86,136407.46
708,22,31.0,21,R&D,2025-07-12,2025-07-12,2025-08-21,33,109.64,3618.12
709,12,,28,Marketing,2024-07-30,2024-08-08,2024-09-04,228,180.48,41149.44
710,36,,33,Manufacturing,2025-10-01,2025-10-01,2025-10-20,36,633.22,22795.92
711,33,49.0,13,R&D,2025-07-18,2025-07-18,2025-08-11,448,11.01,4932.48
712,26,37.0,15,Operations,2025-10-13,2025-10-20,2025-10-31,91,829.61,75494.51
713,14,,54,IT,2024-03-11,2024-03-17,2024-04-09,141,197.98,27915.18
714,11,15.0,19,Finance,2025-12-14,2025-12-19,2026-01-21,94,48.85,4591.9
715,10,13.0,2,Finance,2025-03-20,2025-03-24,2025-04-24,19,66.08,1255.52
716,14,,45,Finance,2025-12-09,2025-12-18,2026-01-22,45,91.37,4111.65
717,16,20.0,44,IT,2024-09-09,2024-09-16,2024-10-27,166,268.24,44527.84
718,4,5.0,35,Manufacturing,2025-11-23,2025-11-26,2025-12-15,153,56.27,8609.31
719,25,36.0,22,Manufacturing,2025-02-25,2025-03-05,2025-03-15,222,315.88,70125.36
720,26,37.0,56,Manufacturing,2024-02-13,2024-02-22,2024-03-05,36,13.11,471.96
721,4,,34,R&D,2024-10-24,2024-10-26,2024-11-02,458,140.19,64207.02
722,37,,50,R&D,2024-04-05,2024-04-10,2024-05-10,366,114.29,41830.14
723,30,45.0,2,Finance,2025-11-14,2025-11-18,2025-12-05,77,70.03,5392.31
724,13,17.0,22,Finance,2024-08-07,2024-08-10,2024-09-23,235,307.19,72189.65
725,31,,40,Operations,2024-06-06,2024-06-11,2024-06-21,352,366.31,128941.12
726,14,,45,Operations,2025-02-04,2025-02-07,2025-02-23,29,90.89,2635.81
727,18,,29,Operations,2024-10-29,2024-11-06,2024-11-26,217,320.77,69607.09
728,7,11.0,33,Manufacturing,2024-03-08,2024-03-11,2024-04-09,206,578.11,119090.66
729,32,48.0,39,R&D,2025-08-17,2025-08-19,2025-08-27,368,428.9,157835.2
730,25,,2,Marketing,2025-08-31,2025-09-09,2025-10-04,478,83.8,40056.4
731,38,,5,Operations,2025-06-22,2025-06-26,2025-07-17,492,152.34,74951.28
732,26,37.0,15,Operations,2025-03-19,2025-03-26,2025-04-08,287,835.42,239765.54
733,5,7.0,22,Finance,2024-10-17,2024-10-20,2024-11-02,195,327.6,63882.0
734,37,,57,Finance,2025-01-29,2025-01-30,2025-03-01,281,175.52,49321.12
735,26,37.0,6,Marketing,2025-01-09,2025-01-15,2025-02-15,229,30.76,7044.04
736,2,2.0,23,Finance,2024-04-21,2024-04-30,2024-05-29,148,140.31,20765.88
737,15,18.0,17,Manufacturing,2024-02-27,2024-02-29,2024-04-04,281,706.47,198518.07
738,7,11.0,17,Marketing,2024-07-02,2024-07-03,2024-07-10,186,741.17,137857.62
739,20,25.0,22,IT,2024-11-25,2024-11-27,2025-01-09,148,301.55,44629.4
740,8,,20,Operations,2024-04-25,2024-04-27,2024-05-14,322,71.44,23003.68
741,39,,20,IT,2024-03-18,2024-03-18,2024-04-28,27,62.09,1676.43
742,20,,39,IT,2025-09-13,2025-09-13,2025-10-22,433,507.82,219886.06
743,18,21.0,9,Finance,2024-09-21,2024-09-30,2024-10-29,133,36.35,4834.55
744,4,5.0,9,R&D,2025-02-28,2025-03-02,2025-04-06,148,46.2,6837.6
745,10,13.0,42,Operations,2025-01-15,2025-01-17,2025-02-22,172,57.85,9950.2
746,7,10.0,13,Manufacturing,2025-06-12,2025-06-20,2025-07-09,351,11.52,4043.52
747,34,50.0,42,Manufacturing,2025-06-16,2025-06-24,2025-07-12,194,68.4,13269.6
748,31,47.0,16,IT,2024-07-28,2024-08-04,2024-09-09,109,61.92,6749.28
749,20,,9,Finance,2025-09-04,2025-09-10,2025-10-11,391,49.11,19202.01
750,17,,15,R&D,2024-09-23,2024-09-28,2024-10-29,188,887.29,166810.52
751,9,,2,IT,2025-09-01,2025-09-01,2025-10-08,451,72.09,32512.59
752,37,,44,Manufacturing,2024-10-13,2024-10-22,2024-11-12,394,251.47,99079.18
753,33,49.0,48,Operations,2024-03-19,2024-03-22,2024-04-16,498,45.19,22504.62
754,13,17.0,53,R&D,2025-07-03,2025-07-08,2025-08-03,344,6.28,2160.32
755,2,3.0,18,R&D,2024-01-18,2024-01-23,2024-03-01,108,235.66,25451.28
756,26,37.0,30,R&D,2025-07-08,2025-07-17,2025-07-31,143,52.95,7571.85
757,17,,15,IT,2024-01-31,2024-02-01,2024-02-15,207,765.88,158537.16
758,22,31.0,51,Manufacturing,2024-05-25,2024-05-30,2024-07-07,489,38.69,18919.41
759,8,,20,R&D,2025-03-12,2025-03-16,2025-04-03,162,73.41,11892.42
760,6,8.0,60,R&D,2025-11-13,2025-11-18,2025-12-20,136,28.83,3920.88
761,6,8.0,43,Marketing,2024-10-24,2024-10-25,2024-11-15,367,38.94,14290.98
762,37,,5,Finance,2024-03-28,2024-03-29,2024-04-24,410,118.61,48630.1
763,21,26.0,28,Operations,2024-06-14,2024-06-19,2024-07-03,353,143.07,50503.71
764,40,,38,Manufacturing,2025-10-16,2025-10-16,2025-11-09,82,33.9,2779.8
765,22,31.0,5,Manufacturing,2025-06-07,2025-06-14,2025-07-20,23,116.11,2670.53
766,23,33.0,22,Marketing,2024-03-08,2024-03-14,2024-04-01,410,334.91,137313.1
767,17,,1,Operations,2024-10-01,2024-10-07,2024-10-14,227,318.09,72206.43
768,2,,15,Operations,2024-07-10,2024-07-12,2024-07-22,258,1002.95,258761.1
769,29,42.0,22,IT,2024-04-30,2024-05-09,2024-05-18,73,269.74,19691.02
770,30,45.0,52,R&D,2025-09-07,2025-09-09,2025-10-22,243,348.26,84627.18
771,22,31.0,43,Manufacturing,2025-03-23,2025-03-26,2025-04-27,228,38.58,8796.24
772,17,,15,Finance,2024-05-06,2024-05-11,2024-06-20,95,1008.76,95832.2
773,2,2.0,28,R&D,2025-04-20,2025-04-20,2025-05-21,222,146.34,32487.48
774,9,12.0,13,Operations,2024-10-22,2024-10-28,2024-11-05,62,10.4,644.8
775,21,26.0,23,Marketing,2024-02-10,2024-02-14,2024-02-26,467,133.86,62512.62
776,22,29.0,28,Operations,2024-11-18,2024-11-24,2024-12-23,472,143.53,67746.16
777,36,55.0,16,IT,2024-05-06,2024-05-15,2024-05-29,57,50.64,2886.48
778,8,,13,Manufacturing,2024-06-21,2024-06-28,2024-07-05,53,14.74,781.22
779,36,,38,Operations,2025-09-30,2025-10-03,2025-10-19,457,33.03,15094.71
780,25,,2,R&D,2025-05-27,2025-06-02,2025-07-07,255,81.17,20698.35
781,37,,44,Finance,2024-03-30,2024-04-07,2024-04-26,235,231.72,54454.2
782,18,21.0,9,Marketing,2025-09-04,2025-09-13,2025-09-28,21,37.54,788.34
783,12,,23,IT,2025-02-18,2025-02-23,2025-03-19,316,130.52,41244.32
784,29,43.0,20,Operations,2025-09-26,2025-09-30,2025-10-22,437,60.75,26547.75
785,11,,23,IT,2025-06-24,2025-06-29,2025-08-02,170,152.48,25921.6
786,5,7.0,53,IT,2024-08-26,2024-09-04,2024-09-29,104,5.34,555.36
787,11,14.0,51,IT,2025-01-23,2025-01-25,2025-02-10,115,43.13,4959.95
788,12,,28,Manufacturing,2025-01-20,2025-01-22,2025-03-05,160,210.11,33617.6
789,28,39.0,16,Finance,2025-06-02,2025-06-09,2025-06-29,243,61.39,14917.77
790,38,,7,Operations,2024-06-26,2024-06-30,2024-08-07,194,16.42,3185.48
791,12,16.0,15,Manufacturing,2024-08-25,2024-08-31,2024-10-05,10,843.74,8437.4
792,36,,37,Marketing,2024-06-23,2024-06-27,2024-07-26,30,296.78,8903.4
793,4,,49,IT,2024-07-28,2024-08-04,2024-09-05,75,228.22,17116.5
794,1,1.0,41,R&D,2024-04-24,2024-04-27,2024-05-17,312,619.75,193362.0
795,2,2.0,28,IT,2024-01-19,2024-01-27,2024-02-24,173,150.03,25955.19
796,1,1.0,14,Marketing,2025-11-16,2025-11-17,2025-12-03,188,19.24,3617.12
797,27,38.0,11,Marketing,2024-02-17,2024-02-24,2024-03-11,312,1384.51,431967.12
798,12,,23,Manufacturing,2025-10-10,2025-10-10,2025-10-22,408,177.88,72575.04
799,34,50.0,2,Manufacturing,2023-12-26,2024-01-03,2024-01-22,12,85.37,1024.44
800,35,53.0,47,IT,2025-07-15,2025-07-21,2025-08-24,378,15.31,5787.18
801,38,,5,Operations,2024-08-24,2024-08-27,2024-10-09,361,123.82,44699.02
802,20,,27,Marketing,2025-01-07,2025-01-12,2025-02-06,471,24.46,11520.66
803,12,16.0,1,Finance,2024-07-18,2024-07-25,2024-08-22,14,323.13,4523.82
804,15,19.0,30,Marketing,2024-12-15,2024-12-24,2025-01-06,291,46.19,13441.29
805,28,41.0,46,Finance,2024-11-23,2024-11-25,2025-01-05,231,666.05,153857.55
806,17,,40,Marketing,2025-01-21,2025-01-21,2025-01-30,243,425.4,103372.2
807,13,17.0,53,Operations,2024-10-07,2024-10-14,2024-11-07,358,5.58,1997.64
808,1,1.0,36,Manufacturing,2025-01-20,2025-01-26,2025-03-07,121,678.56,82105.76
809,3,4.0,28,R&D,2025-08-19,2025-08-25,2025-09-25,227,142.78,32411.06
810,23,33.0,53,Marketing,2024-11-04,2024-11-13,2024-11-20,440,5.98,2631.2
811,40,,38,R&D,2024-09-13,2024-09-20,2024-10-21,158,23.58,3725.64
812,28,41.0,2,Manufacturing,2024-04-05,2024-04-06,2024-04-15,430,66.82,28732.6
813,8,,48,Manufacturing,2024-09-18,2024-09-19,2024-10-23,250,49.21,12302.5
814,3,,34,Manufacturing,2024-03-29,2024-04-01,2024-05-01,394,140.02,55167.88
815,40,,38,Operations,2024-05-07,2024-05-13,2024-06-18,294,25.51,7499.94
816,27,,16,IT,2025-11-17,2025-11-26,2026-01-05,74,56.83,4205.42
817,1,1.0,58,R&D,2024-03-03,2024-03-06,2024-03-23,480,215.46,103420.8
818,33,49.0,16,Operations,2024-12-16,2024-12-17,2024-12-29,393,61.33,24102.69
819,17,,1,Manufacturing,2025-08-30,2025-09-01,2025-09-28,71,271.95,19308.45
820,3,4.0,28,IT,2025-11-20,2025-11-26,2025-12-25,447,148.36,66316.92
821,25,,2,IT,2024-04-12,2024-04-17,2024-05-27,345,88.0,30360.0
822,17,,56,Manufacturing,2024-04-23,2024-04-29,2024-06-09,294,15.27,4489.38
823,38,,43,Finance,2024-09-25,2024-09-28,2024-10-19,421,48.32,20342.72
824,20,,35,Operations,2025-02-07,2025-02-08,2025-03-19,216,66.99,14469.84
825,27,,13,Finance,2025-11-22,2025-12-01,2026-01-06,61,10.79,658.19
826,34,50.0,52,Finance,2024-05-29,2024-05-31,2024-06-27,276,355.64,98156.64
827,11,15.0,24,Operations,2024-04-28,2024-04-30,2024-05-29,451,31.41,14165.91
828,14,,25,Operations,2024-06-25,2024-07-03,2024-07-12,480,75.59,36283.2
829,25,36.0,53,Operations,2025-09-26,2025-09-30,2025-10-23,421,6.38,2685.98
830,28,40.0,15,Finance,2024-01-14,2024-01-22,2024-02-18,166,916.44,152129.04
831,5,7.0,53,Operations,2024-09-30,2024-10-04,2024-10-18,262,5.26,1378.12
832,1,1.0,34,R&D,2024-03-27,2024-03-27,2024-04-30,384,95.19,36552.96
833,34,50.0,46,Operations,2024-04-24,2024-04-24,2024-06-07,402,917.7,368915.4
834,15,19.0,11,R&D,2025-10-27,2025-10-31,2025-12-11,162,1134.69,183819.78
835,29,42.0,53,Operations,2023-12-25,2024-01-02,2024-02-07,448,5.67,2540.16
836,20,,35,Finance,2024-08-13,2024-08-22,2024-09-23,41,67.73,2776.93
837,28,40.0,6,R&D,2025-10-23,2025-10-30,2025-12-08,395,35.45,14002.75
838,19,23.0,40,Finance,2025-03-19,2025-03-19,2025-04-01,467,365.9,170875.3
839,35,51.0,22,Operations,2024-02-15,2024-02-22,2024-03-14,153,295.75,45249.75
840,3,,12,Operations,2024-12-05,2024-12-05,2024-12-20,80,407.19,32575.2
841,35,52.0,26,Finance,2025-12-03,2025-12-09,2025-12-19,130,129.15,16789.5
842,16,20.0,32,Finance,2024-10-10,2024-10-19,2024-11-21,212,70.85,15020.2
843,13,17.0,53,Operations,2025-01-14,2025-01-20,2025-02-27,375,5.94,2227.5
844,32,48.0,10,R&D,2025-01-14,2025-01-23,2025-02-19,167,24.57,4103.19
845,36,54.0,41,Finance,2025-04-20,2025-04-27,2025-05-17,364,680.59,247734.76
846,9,12.0,16,Finance,2024-05-15,2024-05-16,2024-06-09,73,65.14,4755.22
847,25,,51,Operations,2025-08-28,2025-09-04,2025-10-17,409,52.12,21317.08
848,32,48.0,26,Manufacturing,2025-12-21,2025-12-22,2026-01-24,176,155.82,27424.32
849,9,12.0,48,Finance,2024-04-08,2024-04-14,2024-05-10,306,50.92,15581.52
850,6,9.0,22,Operations,2025-08-17,2025-08-20,2025-09-26,306,324.07,99165.42
851,10,13.0,52,Finance,2025-08-14,2025-08-19,2025-09-07,366,340.1,124476.6
852,19,24.0,35,Marketing,2025-06-22,2025-06-25,2025-07-30,409,48.13,19685.17
853,9,12.0,48,Marketing,2024-09-21,2024-09-27,2024-10-22,266,51.78,13773.48
854,35,51.0,53,IT,2024-12-05,2024-12-08,2024-12-28,163,5.81,947.03
855,40,,17,R&D,2025-08-31,2025-09-04,2025-10-08,66,917.52,60556.32
856,28,40.0,6,IT,2024-04-20,2024-04-21,2024-05-25,131,35.75,4683.25
857,34,50.0,42,Operations,2025-08-20,2025-08-27,2025-10-06,156,69.53,10846.68
858,36,,17,Finance,2025-11-01,2025-11-03,2025-11-13,455,822.06,374037.3
859,6,9.0,22,Finance,2025-05-08,2025-05-12,2025-05-29,194,310.54,60244.76
860,37,,8,Finance,2024-09-05,2024-09-06,2024-09-30,61,442.04,26964.44
861,13,17.0,22,Operations,2025-02-05,2025-02-12,2025-02-22,480,304.62,146217.6
862,32,48.0,39,R&D,2024-02-05,2024-02-06,2024-02-13,480,470.39,225787.2
863,12,16.0,6,IT,2025-11-03,2025-11-11,2025-12-13,261,34.82,9088.02
864,31,47.0,20,Marketing,2024-09-01,2024-09-06,2024-09-14,150,71.53,10729.5
865,23,33.0,53,IT,2024-02-05,2024-02-11,2024-03-03,414,5.67,2347.38
866,26,37.0,6,R&D,2025-07-27,2025-08-02,2025-09-02,283,29.93,8470.19
867,19,22.0,28,Marketing,2025-04-24,2025-04-25,2025-05-06,244,135.57,33079.08
868,39,,1,R&D,2025-03-21,2025-03-30,2025-04-16,110,366.02,40262.2
869,36,54.0,34,IT,2024-02-02,2024-02-09,2024-02-29,251,111.8,28061.8
870,3,4.0,23,Manufacturing,2025-06-25,2025-07-02,2025-08-10,480,124.66,59836.8
871,5,7.0,53,Finance,2025-04-07,2025-04-10,2025-05-06,272,5.79,1574.88
872,6,9.0,53,Marketing,2025-08-01,2025-08-02,2025-09-09,229,5.8,1328.2
873,3,4.0,23,Operations,2025-08-18,2025-08-26,2025-09-28,77,121.34,9343.18
874,17,,40,Manufacturing,2024-05-30,2024-06-03,2024-07-01,321,479.45,153903.45
875,34,50.0,2,Marketing,2024-05-31,2024-06-02,2024-07-06,480,74.28,35654.4
876,2,2.0,23,Operations,2025-10-31,2025-11-05,2025-12-04,326,127.63,41607.38
877,27,,48,Operations,2025-01-14,2025-01-22,2025-02-18,238,49.87,11869.06
878,23,33.0,22,Marketing,2024-11-12,2024-11-15,2024-12-10,92,312.05,28708.6
879,6,9.0,22,Marketing,2024-07-20,2024-07-28,2024-08-08,496,300.97,149281.12
880,20,25.0,53,Marketing,2025-04-11,2025-04-11,2025-04-28,121,5.8,701.8
881,16,,3,R&D,2025-07-01,2025-07-04,2025-08-16,419,82.23,34454.37
882,3,,14,Manufacturing,2023-12-30,2024-01-02,2024-02-09,447,18.56,8296.32
883,39,,16,Operations,2025-02-07,2025-02-07,2025-03-06,190,69.45,13195.5
884,19,23.0,1,Marketing,2025-12-22,2025-12-26,2026-02-02,32,320.76,10264.32
885,20,,9,R&D,2024-07-18,2024-07-23,2024-08-15,337,38.35,12923.95
886,35,53.0,24,R&D,2024-07-15,2024-07-24,2024-08-18,87,37.19,3235.53
887,21,28.0,7,IT,2025-10-01,2025-10-03,2025-10-15,150,17.83,2674.5
888,40,,17,Operations,2024-02-08,2024-02-15,2024-03-07,32,769.21,24614.72
889,7,10.0,20,Operations,2024-10-11,2024-10-17,2024-11-01,342,81.16,27756.72
890,7,10.0,20,Manufacturing,2024-11-29,2024-11-30,2025-01-10,255,76.86,19599.3
891,26,37.0,40,Operations,2025-07-28,2025-08-05,2025-09-04,336,352.1,118305.6
892,8,,20,Finance,2024-04-04,2024-04-04,2024-05-01,475,72.38,34380.5
893,32,48.0,9,IT,2024-11-11,2024-11-12,2024-12-14,482,43.67,21048.94
894,9,,2,Operations,2024-04-14,2024-04-21,2024-05-20,468,79.96,37421.28
895,28,41.0,46,Marketing,2025-07-20,2025-07-28,2025-08-06,68,719.72,48940.96
896,37,,60,Marketing,2025-04-05,2025-04-06,2025-04-18,254,29.62,7523.48
897,9,,52,Operations,2024-12-28,2024-12-28,2025-02-05,199,450.94,89737.06
898,10,13.0,29,Manufacturing,2024-10-12,2024-10-13,2024-11-12,274,234.2,64170.8
899,32,48.0,27,Operations,2024-04-17,2024-04-21,2024-05-29,261,22.74,5935.14
900,15,19.0,15,Marketing,2025-10-25,2025-11-03,2025-12-07,75,805.76,60432.0
901,40,,38,Operations,2025-04-09,2025-04-17,2025-05-23,84,32.88,2761.92
902,32,48.0,27,Manufacturing,2024-08-11,2024-08-20,2024-09-12,190,22.82,4335.8
903,39,,13,Finance,2024-10-20,2024-10-29,2024-12-12,190,9.93,1886.7
904,24,35.0,19,IT,2025-06-06,2025-06-14,2025-07-07,207,54.93,11370.51
905,2,,6,IT,2025-06-02,2025-06-09,2025-07-15,269,43.6,11728.4
906,40,,18,IT,2024-11-29,2024-12-02,2024-12-21,140,215.8,30212.0
907,16,20.0,59,R&D,2024-08-09,2024-08-09,2024-09-17,387,128.59,49764.33
908,40,,17,Marketing,2025-04-17,2025-04-26,2025-05-08,333,657.21,218850.93
909,39,,13,Manufacturing,2025-04-17,2025-04-25,2025-05-17,148,12.95,1916.6
910,2,2.0,23,Operations,2025-03-10,2025-03-13,2025-03-31,248,143.05,35476.4
911,34,50.0,2,Manufacturing,2024-02-21,2024-02-23,2024-03-13,460,74.32,34187.2
912,1,1.0,49,Manufacturing,2024-12-11,2024-12-11,2024-12-21,407,168.34,68514.38
913,18,,2,Finance,2025-03-16,2025-03-24,2025-04-02,62,79.34,4919.08
914,24,34.0,12,Finance,2025-11-24,2025-11-24,2025-12-26,50,344.78,17239.0
915,17,,11,Finance,2025-01-10,2025-01-18,2025-01-29,128,1433.2,183449.6
916,28,39.0,16,Marketing,2024-09-07,2024-09-07,2024-09-18,34,53.17,1807.78
917,16,20.0,57,Manufacturing,2025-01-31,2025-02-09,2025-03-04,41,146.41,6002.81
918,14,,25,Operations,2024-05-03,2024-05-09,2024-06-05,280,77.12,21593.6
919,39,,1,Finance,2024-02-29,2024-03-07,2024-03-30,442,382.57,169095.94
920,6,9.0,22,Marketing,2025-05-09,2025-05-10,2025-06-21,304,321.16,97632.64
921,6,9.0,22,IT,2025-12-18,2025-12-20,2026-02-01,283,314.48,88997.84
922,33,49.0,20,Finance,2025-09-03,2025-09-09,2025-09-21,271,66.36,17983.56
923,31,,15,R&D,2025-03-02,2025-03-02,2025-03-14,346,868.1,300362.6
924,28,41.0,29,Manufacturing,2024-01-25,2024-01-30,2024-02-15,485,239.9,116351.5
925,6,9.0,53,R&D,2025-12-21,2025-12-22,2026-01-10,324,6.0,1944.0
926,25,,51,Finance,2024-11-16,2024-11-24,2024-12-10,143,42.17,6030.31
927,10,13.0,46,R&D,2024-07-29,2024-07-30,2024-08-22,348,708.91,246700.68
928,13,17.0,53,Marketing,2025-10-09,2025-10-13,2025-11-13,140,5.64,789.6
929,13,17.0,22,Finance,2025-06-21,2025-06-28,2025-07-17,369,338.57,124932.33
930,38,,21,IT,2025-06-29,2025-07-01,2025-08-04,107,150.12,16062.84
931,24,34.0,34,Marketing,2024-07-17,2024-07-21,2024-08-17,231,100.73,23268.63
932,23,32.0,9,Marketing,2025-12-24,2025-12-25,2026-01-27,12,43.48,521.76
933,23,32.0,10,Marketing,2024-11-21,2024-11-26,2025-01-04,329,26.46,8705.34
934,21,28.0,7,Finance,2025-01-22,2025-01-22,2025-02-24,334,16.45,5494.3
935,24,34.0,12,R&D,2025-06-29,2025-07-02,2025-08-07,218,335.41,73119.38
936,22,30.0,35,IT,2025-04-17,2025-04-26,2025-05-17,496,51.63,25608.48
937,11,,28,Operations,2024-04-30,2024-05-05,2024-06-04,333,202.62,67472.46
938,22,29.0,28,Marketing,2024-08-07,2024-08-08,2024-08-24,356,163.11,58067.16
939,37,,32,R&D,2024-09-18,2024-09-20,2024-10-02,440,85.02,37408.8
940,31,47.0,13,Manufacturing,2025-11-18,2025-11-22,2025-12-28,306,11.15,3411.9
941,14,,31,IT,2025-06-05,2025-06-05,2025-07-01,216,128.98,27859.68
942,33,49.0,20,IT,2024-09-23,2024-09-24,2024-11-02,341,63.27,21575.07
943,29,42.0,22,Manufacturing,2025-06-19,2025-06-20,2025-07-29,264,262.91,69408.24
944,34,50.0,46,R&D,2025-06-17,2025-06-23,2025-07-22,452,835.21,377514.92
945,35,51.0,53,Marketing,2024-10-09,2024-10-14,2024-11-04,105,6.39,670.95
946,33,49.0,16,Manufacturing,2024-10-17,2024-10-21,2024-11-07,286,54.88,15695.68
947,30,46.0,40,R&D,2025-10-06,2025-10-14,2025-11-08,85,331.98,28218.3
948,3,4.0,23,Finance,2025-02-10,2025-02-14,2025-03-29,250,143.7,35925.0
949,23,33.0,22,IT,2024-04-19,2024-04-19,2024-04-28,314,299.75,94121.5
950,31,47.0,13,Manufacturing,2025-06-01,2025-06-09,2025-07-22,323,11.47,3704.81
951,22,30.0,35,Manufacturing,2025-03-05,2025-03-06,2025-03-19,257,56.0,14392.0
952,30,,39,R&D,2024-12-28,2025-01-06,2025-01-22,195,504.36,98350.2
953,39,,16,Finance,2025-06-10,2025-06-13,2025-07-03,154,63.25,9740.5
954,36,55.0,16,Operations,2025-10-18,2025-10-24,2025-12-06,246,50.45,12410.7
955,32,48.0,35,Operations,2024-08-23,2024-08-29,2024-09-07,230,55.09,12670.7
956,5,7.0,53,Operations,2024-11-01,2024-11-02,2024-11-11,86,6.06,521.16
957,20,,39,Marketing,2024-05-18,2024-05-18,2024-05-27,118,474.49,55989.82
958,25,,2,Marketing,2025-04-17,2025-04-17,2025-05-19,112,91.77,10278.24
959,18,21.0,9,R&D,2024-10-17,2024-10-20,2024-11-25,351,35.7,12530.7
960,25,36.0,22,Operations,2024-09-06,2024-09-06,2024-09-20,284,332.4,94401.6
961,39,,16,Operations,2025-05-20,2025-05-23,2025-07-02,255,60.78,15498.9
962,32,48.0,10,Manufacturing,2024-10-15,2024-10-24,2024-12-07,325,27.84,9048.0
963,11,15.0,55,IT,2024-11-26,2024-12-04,2025-01-09,146,6.95,1014.7
964,4,6.0,47,Manufacturing,2024-11-09,2024-11-17,2024-12-13,305,13.87,4230.35
965,6,9.0,22,Manufacturing,2024-07-07,2024-07-07,2024-07-30,425,341.58,145171.5
966,17,,1,Finance,2024-03-29,2024-04-01,2024-05-10,30,291.03,8730.9
967,9,12.0,20,Operations,2025-08-26,2025-08-26,2025-09-22,181,69.68,12612.08
968,1,1.0,36,Operations,2024-03-01,2024-03-07,2024-03-23,195,628.56,122569.2
969,15,18.0,18,Finance,2024-08-22,2024-08-25,2024-09-08,426,249.1,106116.6
970,12,,23,Manufacturing,2025-04-28,2025-05-02,2025-05-26,224,139.0,31136.0
971,36,54.0,14,IT,2024-03-28,2024-04-05,2024-05-10,435,17.64,7673.4
972,21,27.0,16,Marketing,2025-04-20,2025-04-23,2025-05-22,359,54.79,19669.61
973,28,41.0,46,Finance,2025-06-11,2025-06-19,2025-07-11,149,719.21,107162.29
974,32,48.0,26,Operations,2025-04-19,2025-04-28,2025-05-24,252,153.22,38611.44
975,9,,46,IT,2024-08-09,2024-08-10,2024-09-15,202,1051.11,212324.22
976,17,,6,Finance,2024-01-12,2024-01-15,2024-02-03,216,36.37,7855.92
977,20,25.0,22,Finance,2025-10-05,2025-10-09,2025-10-21,323,311.59,100643.57
978,18,21.0,26,IT,2024-08-17,2024-08-26,2024-09-15,316,145.3,45914.8
979,24,34.0,41,R&D,2025-08-05,2025-08-10,2025-09-03,441,743.22,327760.02
980,16,,40,R&D,2024-05-16,2024-05-24,2024-06-10,324,449.91,145770.84
981,19,22.0,28,Marketing,2024-04-20,2024-04-28,2024-06-05,236,139.04,32813.44
982,1,1.0,36,Marketing,2025-07-14,2025-07-22,2025-08-14,379,682.52,258675.08
983,34,50.0,2,Finance,2025-11-09,2025-11-17,2025-11-29,72,76.44,5503.68
984,38,,51,R&D,2025-09-15,2025-09-20,2025-10-20,492,38.68,19030.56
985,16,,1,IT,2025-06-26,2025-07-02,2025-07-26,398,372.29,148171.42
986,38,,51,R&D,2024-06-24,2024-06-29,2024-08-08,88,50.94,4482.72
987,19,22.0,28,Operations,2025-10-27,2025-10-28,2025-11-11,67,145.47,9746.49
988,35,53.0,4,IT,2025-04-30,2025-05-02,2025-05-13,113,26.48,2992.24
989,31,,3,Marketing,2024-05-01,2024-05-05,2024-06-16,265,75.37,19973.05
990,6,8.0,44,Operations,2024-04-03,2024-04-04,2024-05-14,311,214.78,66796.58
991,11,14.0,60,R&D,2025-09-22,2025-09-27,2025-10-19,393,35.73,14041.89
992,37,,5,Manufacturing,2024-07-19,2024-07-19,2024-08-03,203,112.64,22865.92
993,27,,20,Finance,2025-07-10,2025-07-13,2025-07-24,300,74.32,22296.0
994,28,40.0,30,Finance,2024-04-08,2024-04-11,2024-05-21,163,54.66,8909.58
995,39,,13,Finance,2024-07-17,2024-07-23,2024-09-02,317,12.26,3886.42
996,36,55.0,48,Marketing,2024-07-23,2024-07-25,2024-08-10,348,42.51,14793.48
997,22,29.0,28,R&D,2024-07-23,2024-07-24,2024-08-11,36,164.34,5916.24
998,17,,1,Operations,2025-05-05,2025-05-07,2025-06-20,375,359.92,134970.0
999,39,,48,R&D,2025-10-29,2025-10-29,2025-12-02,461,54.6,25170.6
1000,36,55.0,20,IT,2025-10-19,2025-10-26,2025-11-03,282,60.87,17165.34
1001,28,40.0,1,Finance,2025-06-19,2025-06-25,2025-08-07,393,334.6,131497.8
1002,9,12.0,16,Marketing,2024-05-21,2024-05-27,2024-06-28,288,65.11,18751.68
1003,39,,13,R&D,2025-11-30,2025-12-02,2025-12-25,246,13.71,3372.66
1004,16,,11,Operations,2025-01-23,2025-01-30,2025-03-15,435,1418.04,616847.4
1005,19,22.0,28,Marketing,2025-01-24,2025-02-02,2025-02-18,16,155.51,2488.16
1006,33,49.0,20,Marketing,2025-05-24,2025-05-27,2025-06-12,330,74.17,24476.1
1007,5,7.0,53,Manufacturing,2025-07-12,2025-07-15,2025-08-23,53,5.32,281.96
1008,38,,44,Marketing,2025-11-25,2025-11-26,2025-12-17,124,256.05,31750.2
1009,33,49.0,16,Finance,2025-02-27,2025-03-01,2025-03-30,271,56.11,15205.81
1010,32,48.0,27,Manufacturing,2025-03-13,2025-03-21,2025-05-02,132,22.2,2930.4
1011,25,36.0,53,Operations,2025-06-23,2025-06-28,2025-07-05,82,6.25,512.5
1012,37,,7,Marketing,2024-06-28,2024-07-05,2024-07-12,240,15.04,3609.6
1013,12,,23,R&D,2024-08-10,2024-08-12,2024-08-21,484,142.34,68892.56
1014,31,,11,Finance,2025-03-31,2025-04-01,2025-04-21,80,1276.73,102138.4
1015,37,,60,Manufacturing,2024-02-16,2024-02-16,2024-03-13,124,29.13,3612.12
1016,15,18.0,17,IT,2024-08-14,2024-08-21,2024-08-29,255,795.76,202918.8
1017,33,49.0,16,Marketing,2025-05-30,2025-06-08,2025-07-07,26,53.85,1400.1
1018,7,11.0,17,Operations,2025-12-05,2025-12-13,2025-12-25,462,728.24,336446.88
1019,31,47.0,48,Operations,2025-01-14,2025-01-14,2025-02-11,31,45.7,1416.7
1020,1,1.0,12,Finance,2024-10-15,2024-10-18,2024-11-03,51,343.37,17511.87
1021,32,48.0,39,Finance,2024-11-16,2024-11-17,2024-12-08,223,411.43,91748.89
1022,39,,13,IT,2025-05-07,2025-05-15,2025-05-26,231,10.96,2531.76
1023,36,54.0,34,Operations,2025-01-27,2025-02-01,2025-02-24,466,111.49,51954.34
1024,13,17.0,53,Finance,2024-01-11,2024-01-17,2024-02-16,378,6.11,2309.58
1025,31,47.0,48,IT,2025-01-23,2025-01-28,2025-02-14,307,51.52,15816.64
1026,35,51.0,53,Finance,2024-10-10,2024-10-19,2024-11-23,213,6.09,1297.17
1027,26,37.0,3,Operations,2025-05-17,2025-05-26,2025-06-24,309,71.76,22173.84
1028,16,,56,Manufacturing,2025-09-26,2025-09-30,2025-10-28,11,13.7,150.7
1029,14,,4,Operations,2025-11-25,2025-12-03,2026-01-04,134,27.71,3713.14
1030,35,52.0,26,Operations,2025-03-13,2025-03-21,2025-04-26,181,154.59,27980.79
1031,18,,42,Manufacturing,2024-09-21,2024-09-21,2024-10-12,279,59.4,16572.6
1032,1,1.0,58,Operations,2024-11-17,2024-11-20,2024-12-03,413,211.72,87440.36
1033,14,,47,R&D,2024-04-30,2024-05-08,2024-06-04,63,13.64,859.32
1034,3,4.0,28,Manufacturing,2025-11-10,2025-11-14,2025-12-10,91,148.34,13498.94
1035,38,,44,Finance,2025-09-07,2025-09-10,2025-10-02,98,220.14,21573.72
1036,21,26.0,28,Manufacturing,2025-09-12,2025-09-15,2025-10-02,131,156.51,20502.81
1037,22,30.0,9,Marketing,2024-08-27,2024-08-27,2024-10-10,324,40.76,13206.24
1038,4,5.0,27,Manufacturing,2024-08-17,2024-08-23,2024-09-24,308,26.34,8112.72
1039,30,,27,IT,2025-09-12,2025-09-17,2025-10-11,138,29.77,4108.26
1040,20,25.0,53,Manufacturing,2025-02-01,2025-02-01,2025-02-22,329,6.43,2115.47
1041,31,47.0,48,Manufacturing,2025-05-27,2025-05-29,2025-07-02,317,48.6,15406.2
1042,3,4.0,28,R&D,2024-12-14,2024-12-23,2025-02-02,94,141.5,13301.0
1043,40,,37,Marketing,2024-11-13,2024-11-19,2024-12-21,256,341.41,87400.96
1044,6,9.0,22,Marketing,2025-04-03,2025-04-06,2025-05-12,479,335.73,160814.67
1045,1,1.0,12,R&D,2025-08-12,2025-08-16,2025-09-19,442,310.89,137413.38
1046,4,6.0,54,Operations,2024-08-24,2024-08-31,2024-10-04,397,143.33,56902.01
1047,10,13.0,2,R&D,2025-08-12,2025-08-13,2025-08-20,190,75.14,14276.6
1048,19,23.0,40,Manufacturing,2024-06-21,2024-06-27,2024-07-29,31,393.81,12208.11
1049,19,23.0,15,Marketing,2024-10-13,2024-10-21,2024-10-31,234,802.08,187686.72
1050,14,,24,Marketing,2025-10-20,2025-10-28,2025-11-05,413,44.2,18254.6
1051,36,54.0,36,Marketing,2025-11-19,2025-11-27,2026-01-06,183,716.68,131152.44
1052,8,,13,Finance,2025-10-29,2025-11-05,2025-11-14,104,12.04,1252.16
1053,8,,20,IT,2024-08-18,2024-08-18,2024-09-04,365,74.76,27287.4
1054,11,,28,R&D,2025-08-31,2025-09-07,2025-10-18,124,184.26,22848.24
1055,15,19.0,1,IT,2025-11-13,2025-11-14,2025-12-24,252,273.32,68876.64
1056,18,21.0,9,Manufacturing,2025-12-11,2025-12-15,2025-12-27,84,39.76,3339.84
1057,1,1.0,12,Marketing,2024-01-16,2024-01-16,2024-02-15,28,309.6,8668.8
1058,36,55.0,48,IT,2025-06-20,2025-06-27,2025-07-23,316,48.47,15316.52
1059,37,,7,Manufacturing,2025-12-25,2025-12-28,2026-01-18,215,16.65,3579.75
1060,1,1.0,12,R&D,2025-07-08,2025-07-12,2025-07-31,26,314.37,8173.62
1061,24,34.0,41,Marketing,2024-06-13,2024-06-19,2024-07-26,277,726.3,201185.1
1062,26,37.0,3,Finance,2025-07-06,2025-07-10,2025-07-20,310,71.44,22146.4
1063,23,32.0,39,R&D,2024-03-12,2024-03-17,2024-04-07,172,442.59,76125.48
1064,19,22.0,23,Manufacturing,2024-12-09,2024-12-16,2024-12-23,480,113.73,54590.4
1065,27,38.0,11,Manufacturing,2025-03-27,2025-04-02,2025-05-08,233,1285.38,299493.54
1066,22,29.0,28,Finance,2024-11-29,2024-11-29,2025-01-04,303,149.73,45368.19
1067,3,4.0,23,R&D,2025-05-25,2025-05-25,2025-06-12,443,140.93,62431.99
1068,39,,38,Finance,2024-06-22,2024-06-24,2024-07-23,301,23.41,7046.41
1069,1,1.0,14,Operations,2025-03-10,2025-03-18,2025-04-18,21,17.16,360.36
1070,13,17.0,53,IT,2025-04-13,2025-04-15,2025-05-06,29,6.48,187.92
1071,1,1.0,34,Marketing,2025-03-29,2025-04-07,2025-05-21,36,102.34,3684.24
1072,14,,19,IT,2024-07-30,2024-07-30,2024-08-26,108,61.77,6671.16
1073,32,48.0,10,Marketing,2024-08-10,2024-08-10,2024-08-31,294,25.25,7423.5
1074,17,,3,IT,2024-07-07,2024-07-07,2024-08-02,56,82.22,4604.32
1075,35,53.0,45,Operations,2024-11-26,2024-12-03,2024-12-23,193,109.74,21179.82
1076,2,,30,Marketing,2025-03-02,2025-03-03,2025-04-03,107,59.39,6354.73
1077,26,37.0,11,Manufacturing,2024-09-20,2024-09-21,2024-10-19,476,1182.09,562674.84
1078,35,52.0,9,Manufacturing,2024-10-20,2024-10-26,2024-12-04,195,40.47,7891.65
1079,15,18.0,37,IT,2024-07-28,2024-07-28,2024-09-09,343,272.66,93522.38
1080,36,55.0,13,Manufacturing,2024-06-07,2024-06-08,2024-06-17,175,9.87,1727.25
1081,36,55.0,16,R&D,2025-04-17,2025-04-24,2025-05-25,296,51.3,15184.8
1082,36,54.0,14,R&D,2025-08-09,2025-08-18,2025-10-01,468,18.28,8555.04
1083,2,2.0,28,Manufacturing,2024-07-28,2024-07-31,2024-08-28,370,158.1,58497.0
1084,2,3.0,38,Marketing,2025-09-14,2025-09-20,2025-10-25,252,29.0,7308.0
1085,24,34.0,34,Manufacturing,2025-02-18,2025-02-20,2025-03-14,458,118.95,54479.1
1086,16,,40,Operations,2024-04-26,2024-05-02,2024-06-11,448,496.42,222396.16
1087,14,,31,R&D,2024-09-15,2024-09-24,2024-10-06,176,117.47,20674.72
1088,25,,44,IT,2024-01-04,2024-01-06,2024-02-04,108,250.4,27043.2
1089,3,4.0,28,IT,2024-01-24,2024-01-29,2024-03-02,237,151.73,35960.01
1090,21,26.0,28,Marketing,2024-08-30,2024-09-02,2024-09-15,170,140.31,23852.7
1091,18,21.0,9,Manufacturing,2024-11-25,2024-11-27,2024-12-18,51,41.99,2141.49
1092,6,8.0,8,Manufacturing,2025-08-03,2025-08-05,2025-08-31,351,367.95,129150.45
1093,36,,17,R&D,2024-04-03,2024-04-08,2024-04-29,287,864.46,248100.02
1094,7,10.0,48,Manufacturing,2025-08-31,2025-09-04,2025-09-30,471,50.46,23766.66
1095,33,49.0,13,Manufacturing,2024-06-11,2024-06-20,2024-07-01,483,11.32,5467.56
1096,30,46.0,56,Operations,2024-04-07,2024-04-10,2024-05-14,469,13.83,6486.27
1097,1,1.0,34,IT,2025-05-21,2025-05-25,2025-07-01,308,98.4,30307.2
1098,17,,11,R&D,2025-07-16,2025-07-19,2025-08-23,112,1187.1,132955.2
1099,26,37.0,1,Finance,2025-03-16,2025-03-17,2025-04-15,16,318.63,5098.08
1100,17,,6,Operations,2024-03-18,2024-03-25,2024-04-21,361,34.34,12396.74
1101,18,21.0,35,Operations,2024-03-21,2024-03-25,2024-04-11,375,57.99,21746.25
1102,33,49.0,20,R&D,2024-10-02,2024-10-11,2024-11-03,376,66.15,24872.4
1103,8,,20,Finance,2024-11-24,2024-11-24,2024-12-29,407,83.4,33943.8
1104,7,10.0,16,Operations,2025-12-22,2025-12-29,2026-01-27,307,61.06,18745.42
1105,27,,48,R&D,2024-07-24,2024-07-28,2024-08-24,173,54.56,9438.88
1106,40,,33,Manufacturing,2024-05-18,2024-05-20,2024-05-31,161,689.64,111032.04
1107,5,7.0,22,R&D,2025-11-19,2025-11-21,2026-01-03,291,312.57,90957.87
1108,11,15.0,47,Marketing,2024-04-22,2024-04-22,2024-06-02,442,12.68,5604.56
1109,5,7.0,22,IT,2024-01-18,2024-01-20,2024-02-22,470,286.75,134772.5
1110,16,20.0,59,Finance,2024-10-30,2024-11-04,2024-12-10,389,124.64,48484.96
1111,40,,17,Finance,2024-10-12,2024-10-19,2024-11-26,446,875.53,390486.38
1112,16,20.0,51,Operations,2025-03-20,2025-03-28,2025-04-28,219,39.96,8751.24
1113,31,,15,R&D,2025-09-30,2025-10-02,2025-10-14,188,936.26,176016.88
1114,31,,56,Operations,2025-11-11,2025-11-12,2025-12-05,204,15.64,3190.56
1115,6,9.0,22,Marketing,2024-07-22,2024-07-30,2024-08-12,266,331.84,88269.44
1116,14,,54,R&D,2025-12-08,2025-12-16,2026-01-05,354,184.62,65355.48
1117,24,35.0,31,Finance,2025-04-01,2025-04-06,2025-05-09,412,88.3,36379.6
1118,22,31.0,44,Finance,2024-02-14,2024-02-20,2024-04-03,31,235.05,7286.55
1119,8,,13,Marketing,2025-11-07,2025-11-16,2025-12-05,492,13.59,6686.28
1120,27,,53,Manufacturing,2024-04-05,2024-04-10,2024-04-19,466,5.2,2423.2
1121,12,16.0,30,Manufacturing,2025-02-24,2025-03-05,2025-04-10,400,54.41,21764.0
1122,37,,59,Marketing,2025-07-24,2025-07-31,2025-09-09,433,128.1,55467.3
1123,27,,22,Marketing,2024-06-26,2024-07-01,2024-07-30,102,396.23,40415.46
1124,36,55.0,20,Manufacturing,2024-07-15,2024-07-16,2024-07-25,134,67.49,9043.66
1125,23,33.0,53,IT,2024-12-13,2024-12-13,2025-01-11,12,6.39,76.68
1126,3,,49,Manufacturing,2025-10-02,2025-10-07,2025-10-28,267,258.33,68974.11
1127,7,10.0,16,IT,2024-06-07,2024-06-12,2024-07-26,405,69.64,28204.2
1128,8,,13,Marketing,2025-04-27,2025-04-29,2025-05-25,142,10.32,1465.44
1129,30,45.0,42,Marketing,2024-11-20,2024-11-26,2025-01-02,10,62.77,627.7
1130,25,,8,Marketing,2024-03-17,2024-03-22,2024-04-04,255,365.68,93248.4
1131,36,54.0,34,Manufacturing,2025-05-26,2025-06-02,2025-06-17,464,110.37,51211.68
1132,28,39.0,16,Finance,2025-08-26,2025-08-30,2025-09-14,58,53.38,3096.04
1133,5,7.0,22,Marketing,2025-02-21,2025-02-24,2025-03-15,214,293.09,62721.26
1134,28,41.0,52,IT,2024-05-03,2024-05-08,2024-05-29,493,309.34,152504.62
1135,19,22.0,23,Finance,2024-04-20,2024-04-23,2024-06-02,78,132.55,10338.9
1136,34,50.0,46,Manufacturing,2024-11-01,2024-11-05,2024-12-14,16,800.8,12812.8
1137,11,,23,Operations,2025-01-03,2025-01-04,2025-02-10,442,146.84,64903.28
1138,20,25.0,53,Operations,2025-02-03,2025-02-07,2025-02-17,336,6.33,2126.88
1139,7,11.0,33,IT,2024-06-24,2024-06-26,2024-08-02,203,565.16,114727.48
1140,30,45.0,52,Operations,2024-12-22,2024-12-31,2025-01-17,478,308.72,147568.16
1141,21,26.0,23,Marketing,2024-07-26,2024-08-03,2024-08-17,469,133.83,62766.27
1142,20,25.0,53,Finance,2025-05-08,2025-05-15,2025-05-26,98,5.83,571.34
1143,20,,10,Operations,2025-07-30,2025-08-04,2025-09-11,253,29.14,7372.42
1144,17,,40,IT,2025-04-15,2025-04-21,2025-05-16,149,376.64,56119.36
1145,2,,56,Operations,2024-01-01,2024-01-01,2024-02-07,135,14.2,1917.0
1146,4,6.0,45,Marketing,2025-12-22,2025-12-25,2026-01-02,477,95.2,45410.4
1147,37,,59,Finance,2024-01-14,2024-01-18,2024-01-30,466,125.21,58347.86
1148,33,49.0,20,Operations,2025-12-30,2025-12-30,2026-01-26,390,70.14,27354.6
1149,30,,27,R&D,2024-01-21,2024-01-24,2024-03-04,122,28.68,3498.96
1150,20,25.0,53,Finance,2025-01-10,2025-01-12,2025-02-24,292,5.52,1611.84
1151,29,42.0,22,Finance,2024-03-09,2024-03-18,2024-04-24,234,278.63,65199.42
1152,22,30.0,26,Manufacturing,2024-03-06,2024-03-10,2024-04-11,468,130.46,61055.28
1153,31,,1,IT,2025-05-10,2025-05-13,2025-06-10,76,361.2,27451.2
1154,18,21.0,10,Operations,2025-06-09,2025-06-15,2025-07-08,174,22.32,3883.68
1155,9,,29,Manufacturing,2024-03-27,2024-03-27,2024-04-24,364,351.57,127971.48
1156,15,18.0,17,Marketing,2025-12-10,2025-12-13,2026-01-11,112,799.22,89512.64
1157,15,19.0,11,Manufacturing,2024-08-12,2024-08-21,2024-10-01,406,1191.96,483935.76
1158,31,,30,Manufacturing,2024-08-16,2024-08-20,2024-09-03,71,67.97,4825.87
1159,26,37.0,6,Operations,2024-08-03,2024-08-04,2024-09-01,218,31.47,6860.46
1160,7,11.0,38,Marketing,2024-11-26,2024-12-02,2024-12-16,250,28.3,7075.0
1161,25,,7,R&D,2024-05-04,2024-05-09,2024-05-22,370,17.81,6589.7
1162,8,,13,Finance,2024-11-03,2024-11-06,2024-11-26,66,9.86,650.76
1163,9,,42,IT,2024-05-29,2024-06-02,2024-06-18,421,65.98,27777.58
1164,6,9.0,53,Finance,2024-02-04,2024-02-07,2024-02-15,207,5.74,1188.18
1165,29,43.0,13,IT,2024-09-25,2024-09-26,2024-10-16,268,10.79,2891.72
1166,2,3.0,18,Finance,2025-05-02,2025-05-05,2025-06-11,160,248.77,39803.2
1167,18,21.0,27,Manufacturing,2025-07-03,2025-07-11,2025-08-16,349,23.36,8152.64
1168,39,,30,Marketing,2024-09-09,2024-09-14,2024-10-28,438,46.14,20209.32
1169,34,50.0,2,IT,2024-08-19,2024-08-24,2024-10-04,95,72.87,6922.65
1170,6,9.0,22,Marketing,2025-07-19,2025-07-28,2025-08-29,489,347.48,169917.72
1171,14,,54,Operations,2025-05-03,2025-05-12,2025-06-14,449,137.67,61813.83
1172,21,26.0,23,Marketing,2025-08-26,2025-08-30,2025-09-13,87,119.81,10423.47
1173,38,,57,R&D,2025-10-17,2025-10-23,2025-11-26,23,132.67,3051.41
1174,25,,29,R&D,2025-08-13,2025-08-22,2025-09-09,56,368.42,20631.52
1175,37,,43,Operations,2025-11-07,2025-11-14,2025-12-14,296,41.64,12325.44
1176,26,37.0,56,Finance,2024-10-23,2024-10-31,2024-11-25,193,13.58,2620.94
1177,38,,57,Operations,2024-10-11,2024-10-15,2024-11-17,338,144.31,48776.78
1178,5,7.0,53,R&D,2024-08-21,2024-08-22,2024-10-01,13,6.22,80.86
1179,18,,29,Finance,2024-06-15,2024-06-20,2024-07-16,153,312.47,47807.91
1180,12,,23,IT,2025-06-25,2025-06-30,2025-07-19,229,126.58,28986.82
1181,38,,50,IT,2025-05-29,2025-06-05,2025-07-10,443,86.41,38279.63
1182,39,,38,Manufacturing,2025-08-01,2025-08-08,2025-09-05,85,23.16,1968.6
1183,9,12.0,13,R&D,2024-04-26,2024-05-02,2024-06-03,185,12.12,2242.2
1184,31,47.0,13,Operations,2024-12-16,2024-12-24,2025-01-09,424,10.29,4362.96
1185,26,37.0,15,Operations,2024-06-06,2024-06-11,2024-07-11,243,825.81,200671.83
1186,17,,30,Manufacturing,2025-10-06,2025-10-13,2025-10-26,387,47.98,18568.26
1187,32,48.0,9,Manufacturing,2024-07-11,2024-07-14,2024-08-20,470,45.49,21380.3
1188,18,,52,Manufacturing,2024-04-14,2024-04-15,2024-04-29,140,383.78,53729.2
1189,1,1.0,49,Marketing,2025-02-19,2025-02-20,2025-03-22,492,184.14,90596.88
1190,24,34.0,36,IT,2025-09-30,2025-10-03,2025-11-03,112,756.08,84680.96
1191,37,,51,Marketing,2025-10-21,2025-10-30,2025-11-24,176,52.12,9173.12
1192,11,14.0,21,R&D,2024-03-11,2024-03-11,2024-04-16,71,135.93,9651.03
1193,34,50.0,52,Operations,2024-08-22,2024-08-25,2024-09-05,207,368.42,76262.94
1194,12,16.0,3,Finance,2024-04-14,2024-04-22,2024-06-01,22,68.42,1505.24
1195,38,,60,Manufacturing,2024-08-10,2024-08-12,2024-08-20,366,33.45,12242.7
1196,29,43.0,20,Finance,2025-01-19,2025-01-24,2025-02-13,91,67.69,6159.79
1197,4,,34,Finance,2024-07-18,2024-07-23,2024-08-07,50,121.47,6073.5
1198,7,10.0,48,R&D,2024-02-13,2024-02-19,2024-04-01,451,52.11,23501.61
1199,5,7.0,22,Manufacturing,2025-01-03,2025-01-07,2025-02-08,451,278.82,125747.82
1200,31,,40,R&D,2024-02-06,2024-02-08,2024-02-17,185,478.88,88592.8
1201,23,33.0,53,R&D,2024-06-11,2024-06-14,2024-07-12,139,5.83,810.37
1202,36,54.0,14,Marketing,2023-12-27,2024-01-01,2024-02-13,351,16.58,5819.58
1203,35,52.0,10,R&D,2024-03-02,2024-03-04,2024-03-16,18,25.82,464.76
1204,18,,2,IT,2024-11-10,2024-11-14,2024-12-18,449,93.22,41855.78
1205,10,13.0,52,Finance,2025-09-12,2025-09-13,2025-10-26,93,313.12,29120.16
1206,25,36.0,53,Finance,2025-07-15,2025-07-19,2025-08-06,31,6.41,198.71
1207,17,,11,Manufacturing,2024-03-11,2024-03-13,2024-04-09,333,1623.71,540695.43
1208,25,,51,IT,2024-01-22,2024-01-26,2024-02-15,276,43.92,12121.92
1209,26,37.0,6,Manufacturing,2024-09-01,2024-09-03,2024-09-12,268,34.47,9237.96
1210,23,33.0,53,IT,2025-04-16,2025-04-21,2025-05-16,26,5.44,141.44
1211,40,,17,R&D,2025-06-27,2025-06-29,2025-07-11,115,649.47,74689.05
1212,18,,42,R&D,2025-08-19,2025-08-23,2025-09-13,328,82.24,26974.72
1213,6,9.0,22,R&D,2024-08-30,2024-09-06,2024-09-26,134,331.81,44462.54
1214,26,37.0,15,Finance,2024-04-24,2024-05-02,2024-05-09,20,808.29,16165.8
1215,20,25.0,53,R&D,2024-01-15,2024-01-20,2024-02-26,384,5.76,2211.84
1216,23,32.0,27,IT,2024-04-12,2024-04-17,2024-05-08,419,23.88,10005.72
1217,20,,35,Manufacturing,2024-02-15,2024-02-17,2024-02-27,84,63.81,5360.04
1218,17,,30,Operations,2025-09-14,2025-09-20,2025-10-15,85,52.51,4463.35
1219,26,37.0,1,Marketing,2024-07-09,2024-07-14,2024-07-27,161,322.36,51899.96
1220,9,,42,Marketing,2025-08-15,2025-08-23,2025-09-26,360,75.14,27050.4
1221,29,44.0,2,IT,2025-01-29,2025-02-07,2025-02-17,243,78.7,19124.1
1222,30,45.0,29,Finance,2025-01-19,2025-01-28,2025-03-03,411,271.75,111689.25
1223,1,1.0,12,Operations,2024-11-26,2024-11-27,2025-01-01,330,293.51,96858.3
1224,33,49.0,16,Marketing,2025-08-18,2025-08-21,2025-09-09,249,57.72,14372.28
1225,21,27.0,48,Finance,2024-01-31,2024-02-01,2024-03-01,369,48.26,17807.94
1226,4,5.0,35,Marketing,2024-02-29,2024-03-08,2024-03-19,183,65.31,11951.73
1227,1,1.0,12,Finance,2024-10-29,2024-11-05,2024-11-13,299,325.56,97342.44
1228,23,33.0,22,Finance,2024-10-14,2024-10-14,2024-10-21,98,291.56,28572.88
1229,18,21.0,35,IT,2025-01-25,2025-02-02,2025-03-11,235,53.16,12492.6
1230,31,,6,IT,2025-06-18,2025-06-22,2025-07-09,184,36.08,6638.72
1231,28,41.0,42,R&D,2025-02-27,2025-03-04,2025-03-11,279,61.75,17228.25
1232,1,1.0,41,Finance,2024-07-04,2024-07-06,2024-07-28,139,713.22,99137.58
1233,21,27.0,16,R&D,2024-08-26,2024-08-26,2024-09-18,499,63.68,31776.32
1234,30,45.0,46,R&D,2025-06-27,2025-07-03,2025-08-07,464,796.4,369529.6
1235,1,1.0,34,Marketing,2024-05-23,2024-05-27,2024-06-03,46,106.2,4885.2
1236,14,,31,Marketing,2025-01-02,2025-01-03,2025-02-16,270,105.43,28466.1
1237,2,2.0,28,Marketing,2025-01-21,2025-01-28,2025-02-27,25,166.23,4155.75
1238,40,,33,IT,2025-06-26,2025-07-01,2025-08-02,352,487.69,171666.88
1239,35,52.0,9,Marketing,2025-05-28,2025-06-05,2025-07-16,187,41.86,7827.82
1240,12,,28,R&D,2024-12-05,2024-12-05,2024-12-29,468,169.5,79326.0
1241,9,12.0,16,Operations,2024-08-11,2024-08-13,2024-09-15,387,62.72,24272.64
1242,28,41.0,42,IT,2024-09-18,2024-09-25,2024-10-05,115,52.97,6091.55
1243,20,,35,IT,2024-10-24,2024-10-27,2024-11-26,258,76.78,19809.24
1244,27,38.0,40,IT,2024-06-05,2024-06-09,2024-07-21,328,353.66,116000.48
1245,34,50.0,46,R&D,2025-03-28,2025-04-01,2025-04-28,452,931.91,421223.32
1246,3,,34,R&D,2024-06-01,2024-06-01,2024-07-03,13,105.75,1374.75
1247,33,49.0,16,Marketing,2025-04-12,2025-04-18,2025-05-19,118,55.79,6583.22
1248,23,33.0,22,R&D,2025-06-30,2025-07-02,2025-08-01,428,297.95,127522.6
1249,19,24.0,27,IT,2025-12-02,2025-12-03,2025-12-14,36,20.74,746.64
1250,6,8.0,21,Manufacturing,2024-03-19,2024-03-27,2024-04-28,320,107.26,34323.2
1251,19,23.0,6,Manufacturing,2025-07-07,2025-07-08,2025-08-20,307,35.86,11009.02
1252,1,1.0,12,Marketing,2024-03-03,2024-03-03,2024-03-30,452,350.57,158457.64
1253,39,,33,Finance,2024-09-02,2024-09-03,2024-09-19,344,560.54,192825.76
1254,27,38.0,6,Manufacturing,2024-05-01,2024-05-08,2024-06-20,194,32.69,6341.86
1255,37,,59,Manufacturing,2024-04-19,2024-04-28,2024-05-17,225,140.24,31554.0
1256,19,23.0,15,Marketing,2024-05-08,2024-05-08,2024-06-14,117,933.65,109237.05
1257,31,47.0,16,IT,2024-01-31,2024-02-02,2024-02-28,208,62.35,12968.8
1258,25,,59,Marketing,2025-08-23,2025-08-23,2025-09-18,214,159.88,34214.32
1259,23,33.0,22,IT,2024-02-05,2024-02-14,2024-02-26,41,324.8,13316.8
1260,36,55.0,16,Operations,2024-10-17,2024-10-17,2024-11-21,58,57.28,3322.24
1261,12,16.0,6,Marketing,2025-05-21,2025-05-25,2025-06-13,153,36.3,5553.9
1262,11,,23,Operations,2025-12-18,2025-12-23,2026-01-11,168,175.74,29524.32
1263,16,,11,R&D,2025-09-14,2025-09-15,2025-10-04,37,1390.48,51447.76
1264,13,17.0,22,IT,2024-04-01,2024-04-10,2024-05-01,420,294.17,123551.4
1265,17,,6,IT,2025-12-15,2025-12-22,2026-01-21,292,42.0,12264.0
1266,38,,57,Marketing,2025-04-22,2025-04-22,2025-05-28,475,157.36,74746.0
1267,21,27.0,48,R&D,2024-05-04,2024-05-11,2024-06-21,36,44.64,1607.04
1268,4,6.0,54,IT,2024-11-17,2024-11-23,2024-12-17,41,143.3,5875.3
1269,16,20.0,7,R&D,2025-10-26,2025-11-01,2025-12-09,422,17.29,7296.38
1270,32,48.0,35,Operations,2024-10-09,2024-10-13,2024-10-28,111,53.98,5991.78
1271,2,3.0,38,Operations,2024-05-07,2024-05-14,2024-06-06,280,25.82,7229.6
1272,22,29.0,28,Manufacturing,2025-09-24,2025-09-30,2025-11-11,242,161.16,39000.72
1273,23,32.0,39,Marketing,2025-11-19,2025-11-26,2025-12-19,319,408.68,130368.92
1274,8,,20,IT,2025-12-06,2025-12-13,2026-01-24,308,66.17,20380.36
1275,12,16.0,40,R&D,2025-11-23,2025-11-28,2025-12-26,482,374.62,180566.84
1276,2,2.0,23,IT,2025-09-23,2025-09-29,2025-10-31,285,146.28,41689.8
1277,6,9.0,22,IT,2024-11-27,2024-11-27,2025-01-01,253,350.45,88663.85
1278,20,,9,Marketing,2024-05-17,2024-05-20,2024-05-30,217,37.54,8146.18
1279,6,9.0,22,R&D,2025-03-24,2025-03-26,2025-04-24,161,313.61,50491.21
1280,28,41.0,42,Manufacturing,2024-06-09,2024-06-10,2024-07-23,88,58.05,5108.4
1281,25,,29,Marketing,2024-12-11,2024-12-11,2025-01-03,387,325.72,126053.64
1282,36,54.0,36,Manufacturing,2025-04-19,2025-04-23,2025-05-12,336,645.02,216726.72
1283,6,8.0,8,R&D,2025-11-20,2025-11-22,2025-12-07,113,373.1,42160.3
1284,38,,7,Operations,2024-07-28,2024-07-30,2024-09-06,378,17.77,6717.06
1285,15,18.0,38,Marketing,2024-07-01,2024-07-02,2024-07-18,37,29.09,1076.33
1286,25,,52,R&D,2025-06-11,2025-06-20,2025-07-01,192,387.8,74457.6
1287,34,50.0,52,IT,2023-12-29,2024-01-05,2024-02-05,427,359.05,153314.35
1288,6,8.0,50,Marketing,2025-02-15,2025-02-17,2025-03-16,204,98.31,20055.24
1289,24,34.0,36,Marketing,2025-06-28,2025-06-28,2025-07-21,276,647.03,178580.28
1290,18,21.0,39,Operations,2025-01-29,2025-02-06,2025-02-21,395,438.46,173191.7
1291,37,,32,IT,2024-10-01,2024-10-07,2024-11-04,407,68.49,27875.43
1292,9,,52,IT,2025-08-22,2025-08-27,2025-10-05,461,470.39,216849.79
1293,30,46.0,56,Marketing,2024-09-25,2024-09-27,2024-10-17,232,11.9,2760.8
1294,9,12.0,16,IT,2025-05-24,2025-06-02,2025-07-04,147,56.76,8343.72
1295,4,,14,Finance,2024-12-03,2024-12-04,2024-12-25,138,23.57,3252.66
1296,9,12.0,48,Finance,2024-01-13,2024-01-20,2024-01-30,341,45.87,15641.67
1297,37,,5,Finance,2025-01-18,2025-01-22,2025-02-05,219,129.32,28321.08
1298,29,42.0,22,IT,2024-01-30,2024-02-06,2024-02-20,154,303.16,46686.64
1299,24,35.0,45,Operations,2025-11-02,2025-11-10,2025-12-23,232,96.86,22471.52
1300,6,9.0,53,Manufacturing,2025-03-10,2025-03-15,2025-04-04,359,5.94,2132.46
1301,39,,17,Operations,2024-09-20,2024-09-28,2024-10-29,87,777.87,67674.69
1302,4,,12,Finance,2024-12-12,2024-12-20,2024-12-30,142,371.31,52726.02
1303,6,9.0,22,R&D,2025-03-22,2025-03-28,2025-04-22,62,320.31,19859.22
1304,34,50.0,42,Finance,2024-07-02,2024-07-08,2024-07-27,154,70.94,10924.76
1305,3,4.0,28,Marketing,2024-07-28,2024-07-29,2024-08-31,353,158.19,55841.07
1306,22,31.0,60,Marketing,2024-11-01,2024-11-01,2024-11-29,179,30.3,5423.7
1307,4,6.0,45,Finance,2024-07-03,2024-07-07,2024-08-06,293,102.37,29994.41
1308,30,46.0,30,Operations,2025-07-01,2025-07-07,2025-07-21,461,54.15,24963.15
1309,5,7.0,53,Finance,2024-03-11,2024-03-16,2024-03-30,87,6.02,523.74
1310,25,,2,IT,2025-08-26,2025-08-26,2025-09-14,305,90.63,27642.15
1311,27,38.0,6,R&D,2024-09-08,2024-09-11,2024-10-16,162,33.7,5459.4
1312,16,20.0,60,Operations,2025-02-11,2025-02-13,2025-03-09,303,31.41,9517.23
1313,36,54.0,49,R&D,2024-04-16,2024-04-25,2024-05-12,232,178.99,41525.68
1314,32,48.0,10,Marketing,2024-10-02,2024-10-08,2024-11-15,100,26.07,2607.0
1315,40,,38,R&D,2025-06-27,2025-07-04,2025-08-10,164,25.9,4247.6
1316,22,29.0,23,Finance,2024-07-08,2024-07-16,2024-08-20,310,140.37,43514.7
1317,13,17.0,22,Operations,2024-04-05,2024-04-06,2024-04-16,375,321.82,120682.5
1318,39,,48,Finance,2025-01-15,2025-01-16,2025-02-18,350,56.3,19705.0
1319,32,48.0,27,IT,2024-04-28,2024-04-28,2024-06-06,50,23.22,1161.0
1320,40,,38,Manufacturing,2024-08-16,2024-08-17,2024-08-25,390,30.33,11828.7
1321,22,30.0,39,R&D,2024-11-20,2024-11-24,2024-12-02,60,377.46,22647.6
1322,24,35.0,4,IT,2025-02-15,2025-02-15,2025-03-24,156,24.14,3765.84
1323,36,54.0,49,Finance,2025-04-11,2025-04-11,2025-05-08,234,184.16,43093.44
1324,13,17.0,53,Marketing,2025-04-29,2025-05-08,2025-05-29,394,5.7,2245.8
1325,37,,21,R&D,2025-09-01,2025-09-08,2025-10-21,432,111.01,47956.32
1326,15,18.0,17,Marketing,2024-02-12,2024-02-18,2024-03-10,334,830.85,277503.9
1327,17,,3,Manufacturing,2024-09-20,2024-09-21,2024-11-03,416,81.09,33733.44
1328,31,,40,IT,2023-12-31,2024-01-01,2024-01-13,351,496.65,174324.15
1329,23,33.0,22,Marketing,2023-12-29,2024-01-07,2024-02-10,443,336.66,149140.38
1330,5,7.0,22,Operations,2024-05-25,2024-06-03,2024-07-01,329,295.73,97295.17
1331,30,,10,R&D,2025-03-07,2025-03-12,2025-03-22,104,32.22,3350.88
1332,9,,46,R&D,2025-10-12,2025-10-14,2025-11-16,399,721.83,288010.17
1333,16,20.0,43,Manufacturing,2025-07-18,2025-07-18,2025-08-03,315,39.13,12325.95
1334,7,10.0,13,Marketing,2025-04-16,2025-04-16,2025-05-01,52,11.41,593.32
1335,40,,38,Marketing,2025-07-22,2025-07-22,2025-08-24,112,27.06,3030.72
1336,31,47.0,16,Finance,2024-05-03,2024-05-05,2024-05-12,212,64.97,13773.64
1337,11,14.0,43,Finance,2025-08-30,2025-09-05,2025-10-05,148,43.49,6436.52
1338,6,8.0,21,IT,2025-10-03,2025-10-11,2025-11-01,186,121.63,22623.18
1339,24,34.0,34,R&D,2024-03-03,2024-03-10,2024-03-22,150,118.27,17740.5
1340,30,,27,Operations,2024-12-02,2024-12-09,2024-12-21,408,23.03,9396.24
1341,32,48.0,35,Marketing,2025-08-25,2025-08-28,2025-09-05,198,54.51,10792.98
1342,34,50.0,29,Operations,2024-12-08,2024-12-13,2024-12-29,392,265.45,104056.4
1343,9,,29,Operations,2025-08-27,2025-09-05,2025-09-26,227,357.87,81236.49
1344,25,,21,Operations,2025-11-10,2025-11-13,2025-12-26,305,156.66,47781.3
1345,14,,31,Marketing,2024-12-06,2024-12-12,2025-01-23,424,127.05,53869.2
1346,19,24.0,27,IT,2024-02-08,2024-02-13,2024-03-01,56,23.42,1311.52
1347,27,,53,IT,2024-09-02,2024-09-05,2024-09-17,252,6.06,1527.12
1348,27,38.0,30,Finance,2024-05-28,2024-06-06,2024-06-14,449,51.73,23226.77
1349,19,23.0,56,Marketing,2024-12-12,2024-12-12,2025-01-14,211,15.31,3230.41
1350,28,41.0,46,Marketing,2025-02-23,2025-03-03,2025-03-21,483,738.03,356468.49
1351,19,22.0,28,R&D,2024-12-02,2024-12-04,2024-12-11,297,140.97,41868.09
1352,37,,7,Marketing,2024-05-20,2024-05-22,2024-06-10,292,18.96,5536.32
1353,13,17.0,53,IT,2024-08-05,2024-08-07,2024-09-19,59,5.83,343.97
1354,8,,48,Operations,2025-05-04,2025-05-11,2025-06-01,449,54.09,24286.41
1355,3,,41,Manufacturing,2024-01-15,2024-01-20,2024-02-22,188,850.91,159971.08
1356,10,13.0,46,Operations,2024-06-02,2024-06-05,2024-07-08,434,682.75,296313.5
1357,29,42.0,53,IT,2025-10-08,2025-10-13,2025-10-26,21,5.83,122.43
1358,38,,60,R&D,2024-03-09,2024-03-13,2024-04-24,390,35.33,13778.7
1359,4,6.0,24,Finance,2024-10-20,2024-10-29,2024-11-23,349,38.85,13558.65
1360,13,17.0,22,Operations,2024-05-24,2024-05-31,2024-07-05,354,346.88,122795.52
1361,15,18.0,37,Operations,2024-03-14,2024-03-17,2024-04-04,446,275.28,122774.88
1362,12,,28,Operations,2024-11-03,2024-11-04,2024-12-01,318,160.94,51178.92
1363,30,,35,Finance,2025-01-14,2025-01-15,2025-02-07,212,55.15,11691.8
1364,31,,30,R&D,2024-05-07,2024-05-08,2024-06-04,487,55.77,27159.99
1365,34,50.0,46,Manufacturing,2024-02-26,2024-02-26,2024-03-22,378,933.3,352787.4
1366,40,,18,Operations,2024-03-30,2024-04-08,2024-05-07,113,307.74,34774.62
1367,16,,56,Operations,2025-04-13,2025-04-20,2025-05-01,273,15.65,4272.45
1368,38,,43,Manufacturing,2025-09-15,2025-09-20,2025-10-14,124,38.12,4726.88
1369,15,18.0,37,IT,2024-05-11,2024-05-11,2024-06-20,495,259.13,128269.35
1370,11,,23,IT,2024-08-13,2024-08-21,2024-09-17,181,128.35,23231.35
1371,11,15.0,24,Manufacturing,2024-09-06,2024-09-07,2024-10-01,376,31.77,11945.52
1372,1,1.0,34,Finance,2024-09-14,2024-09-20,2024-10-25,137,93.73,12841.01
1373,19,22.0,23,R&D,2024-06-22,2024-06-27,2024-07-15,329,126.53,41628.37
1374,16,20.0,44,R&D,2024-02-03,2024-02-10,2024-03-16,469,228.99,107396.31
1375,7,11.0,37,IT,2025-01-15,2025-01-18,2025-02-21,191,265.72,50752.52
1376,18,,52,Manufacturing,2024-09-10,2024-09-17,2024-10-29,472,355.75,167914.0
1377,16,,30,IT,2024-09-04,2024-09-06,2024-10-06,487,62.08,30232.96
1378,34,50.0,29,Operations,2024-07-12,2024-07-12,2024-08-18,102,314.97,32126.94
1379,2,,3,IT,2025-11-05,2025-11-09,2025-11-19,31,79.08,2451.48
1380,38,,5,IT,2025-03-18,2025-03-21,2025-04-08,137,121.6,16659.2
1381,10,13.0,2,Finance,2024-10-29,2024-11-01,2024-12-02,295,71.92,21216.4
1382,18,,42,Marketing,2024-05-21,2024-05-29,2024-06-08,303,80.2,24300.6
1383,27,,53,R&D,2025-08-02,2025-08-07,2025-08-22,315,7.48,2356.2
1384,3,4.0,23,IT,2025-10-03,2025-10-10,2025-10-26,138,126.1,17401.8
1385,18,21.0,27,Finance,2024-01-19,2024-01-24,2024-02-11,118,21.34,2518.12
1386,3,4.0,28,R&D,2025-11-04,2025-11-09,2025-12-23,450,161.13,72508.5
1387,36,,37,R&D,2025-05-16,2025-05-25,2025-06-09,300,307.24,92172.0
1388,38,,60,R&D,2024-03-13,2024-03-13,2024-04-15,316,41.59,13142.44
1389,37,,57,Finance,2025-06-28,2025-07-03,2025-08-10,134,150.74,20199.16
1390,22,31.0,32,Finance,2024-03-14,2024-03-19,2024-04-10,65,59.58,3872.7
1391,15,18.0,17,Operations,2024-02-03,2024-02-07,2024-03-15,102,783.99,79966.98
1392,14,,47,Finance,2024-03-19,2024-03-25,2024-05-06,423,12.99,5494.77
1393,37,,59,IT,2024-11-24,2024-12-01,2024-12-16,233,140.6,32759.8
1394,13,17.0,53,R&D,2025-03-27,2025-03-28,2025-05-11,425,5.55,2358.75
1395,15,19.0,1,IT,2024-10-17,2024-10-24,2024-11-15,339,268.71,91092.69
1396,10,13.0,42,Finance,2024-03-23,2024-03-30,2024-04-22,76,64.68,4915.68
1397,20,25.0,22,Operations,2024-05-19,2024-05-25,2024-06-04,40,304.8,12192.0
1398,9,12.0,48,R&D,2025-09-07,2025-09-14,2025-10-21,474,48.92,23188.08
1399,33,49.0,20,R&D,2025-12-02,2025-12-03,2026-01-13,109,65.6,7150.4
1400,25,,44,IT,2025-06-28,2025-07-04,2025-07-11,475,224.02,106409.5
1401,15,18.0,18,Marketing,2024-03-10,2024-03-16,2024-04-27,159,230.99,36727.41
1402,36,55.0,13,Marketing,2025-08-20,2025-08-21,2025-09-09,264,11.12,2935.68
1403,39,,38,Finance,2025-05-20,2025-05-20,2025-07-02,96,23.58,2263.68
1404,40,,37,Manufacturing,2025-01-16,2025-01-19,2025-02-01,246,336.23,82712.58
1405,20,,9,Manufacturing,2024-04-11,2024-04-14,2024-05-10,203,37.92,7697.76
1406,29,44.0,52,R&D,2025-12-28,2025-12-28,2026-01-30,378,408.15,154280.7
1407,34,50.0,52,Marketing,2024-11-13,2024-11-19,2024-12-24,14,366.19,5126.66
1408,5,7.0,22,Finance,2024-01-26,2024-02-02,2024-03-11,215,276.05,59350.75
1409,17,,30,R&D,2024-05-27,2024-06-02,2024-07-14,489,68.2,33349.8
1410,29,44.0,52,Finance,2024-10-16,2024-10-19,2024-10-31,167,382.86,63937.62
1411,37,,32,IT,2024-02-09,2024-02-15,2024-03-07,425,67.87,28844.75
1412,15,19.0,15,Manufacturing,2024-08-15,2024-08-24,2024-09-19,241,724.11,174510.51
1413,3,4.0,23,R&D,2024-12-02,2024-12-07,2024-12-18,321,133.45,42837.45
1414,6,8.0,7,Finance,2025-11-14,2025-11-23,2025-12-27,132,14.94,1972.08
1415,16,20.0,44,Operations,2024-02-26,2024-03-04,2024-03-11,231,244.59,56500.29
1416,6,8.0,43,Manufacturing,2025-02-19,2025-02-25,2025-04-08,11,36.92,406.12
1417,16,20.0,50,IT,2025-10-21,2025-10-30,2025-11-14,291,98.24,28587.84
1418,31,47.0,13,Marketing,2025-08-10,2025-08-11,2025-09-02,336,11.74,3944.64
1419,13,17.0,53,R&D,2025-10-28,2025-11-06,2025-11-24,164,6.57,1077.48
1420,16,,11,Finance,2024-04-29,2024-05-04,2024-05-31,186,1268.18,235881.48
1421,4,6.0,24,Manufacturing,2025-08-04,2025-08-07,2025-09-19,27,37.97,1025.19
1422,6,9.0,22,R&D,2025-12-11,2025-12-15,2026-01-23,380,356.99,135656.2
1423,39,,38,R&D,2024-08-21,2024-08-26,2024-10-01,243,32.08,7795.44
1424,4,,36,R&D,2024-12-23,2024-12-30,2025-01-28,94,669.69,62950.86
1425,17,,40,IT,2025-01-14,2025-01-22,2025-02-01,206,351.02,72310.12
1426,23,32.0,26,IT,2024-12-23,2024-12-26,2025-01-27,462,141.73,65479.26
1427,22,31.0,50,R&D,2024-07-25,2024-07-30,2024-09-03,79,94.25,7445.75
1428,18,21.0,26,Operations,2025-12-05,2025-12-09,2026-01-18,367,146.2,53655.4
1429,33,49.0,13,Operations,2025-11-24,2025-11-29,2025-12-10,340,11.57,3933.8
1430,40,,18,Operations,2024-09-26,2024-10-04,2024-11-10,94,222.45,20910.3
1431,12,16.0,1,Finance,2025-08-07,2025-08-10,2025-09-20,490,321.25,157412.5
1432,9,,52,Marketing,2024-10-14,2024-10-17,2024-11-09,213,343.06,73071.78
1433,28,39.0,20,R&D,2025-07-30,2025-08-03,2025-08-30,292,69.51,20296.92
1434,4,6.0,31,Manufacturing,2025-02-26,2025-03-02,2025-04-03,253,96.01,24290.53
1435,7,10.0,48,IT,2024-12-04,2024-12-09,2024-12-22,176,51.33,9034.08
1436,33,49.0,20,Marketing,2024-03-29,2024-04-03,2024-04-26,296,68.89,20391.44
1437,24,35.0,47,IT,2025-04-18,2025-04-22,2025-05-01,353,13.68,4829.04
1438,22,29.0,28,Finance,2024-08-15,2024-08-22,2024-09-26,437,157.98,69037.26
1439,10,13.0,46,Marketing,2024-06-01,2024-06-07,2024-06-20,342,754.99,258206.58
1440,9,,46,R&D,2024-05-12,2024-05-21,2024-06-08,102,1017.28,103762.56
1441,20,25.0,53,Marketing,2025-12-08,2025-12-17,2026-01-19,79,6.3,497.7
1442,18,,29,Marketing,2024-03-14,2024-03-16,2024-04-03,415,257.49,106858.35
1443,21,28.0,43,R&D,2025-08-05,2025-08-05,2025-08-15,123,41.14,5060.22
1444,30,,9,Marketing,2025-09-23,2025-09-24,2025-10-14,161,54.82,8826.02
1445,13,17.0,53,Marketing,2024-01-18,2024-01-23,2024-03-06,293,5.8,1699.4
1446,21,26.0,23,Finance,2025-03-06,2025-03-06,2025-03-29,326,135.94,44316.44
1447,35,52.0,26,Finance,2025-02-22,2025-02-25,2025-04-03,210,139.02,29194.2
1448,14,,24,IT,2024-09-18,2024-09-18,2024-10-07,238,39.33,9360.54
1449,13,17.0,22,Operations,2025-04-30,2025-05-01,2025-05-24,314,292.52,91851.28
1450,3,4.0,28,Finance,2024-10-18,2024-10-25,2024-11-23,54,168.65,9107.1
1451,10,13.0,29,R&D,2024-11-07,2024-11-16,2024-12-12,48,243.43,11684.64
1452,34,50.0,52,Manufacturing,2024-11-03,2024-11-11,2024-12-14,280,395.94,110863.2
1453,10,13.0,46,R&D,2025-08-01,2025-08-07,2025-08-27,423,777.2,328755.6
1454,1,1.0,58,Operations,2025-04-02,2025-04-07,2025-04-15,256,216.7,55475.2
1455,11,15.0,47,IT,2024-10-01,2024-10-03,2024-11-09,406,12.08,4904.48
1456,36,54.0,36,IT,2025-11-02,2025-11-07,2025-12-14,233,627.24,146146.92
1457,20,,10,Marketing,2025-07-31,2025-08-08,2025-09-15,95,22.86,2171.7
1458,29,44.0,42,Finance,2025-11-05,2025-11-11,2025-12-19,261,70.71,18455.31
1459,31,,40,Finance,2025-06-14,2025-06-17,2025-07-01,274,450.73,123500.02
1460,40,,17,Marketing,2024-10-04,2024-10-12,2024-11-10,317,931.09,295155.53
1461,6,8.0,32,Finance,2025-07-09,2025-07-18,2025-08-07,12,66.52,798.24
1462,27,,20,Operations,2024-08-20,2024-08-28,2024-09-26,206,65.81,13556.86
1463,15,18.0,33,Marketing,2024-07-11,2024-07-16,2024-08-01,473,534.69,252908.37
1464,29,42.0,22,Finance,2024-11-18,2024-11-25,2024-12-21,154,290.27,44701.58
1465,12,16.0,40,Finance,2025-12-03,2025-12-08,2025-12-23,89,424.16,37750.24
1466,7,10.0,13,IT,2025-02-12,2025-02-18,2025-03-24,484,11.72,5672.48
1467,6,8.0,7,Operations,2024-10-05,2024-10-07,2024-11-09,476,16.32,7768.32
1468,28,39.0,13,Finance,2024-11-27,2024-12-03,2025-01-13,106,9.98,1057.88
1469,31,,40,Finance,2024-07-23,2024-07-31,2024-08-11,131,371.18,48624.58
1470,10,13.0,2,Manufacturing,2025-04-25,2025-04-25,2025-05-08,290,67.25,19502.5
1471,37,,57,Finance,2024-09-03,2024-09-12,2024-10-09,257,147.59,37930.63
1472,16,20.0,5,Marketing,2025-02-01,2025-02-08,2025-03-12,174,132.67,23084.58
1473,25,36.0,53,Operations,2024-09-19,2024-09-26,2024-10-11,397,6.16,2445.52
1474,26,37.0,15,Finance,2024-08-16,2024-08-22,2024-09-15,156,838.07,130738.92
1475,33,49.0,48,R&D,2025-11-30,2025-12-09,2026-01-17,94,46.1,4333.4
1476,12,16.0,1,Operations,2024-09-06,2024-09-09,2024-10-20,233,342.11,79711.63
1477,14,,4,Finance,2024-02-14,2024-02-21,2024-03-26,472,28.97,13673.84
1478,29,43.0,20,Marketing,2024-09-24,2024-10-03,2024-11-04,21,65.15,1368.15
1479,9,12.0,20,IT,2025-01-19,2025-01-23,2025-02-21,63,65.05,4098.15
1480,27,,22,IT,2024-03-10,2024-03-10,2024-04-08,187,388.97,72737.39
1481,1,1.0,49,Manufacturing,2024-08-07,2024-08-11,2024-09-23,322,178.68,57534.96
1482,34,50.0,2,R&D,2024-05-01,2024-05-01,2024-05-21,233,85.5,19921.5
1483,18,21.0,10,IT,2024-12-23,2024-12-31,2025-01-31,332,24.61,8170.52
1484,36,,18,IT,2025-06-06,2025-06-11,2025-06-25,156,211.12,32934.72
1485,19,23.0,11,Marketing,2025-12-03,2025-12-07,2025-12-15,375,1305.51,489566.25
1486,11,15.0,24,Marketing,2024-10-10,2024-10-11,2024-11-14,354,31.61,11189.94
1487,9,,42,Operations,2025-09-15,2025-09-22,2025-10-20,197,74.74,14723.78
1488,30,45.0,42,Manufacturing,2024-05-29,2024-06-05,2024-06-18,304,63.18,19206.72
1489,35,52.0,9,R&D,2025-07-15,2025-07-23,2025-07-31,428,39.31,16824.68
1490,16,20.0,60,R&D,2025-02-10,2025-02-14,2025-03-01,259,36.58,9474.22
1491,35,52.0,26,IT,2025-07-03,2025-07-07,2025-07-18,44,144.85,6373.4
1492,8,,16,Manufacturing,2025-07-05,2025-07-05,2025-08-01,98,62.29,6104.42
1493,22,30.0,26,R&D,2025-01-22,2025-01-23,2025-02-11,110,120.6,13266.0
1494,33,49.0,48,IT,2024-07-05,2024-07-06,2024-07-22,213,50.17,10686.21
1495,5,7.0,53,Finance,2025-01-13,2025-01-19,2025-03-03,433,5.5,2381.5
1496,12,16.0,11,IT,2025-08-25,2025-08-26,2025-09-09,332,1280.18,425019.76
1497,40,,33,R&D,2025-12-06,2025-12-09,2025-12-26,195,574.44,112015.8
1498,1,1.0,49,Marketing,2025-10-31,2025-11-08,2025-11-17,250,193.61,48402.5
1499,22,30.0,35,Manufacturing,2024-05-06,2024-05-12,2024-05-28,445,54.03,24043.35
1500,25,,7,IT,2025-03-03,2025-03-12,2025-04-01,72,15.27,1099.44
1501,27,38.0,6,R&D,2024-03-11,2024-03-17,2024-04-18,349,34.05,11883.45
1502,14,,47,IT,2025-04-27,2025-05-03,2025-05-21,434,17.06,7404.04
1503,11,15.0,19,Manufacturing,2025-12-18,2025-12-25,2026-01-10,91,53.96,4910.36
1504,29,44.0,42,Operations,2024-02-03,2024-02-08,2024-02-22,15,64.99,974.85
1505,5,7.0,53,IT,2025-04-17,2025-04-24,2025-05-09,83,5.68,471.44
1506,36,,37,Marketing,2025-11-17,2025-11-21,2025-12-08,119,241.32,28717.08
1507,6,8.0,21,Marketing,2025-09-07,2025-09-10,2025-09-22,215,117.15,25187.25
1508,1,1.0,14,Marketing,2024-10-13,2024-10-13,2024-10-26,181,16.21,2934.01
1509,33,49.0,13,IT,2024-03-15,2024-03-16,2024-03-26,360,11.55,4158.0
1510,2,3.0,38,Marketing,2025-10-31,2025-11-05,2025-11-14,54,26.1,1409.4
1511,33,49.0,20,Operations,2025-11-01,2025-11-03,2025-11-28,420,71.74,30130.8
1512,37,,59,Finance,2025-02-22,2025-02-26,2025-04-09,438,134.28,58814.64
1513,24,34.0,58,Manufacturing,2025-12-14,2025-12-15,2025-12-26,119,228.29,27166.51
1514,23,32.0,26,Operations,2023-12-31,2024-01-04,2024-01-13,144,146.98,21165.12
1515,28,41.0,2,Manufacturing,2025-03-19,2025-03-26,2025-04-26,208,71.52,14876.16
1516,9,,52,Operations,2024-01-28,2024-01-29,2024-03-08,287,441.49,126707.63
1517,27,,20,Marketing,2025-11-06,2025-11-14,2025-12-21,277,84.58,23428.66
1518,29,43.0,16,Manufacturing,2025-05-09,2025-05-11,2025-06-18,169,58.52,9889.88
1519,2,,15,R&D,2025-10-26,2025-10-28,2025-11-10,202,795.29,160648.58
1520,35,53.0,31,Marketing,2025-02-06,2025-02-14,2025-03-03,84,93.12,7822.08
1521,24,34.0,41,Manufacturing,2024-02-26,2024-03-01,2024-04-11,492,756.29,372094.68
1522,27,,53,Operations,2024-01-18,2024-01-20,2024-03-03,282,5.45,1536.9
1523,13,17.0,22,IT,2024-09-01,2024-09-01,2024-09-14,258,332.59,85808.22
1524,33,49.0,48,Marketing,2025-06-26,2025-06-26,2025-07-12,155,51.84,8035.2
1525,27,38.0,30,Manufacturing,2024-04-11,2024-04-20,2024-05-15,366,48.74,17838.84
1526,37,,59,Finance,2025-09-08,2025-09-14,2025-10-07,170,142.45,24216.5
1527,8,,13,Marketing,2024-06-15,2024-06-23,2024-07-06,172,14.03,2413.16
1528,33,49.0,48,Marketing,2024-12-23,2024-12-28,2025-01-22,243,49.32,11984.76
1529,5,7.0,53,Finance,2024-05-27,2024-05-28,2024-06-10,97,5.59,542.23
1530,13,17.0,53,R&D,2024-12-05,2024-12-06,2024-12-27,393,5.77,2267.61
1531,4,6.0,55,Finance,2024-11-24,2024-11-26,2025-01-06,464,8.12,3767.68
1532,19,24.0,10,Marketing,2023-12-26,2024-01-04,2024-01-11,481,23.31,11212.11
1533,31,,15,Operations,2025-02-13,2025-02-18,2025-03-27,115,1051.32,120901.8
1534,30,45.0,42,Operations,2025-07-21,2025-07-28,2025-08-28,378,57.22,21629.16
1535,37,,7,Finance,2025-11-14,2025-11-14,2025-12-18,265,20.12,5331.8
1536,5,7.0,53,Marketing,2024-08-29,2024-08-29,2024-09-07,334,6.18,2064.12
1537,2,,56,Marketing,2025-09-29,2025-10-04,2025-10-24,49,14.51,710.99
1538,15,18.0,18,R&D,2025-09-28,2025-10-03,2025-11-05,19,229.38,4358.22
1539,26,37.0,6,Manufacturing,2025-12-21,2025-12-22,2026-01-10,391,32.37,12656.67
1540,34,50.0,52,R&D,2024-09-21,2024-09-29,2024-11-04,400,391.23,156492.0
1541,39,,13,Marketing,2025-09-11,2025-09-13,2025-09-25,369,10.56,3896.64
1542,36,,38,Finance,2025-02-15,2025-02-16,2025-02-23,478,33.01,15778.78
1543,27,38.0,11,Finance,2024-02-05,2024-02-12,2024-03-04,484,1209.38,585339.92
1544,37,,50,Manufacturing,2024-07-11,2024-07-16,2024-08-09,205,87.11,17857.55
1545,4,5.0,35,Manufacturing,2025-05-01,2025-05-05,2025-06-10,279,63.44,17699.76
1546,40,,17,Operations,2024-04-27,2024-04-27,2024-05-18,21,894.46,18783.66
1547,31,47.0,13,IT,2024-11-07,2024-11-13,2024-11-26,178,11.74,2089.72
1548,30,,39,Manufacturing,2025-07-10,2025-07-19,2025-07-30,22,507.84,11172.48
1549,35,53.0,4,Operations,2024-04-17,2024-04-19,2024-05-18,415,23.53,9764.95
1550,20,,27,R&D,2024-12-21,2024-12-28,2025-02-01,116,28.85,3346.6
1551,5,7.0,22,R&D,2024-05-31,2024-06-05,2024-06-21,285,278.12,79264.2
1552,18,21.0,27,R&D,2025-01-25,2025-01-26,2025-02-17,451,21.15,9538.65
1553,2,3.0,18,IT,2024-06-17,2024-06-24,2024-07-10,456,270.36,123284.16
1554,40,,18,IT,2025-11-28,2025-12-05,2025-12-20,426,251.51,107143.26
1555,7,11.0,17,Finance,2024-02-19,2024-02-25,2024-04-01,221,751.4,166059.4
1556,2,3.0,38,Operations,2025-12-03,2025-12-04,2026-01-12,451,26.23,11829.73
1557,27,,53,Operations,2025-07-25,2025-08-01,2025-08-10,178,5.2,925.6
1558,30,46.0,1,IT,2025-09-09,2025-09-16,2025-10-29,414,304.38,126013.32
1559,36,,37,Marketing,2025-09-07,2025-09-13,2025-09-20,79,260.55,20583.45
1560,12,,28,Manufacturing,2024-05-07,2024-05-16,2024-05-31,432,213.22,92111.04
1561,15,18.0,17,R&D,2025-11-01,2025-11-10,2025-11-22,67,713.15,47781.05
1562,12,16.0,56,Manufacturing,2025-03-05,2025-03-09,2025-04-11,472,15.09,7122.48
1563,1,1.0,49,R&D,2025-11-29,2025-12-03,2025-12-15,122,177.4,21642.8
1564,26,37.0,3,IT,2025-10-02,2025-10-03,2025-11-15,342,65.43,22377.06
1565,13,17.0,22,Manufacturing,2025-02-20,2025-02-27,2025-03-30,287,332.43,95407.41
1566,23,32.0,9,Marketing,2024-09-28,2024-09-30,2024-11-02,246,39.23,9650.58
1567,8,,48,Operations,2024-03-25,2024-03-26,2024-04-17,166,54.49,9045.34
1568,3,,49,Operations,2024-03-06,2024-03-14,2024-04-04,482,249.49,120254.18
1569,24,34.0,34,R&D,2024-10-09,2024-10-11,2024-10-21,25,100.34,2508.5
1570,40,,18,Finance,2025-08-08,2025-08-15,2025-09-20,270,270.27,72972.9
1571,31,47.0,13,Marketing,2024-12-26,2025-01-03,2025-02-16,376,11.54,4339.04
1572,15,19.0,6,Finance,2024-12-16,2024-12-17,2025-01-07,88,27.05,2380.4
1573,1,1.0,12,IT,2024-06-20,2024-06-27,2024-07-17,29,299.2,8676.8
1574,32,48.0,9,Finance,2025-02-14,2025-02-16,2025-03-12,63,44.86,2826.18
1575,9,,29,Manufacturing,2025-04-10,2025-04-10,2025-05-05,252,276.88,69773.76
1576,19,22.0,28,Finance,2025-12-10,2025-12-17,2026-01-26,278,134.27,37327.06
1577,17,,56,Finance,2025-06-08,2025-06-16,2025-07-18,46,14.87,684.02
1578,27,38.0,1,Manufacturing,2025-03-10,2025-03-19,2025-04-03,328,319.75,104878.0
1579,24,35.0,55,Marketing,2025-10-18,2025-10-26,2025-11-11,496,7.38,3660.48
1580,4,5.0,9,Operations,2024-11-04,2024-11-06,2024-12-02,114,45.84,5225.76
1581,30,,35,Finance,2025-11-10,2025-11-13,2025-12-02,264,53.9,14229.6
1582,16,,15,Finance,2024-09-27,2024-09-27,2024-10-14,281,904.09,254049.29
1583,21,27.0,48,R&D,2024-03-31,2024-04-03,2024-05-14,64,44.77,2865.28
1584,23,33.0,22,Manufacturing,2024-10-31,2024-10-31,2024-11-18,12,314.74,3776.88
1585,7,10.0,13,IT,2024-03-30,2024-04-03,2024-05-05,202,13.16,2658.32
1586,32,48.0,10,R&D,2024-03-22,2024-03-27,2024-04-22,395,27.9,11020.5
1587,23,32.0,26,IT,2025-09-29,2025-10-05,2025-10-19,26,153.15,3981.9
1588,3,,36,R&D,2025-07-25,2025-08-03,2025-08-16,396,797.77,315916.92
1589,34,50.0,2,Operations,2024-06-07,2024-06-10,2024-07-09,359,77.7,27894.3
1590,2,2.0,28,Manufacturing,2025-09-01,2025-09-03,2025-10-05,335,150.6,50451.0
1591,26,37.0,11,IT,2024-02-13,2024-02-20,2024-03-11,411,1166.9,479595.9
1592,33,49.0,20,Marketing,2024-07-26,2024-07-26,2024-09-01,238,65.7,15636.6
1593,9,,42,Marketing,2025-05-28,2025-05-30,2025-06-06,55,57.45,3159.75
1594,23,33.0,53,Marketing,2024-08-02,2024-08-09,2024-09-01,463,5.88,2722.44
1595,40,,18,Operations,2025-06-16,2025-06-17,2025-06-27,119,228.83,27230.77
1596,14,,31,R&D,2025-09-26,2025-09-30,2025-10-14,282,103.0,29046.0
1597,16,,1,Operations,2024-02-17,2024-02-18,2024-03-14,134,340.07,45569.38
1598,10,13.0,29,IT,2024-01-15,2024-01-18,2024-02-01,269,269.57,72514.33
1599,39,,18,Operations,2025-11-14,2025-11-17,2025-11-24,188,307.25,57763.0
1600,26,37.0,11,Manufacturing,2025-01-10,2025-01-14,2025-02-22,82,1240.39,101711.98
1601,26,37.0,11,Marketing,2024-12-27,2025-01-04,2025-02-12,304,1284.64,390530.56
1602,17,,1,Finance,2024-11-25,2024-12-04,2024-12-24,80,387.56,31004.8
1603,33,49.0,13,R&D,2024-11-09,2024-11-12,2024-12-12,203,10.44,2119.32
1604,40,,17,Manufacturing,2025-05-18,2025-05-18,2025-05-26,215,881.62,189548.3
1605,14,,47,Operations,2025-02-27,2025-02-27,2025-03-10,253,16.56,4189.68
1606,39,,38,Finance,2024-04-23,2024-04-29,2024-05-22,25,24.58,614.5
1607,34,50.0,42,IT,2025-03-27,2025-04-02,2025-05-16,361,61.56,22223.16
1608,17,,56,Manufacturing,2025-04-28,2025-05-02,2025-05-17,65,14.37,934.05
1609,37,,7,Operations,2024-03-20,2024-03-23,2024-04-06,486,17.65,8577.9
1610,36,54.0,12,R&D,2024-10-01,2024-10-02,2024-10-13,152,318.06,48345.12
1611,7,10.0,16,Finance,2025-07-28,2025-07-31,2025-08-07,342,68.17,23314.14
1612,38,,50,IT,2025-03-23,2025-03-27,2025-05-08,309,101.01,31212.09
1613,13,17.0,53,IT,2024-04-08,2024-04-09,2024-04-26,93,5.88,546.84
1614,31,,40,Finance,2024-01-26,2024-01-30,2024-03-11,481,359.45,172895.45
1615,23,32.0,26,IT,2025-02-24,2025-02-28,2025-03-19,27,147.25,3975.75
1616,36,,33,Operations,2024-11-26,2024-12-03,2025-01-16,121,568.58,68798.18
1617,4,5.0,26,Marketing,2025-11-29,2025-12-02,2026-01-06,243,156.33,37988.19
1618,34,50.0,52,R&D,2025-01-07,2025-01-16,2025-02-11,321,369.34,118558.14
1619,16,,1,R&D,2025-11-09,2025-11-10,2025-11-27,130,346.17,45002.1
1620,9,,29,IT,2024-05-31,2024-06-05,2024-07-18,375,266.58,99967.5
1621,31,,15,Finance,2024-11-22,2024-11-22,2025-01-04,316,1043.92,329878.72
1622,11,,28,IT,2024-04-11,2024-04-11,2024-05-23,389,197.85,76963.65
1623,35,51.0,53,Finance,2025-02-22,2025-02-23,2025-04-01,374,5.58,2086.92
1624,40,,17,Finance,2024-05-10,2024-05-17,2024-05-30,77,897.74,69125.98
1625,40,,37,Finance,2024-12-22,2024-12-25,2025-01-15,34,306.93,10435.62
1626,37,,57,R&D,2024-08-30,2024-09-08,2024-10-14,393,174.89,68731.77
1627,22,31.0,32,Finance,2024-05-08,2024-05-15,2024-06-13,385,69.03,26576.55
1628,26,37.0,1,Operations,2024-03-08,2024-03-11,2024-03-31,117,283.76,33199.92
1629,21,28.0,50,Marketing,2024-12-30,2025-01-08,2025-02-18,251,98.07,24615.57
1630,23,33.0,53,IT,2025-11-21,2025-11-22,2025-12-21,243,5.71,1387.53
1631,19,23.0,30,Manufacturing,2024-05-19,2024-05-25,2024-06-09,128,58.58,7498.24
1632,22,30.0,35,R&D,2024-10-19,2024-10-22,2024-11-29,105,55.86,5865.3
1633,38,,51,IT,2024-06-10,2024-06-12,2024-07-03,306,52.5,16065.0
1634,5,7.0,22,Finance,2025-08-06,2025-08-13,2025-09-15,117,277.73,32494.41
1635,4,,41,IT,2024-10-22,2024-10-29,2024-12-02,427,811.04,346314.08
1636,33,49.0,13,Finance,2025-12-04,2025-12-12,2026-01-15,380,10.04,3815.2
1637,22,29.0,28,Finance,2024-06-27,2024-06-27,2024-07-05,338,159.57,53934.66
1638,27,38.0,6,R&D,2024-02-25,2024-02-28,2024-03-27,475,34.98,16615.5
1639,5,7.0,53,R&D,2025-02-25,2025-03-01,2025-03-15,249,5.34,1329.66
1640,10,13.0,52,Manufacturing,2025-04-11,2025-04-20,2025-05-12,99,343.45,34001.55
1641,18,21.0,9,R&D,2025-12-16,2025-12-24,2026-01-03,50,40.48,2024.0
1642,27,,22,Marketing,2025-09-21,2025-09-28,2025-11-09,73,286.96,20948.08
1643,28,39.0,48,Finance,2025-09-30,2025-10-07,2025-10-18,129,47.2,6088.8
1644,25,36.0,53,Marketing,2025-04-03,2025-04-07,2025-05-05,464,6.32,2932.48
1645,16,20.0,43,R&D,2024-09-13,2024-09-19,2024-10-17,61,39.58,2414.38
1646,34,50.0,2,Finance,2024-11-07,2024-11-09,2024-12-21,215,74.86,16094.9
1647,13,17.0,22,Operations,2024-04-06,2024-04-07,2024-04-17,72,338.78,24392.16
1648,40,,18,IT,2024-11-07,2024-11-10,2024-12-12,486,219.88,106861.68
1649,6,9.0,22,Finance,2024-09-18,2024-09-23,2024-10-19,35,301.82,10563.7
1650,17,,3,Manufacturing,2024-01-21,2024-01-27,2024-03-11,195,63.39,12361.05
1651,30,46.0,56,Marketing,2024-05-25,2024-05-29,2024-06-20,403,13.89,5597.67
1652,17,,30,Manufacturing,2025-01-24,2025-01-25,2025-02-03,424,53.19,22552.56
1653,34,50.0,42,Marketing,2024-09-19,2024-09-26,2024-10-26,17,63.49,1079.33
1654,24,34.0,34,Manufacturing,2025-12-18,2025-12-26,2026-01-29,21,113.23,2377.83
1655,23,32.0,27,Operations,2024-12-09,2024-12-15,2025-01-18,127,22.51,2858.77
1656,32,48.0,26,Marketing,2025-11-30,2025-11-30,2025-12-31,289,160.38,46349.82
1657,7,10.0,16,Marketing,2025-04-25,2025-04-27,2025-05-05,319,63.09,20125.71
1658,30,45.0,2,Operations,2024-01-27,2024-01-30,2024-03-03,209,66.05,13804.45
1659,40,,18,Manufacturing,2024-05-26,2024-05-28,2024-07-07,489,285.27,139497.03
1660,27,,13,Marketing,2025-05-21,2025-05-30,2025-07-08,116,12.65,1467.4
1661,38,,32,Finance,2025-01-31,2025-02-01,2025-02-12,94,69.92,6572.48
1662,14,,31,Manufacturing,2024-08-04,2024-08-08,2024-09-01,464,107.48,49870.72
1663,32,48.0,10,R&D,2025-01-11,2025-01-16,2025-02-04,410,27.74,11373.4
1664,16,20.0,32,Manufacturing,2025-10-15,2025-10-21,2025-11-06,280,75.93,21260.4
1665,37,,7,Finance,2024-10-03,2024-10-10,2024-10-30,286,18.68,5342.48
1666,31,,11,Marketing,2024-02-01,2024-02-02,2024-03-05,321,1534.64,492619.44
1667,16,20.0,44,Operations,2024-08-11,2024-08-15,2024-09-02,309,256.35,79212.15
1668,7,11.0,17,IT,2025-11-06,2025-11-14,2025-12-15,335,794.59,266187.65
1669,14,,19,Operations,2025-07-08,2025-07-10,2025-08-04,431,76.4,32928.4
1670,18,,46,Finance,2025-08-28,2025-09-03,2025-09-30,222,985.42,218763.24
1671,20,,26,R&D,2025-10-27,2025-10-27,2025-11-18,109,165.31,18018.79
1672,7,11.0,37,Operations,2024-03-24,2024-03-26,2024-04-18,130,252.35,32805.5
1673,39,,33,Marketing,2024-07-21,2024-07-25,2024-08-29,297,522.45,155167.65
1674,32,48.0,9,Marketing,2024-02-06,2024-02-13,2024-03-25,146,42.61,6221.06
1675,18,21.0,27,Finance,2024-01-03,2024-01-04,2024-02-01,97,21.11,2047.67
1676,31,47.0,13,Manufacturing,2025-08-30,2025-09-01,2025-09-23,148,11.78,1743.44
1677,6,9.0,22,Finance,2025-11-11,2025-11-14,2025-12-04,109,313.61,34183.49
1678,11,,23,Manufacturing,2024-04-15,2024-04-23,2024-05-03,270,164.79,44493.3
1679,25,36.0,53,Finance,2025-06-04,2025-06-11,2025-07-10,197,5.56,1095.32
1680,4,6.0,19,IT,2025-01-25,2025-01-25,2025-02-08,87,55.75,4850.25
1681,2,,3,Marketing,2024-02-12,2024-02-20,2024-03-21,464,68.16,31626.24
1682,34,50.0,46,Manufacturing,2025-10-21,2025-10-30,2025-11-09,86,882.15,75864.9
1683,32,48.0,35,Marketing,2025-09-26,2025-09-28,2025-11-11,362,57.64,20865.68
1684,4,6.0,25,Marketing,2025-02-15,2025-02-18,2025-04-01,483,84.82,40968.06
1685,14,,47,Finance,2025-05-22,2025-05-31,2025-06-29,376,16.21,6094.96
1686,1,1.0,12,Operations,2024-10-10,2024-10-16,2024-10-28,478,321.81,153825.18
1687,34,50.0,2,Marketing,2025-07-31,2025-08-01,2025-09-10,216,86.65,18716.4
1688,38,,57,Manufacturing,2024-11-13,2024-11-20,2024-11-29,309,136.18,42079.62
1689,39,,37,Marketing,2025-12-21,2025-12-23,2026-01-26,321,307.33,98652.93
1690,18,21.0,9,Marketing,2024-02-08,2024-02-16,2024-03-17,233,39.56,9217.48
1691,12,16.0,6,IT,2024-05-04,2024-05-05,2024-06-03,126,31.5,3969.0
1692,40,,18,Finance,2025-12-04,2025-12-08,2025-12-21,267,289.04,77173.68
1693,10,13.0,29,Manufacturing,2024-07-26,2024-07-29,2024-08-16,460,251.44,115662.4
1694,35,53.0,47,Manufacturing,2024-08-06,2024-08-14,2024-09-09,479,13.07,6260.53
1695,37,,57,Operations,2025-07-31,2025-07-31,2025-08-10,270,158.12,42692.4
1696,39,,16,R&D,2024-05-13,2024-05-18,2024-06-12,481,68.71,33049.51
1697,3,4.0,28,R&D,2025-01-05,2025-01-09,2025-02-17,154,151.25,23292.5
1698,11,15.0,24,R&D,2024-07-27,2024-07-27,2024-09-05,477,36.97,17634.69
1699,2,2.0,28,Operations,2024-05-24,2024-05-24,2024-06-10,153,158.8,24296.4
1700,17,,3,Finance,2025-11-29,2025-12-04,2025-12-16,479,78.19,37453.01
1701,7,10.0,48,Manufacturing,2024-05-19,2024-05-25,2024-06-25,81,49.21,3986.01
1702,15,18.0,37,Marketing,2024-03-03,2024-03-09,2024-04-03,340,272.41,92619.4
1703,1,1.0,49,Operations,2025-05-05,2025-05-06,2025-05-30,316,164.05,51839.8
1704,10,13.0,46,R&D,2025-09-20,2025-09-25,2025-10-27,407,717.91,292189.37
1705,36,54.0,36,IT,2024-04-03,2024-04-03,2024-05-04,204,613.22,125096.88
1706,21,28.0,59,Manufacturing,2025-05-31,2025-05-31,2025-06-29,80,131.1,10488.0
1707,2,2.0,28,Manufacturing,2025-01-27,2025-01-29,2025-03-04,118,143.23,16901.14
1708,12,,23,R&D,2025-08-20,2025-08-28,2025-09-04,169,176.33,29799.77
1709,5,7.0,22,IT,2024-03-26,2024-04-02,2024-05-07,364,279.1,101592.4
1710,37,,60,R&D,2025-12-04,2025-12-13,2026-01-24,251,37.91,9515.41
1711,32,48.0,35,Marketing,2025-03-26,2025-03-27,2025-04-29,366,57.42,21015.72
1712,12,16.0,3,Operations,2025-09-05,2025-09-06,2025-10-20,202,75.62,15275.24
1713,31,47.0,13,Finance,2024-09-20,2024-09-21,2024-10-18,296,11.34,3356.64
1714,26,37.0,15,Marketing,2025-11-17,2025-11-19,2025-12-22,440,869.53,382593.2
1715,10,13.0,46,Manufacturing,2025-04-01,2025-04-02,2025-04-25,78,690.03,53822.34
1716,7,10.0,20,Operations,2024-03-28,2024-04-02,2024-04-10,92,77.69,7147.48
1717,32,48.0,9,Manufacturing,2025-10-26,2025-11-04,2025-12-09,394,44.12,17383.28
1718,20,25.0,53,Marketing,2025-08-01,2025-08-03,2025-09-15,228,5.93,1352.04
1719,26,37.0,56,R&D,2024-08-01,2024-08-07,2024-08-22,366,14.44,5285.04
1720,23,33.0,22,Marketing,2025-02-02,2025-02-02,2025-03-06,406,312.62,126923.72
1721,2,3.0,18,Finance,2024-10-09,2024-10-10,2024-10-22,441,259.75,114549.75
1722,34,50.0,46,IT,2025-01-24,2025-01-31,2025-02-25,259,913.58,236617.22
1723,33,49.0,48,Finance,2025-12-03,2025-12-05,2025-12-13,426,48.07,20477.82
1724,29,42.0,22,Manufacturing,2025-10-12,2025-10-18,2025-11-10,411,308.3,126711.3
1725,9,12.0,48,IT,2024-06-01,2024-06-06,2024-06-28,321,53.82,17276.22
1726,28,41.0,2,Finance,2025-12-08,2025-12-10,2026-01-06,47,72.17,3391.99
1727,35,51.0,53,Finance,2024-11-12,2024-11-15,2024-12-27,405,6.74,2729.7
1728,16,,1,Manufacturing,2025-05-20,2025-05-29,2025-06-26,271,395.08,107066.68
1729,19,23.0,30,IT,2025-07-09,2025-07-11,2025-08-13,235,56.08,13178.8
1730,16,,3,Finance,2024-12-13,2024-12-18,2025-01-29,479,62.79,30076.41
1731,25,36.0,22,Finance,2024-11-25,2024-11-29,2025-01-07,365,282.85,103240.25
1732,36,54.0,14,IT,2024-11-28,2024-11-29,2024-12-07,100,17.56,1756.0
1733,24,35.0,55,IT,2025-09-18,2025-09-21,2025-10-12,425,7.73,3285.25
1734,32,48.0,39,Manufacturing,2024-10-06,2024-10-09,2024-10-24,181,410.86,74365.66
1735,20,,26,R&D,2024-07-14,2024-07-23,2024-08-18,160,146.72,23475.2
1736,14,,54,IT,2024-09-13,2024-09-20,2024-10-23,396,194.64,77077.44
1737,39,,40,Operations,2024-05-22,2024-05-22,2024-06-30,223,400.06,89213.38
1738,39,,13,Finance,2024-10-06,2024-10-12,2024-10-22,307,11.13,3416.91
1739,8,,13,IT,2024-03-16,2024-03-24,2024-05-07,24,13.42,322.08
1740,15,18.0,33,R&D,2024-02-29,2024-03-06,2024-03-15,127,595.17,75586.59
1741,39,,11,Operations,2025-06-03,2025-06-12,2025-06-25,194,1322.09,256485.46
1742,6,8.0,21,Manufacturing,2024-02-20,2024-02-26,2024-03-26,325,108.16,35152.0
1743,31,,6,IT,2025-02-12,2025-02-18,2025-03-07,260,38.69,10059.4
1744,31,,3,Operations,2025-07-16,2025-07-23,2025-08-29,28,81.85,2291.8
1745,12,,23,R&D,2025-06-04,2025-06-12,2025-07-12,75,175.33,13149.75
1746,30,,27,Marketing,2024-11-13,2024-11-21,2024-11-28,449,24.74,11108.26
1747,9,12.0,20,Operations,2024-05-14,2024-05-21,2024-06-29,47,69.93,3286.71
1748,28,40.0,11,Finance,2025-11-10,2025-11-10,2025-12-22,153,1426.51,218256.03
1749,18,21.0,39,Operations,2025-08-23,2025-09-01,2025-10-02,204,387.28,79005.12
1750,33,49.0,20,Operations,2025-03-17,2025-03-22,2025-04-26,50,66.2,3310.0
1751,33,49.0,20,Manufacturing,2024-03-03,2024-03-04,2024-03-15,211,71.41,15067.51
1752,32,48.0,9,R&D,2024-01-23,2024-01-26,2024-03-03,208,43.72,9093.76
1753,14,,24,Marketing,2024-08-11,2024-08-18,2024-09-02,67,45.34,3037.78
1754,7,11.0,17,Operations,2024-04-22,2024-04-24,2024-05-15,116,747.02,86654.32
1755,2,2.0,28,Manufacturing,2025-09-18,2025-09-20,2025-09-28,425,144.63,61467.75
1756,40,,18,R&D,2024-05-22,2024-05-30,2024-06-06,87,268.53,23362.11
1757,26,37.0,11,Marketing,2024-07-22,2024-07-25,2024-08-02,274,1233.21,337899.54
1758,6,9.0,22,Marketing,2025-12-06,2025-12-13,2025-12-27,435,312.17,135793.95
1759,1,1.0,14,Operations,2025-08-20,2025-08-20,2025-09-08,386,17.58,6785.88
1760,26,37.0,6,IT,2024-06-05,2024-06-08,2024-07-09,37,32.56,1204.72
1761,33,49.0,20,Marketing,2024-10-05,2024-10-06,2024-11-11,12,61.71,740.52
1762,23,32.0,9,Marketing,2025-01-02,2025-01-11,2025-02-21,353,42.63,15048.39
1763,18,21.0,35,Finance,2025-04-29,2025-04-29,2025-05-21,253,58.95,14914.35
1764,4,6.0,24,Operations,2025-11-13,2025-11-14,2025-11-29,348,40.65,14146.2
1765,33,49.0,20,R&D,2025-09-23,2025-09-27,2025-10-04,293,72.34,21195.62
1766,12,16.0,11,Operations,2025-12-06,2025-12-14,2026-01-07,301,1475.68,444179.68
1767,29,44.0,42,Marketing,2024-01-25,2024-01-30,2024-02-13,288,68.99,19869.12
1768,8,,48,Manufacturing,2024-06-18,2024-06-21,2024-07-12,16,51.97,831.52
1769,22,29.0,28,IT,2025-02-08,2025-02-14,2025-03-21,87,152.4,13258.8
1770,24,35.0,47,R&D,2024-01-30,2024-02-05,2024-02-25,264,14.11,3725.04
1771,4,,58,Finance,2024-09-14,2024-09-16,2024-09-25,217,268.95,58362.15
1772,7,10.0,48,R&D,2024-04-18,2024-04-22,2024-05-10,395,48.17,19027.15
1773,32,48.0,27,IT,2025-11-03,2025-11-12,2025-12-24,412,22.21,9150.52
1774,35,51.0,53,Operations,2024-02-13,2024-02-16,2024-03-07,83,5.81,482.23
1775,19,24.0,35,Operations,2024-04-17,2024-04-18,2024-05-30,126,51.04,6431.04
1776,23,33.0,22,Finance,2024-05-19,2024-05-22,2024-06-06,303,299.38,90712.14
1777,31,47.0,20,Manufacturing,2024-04-11,2024-04-18,2024-04-25,458,64.01,29316.58
1778,3,,34,Marketing,2025-02-13,2025-02-19,2025-04-01,178,100.65,17915.7
1779,7,11.0,37,R&D,2024-09-16,2024-09-22,2024-10-14,349,286.35,99936.15
1780,36,54.0,12,Marketing,2025-10-23,2025-10-28,2025-12-01,446,302.23,134794.58
1781,20,25.0,22,Marketing,2024-07-02,2024-07-09,2024-08-22,395,323.76,127885.2
1782,19,24.0,9,Finance,2025-01-22,2025-01-27,2025-02-27,467,34.63,16172.21
1783,37,,7,Marketing,2025-04-22,2025-04-26,2025-05-14,202,16.28,3288.56
1784,20,,35,Marketing,2025-03-31,2025-04-01,2025-04-26,110,74.96,8245.6
1785,20,25.0,22,Finance,2025-08-04,2025-08-04,2025-08-14,85,292.8,24888.0
1786,2,2.0,23,Operations,2024-05-27,2024-05-27,2024-06-20,259,141.12,36550.08
1787,29,44.0,52,Finance,2025-01-05,2025-01-05,2025-01-19,130,383.73,49884.9
1788,15,18.0,33,Operations,2025-07-31,2025-08-07,2025-09-12,195,538.17,104943.15
1789,38,,44,Marketing,2025-09-17,2025-09-22,2025-10-28,159,230.91,36714.69
1790,20,,10,Manufacturing,2025-03-26,2025-03-26,2025-04-26,128,31.92,4085.76
1791,37,,5,IT,2025-04-15,2025-04-20,2025-05-18,497,106.78,53069.66
1792,27,,13,Operations,2025-09-16,2025-09-22,2025-10-17,104,13.17,1369.68
1793,15,18.0,33,Operations,2025-03-28,2025-04-01,2025-04-17,235,544.9,128051.5
1794,30,46.0,6,Manufacturing,2025-11-17,2025-11-23,2025-11-30,286,34.18,9775.48
1795,39,,15,Finance,2024-03-28,2024-04-03,2024-04-17,271,800.27,216873.17
1796,12,,28,Marketing,2024-09-05,2024-09-10,2024-09-29,334,215.09,71840.06
1797,20,,10,Operations,2024-03-15,2024-03-22,2024-03-31,61,32.16,1961.76
1798,19,23.0,30,Marketing,2024-03-04,2024-03-07,2024-04-20,190,50.0,9500.0
1799,21,27.0,48,Marketing,2024-12-01,2024-12-10,2025-01-05,408,52.12,21264.96
1800,20,25.0,53,IT,2024-06-09,2024-06-13,2024-07-03,316,5.85,1848.6
1801,7,10.0,20,Manufacturing,2024-10-24,2024-10-24,2024-11-11,367,73.75,27066.25
1802,25,36.0,22,Marketing,2024-11-11,2024-11-15,2024-11-30,358,325.39,116489.62
1803,35,52.0,10,R&D,2025-03-26,2025-03-29,2025-04-18,203,23.21,4711.63
1804,21,26.0,23,Marketing,2025-11-17,2025-11-21,2025-12-25,48,122.34,5872.32
1805,25,,21,Finance,2025-09-11,2025-09-12,2025-10-23,60,157.1,9426.0
1806,4,5.0,35,R&D,2024-09-28,2024-10-03,2024-11-06,344,58.94,20275.36
1807,40,,17,R&D,2024-08-25,2024-08-25,2024-10-08,298,745.43,222138.14
1808,9,12.0,48,R&D,2025-07-07,2025-07-16,2025-08-23,440,46.53,20473.2
1809,27,,22,Manufacturing,2024-03-23,2024-03-31,2024-05-04,452,375.71,169820.92
1810,4,6.0,31,Operations,2025-01-20,2025-01-29,2025-03-12,314,104.8,32907.2
1811,37,,21,IT,2024-10-30,2024-11-04,2024-11-18,254,107.85,27393.9
1812,30,46.0,15,Marketing,2024-05-07,2024-05-13,2024-06-06,359,765.45,274796.55
1813,4,5.0,27,Marketing,2025-03-17,2025-03-26,2025-04-20,10,26.36,263.6
1814,23,32.0,35,R&D,2024-08-14,2024-08-22,2024-09-29,229,55.44,12695.76
1815,25,,7,Operations,2024-05-12,2024-05-15,2024-06-08,486,19.15,9306.9
1816,4,,41,Marketing,2025-04-17,2025-04-21,2025-04-30,148,923.71,136709.08
1817,25,,52,R&D,2024-05-04,2024-05-07,2024-05-20,118,479.67,56601.06
1818,30,46.0,3,Operations,2025-05-02,2025-05-06,2025-05-24,193,71.86,13868.98
1819,25,,43,Manufacturing,2024-04-21,2024-04-28,2024-05-26,95,44.85,4260.75
1820,24,35.0,4,Manufacturing,2024-11-04,2024-11-13,2024-11-28,329,24.87,8182.23
1821,4,6.0,47,Finance,2025-08-06,2025-08-12,2025-09-08,351,14.69,5156.19
1822,35,53.0,47,Manufacturing,2024-06-09,2024-06-15,2024-07-17,395,14.34,5664.3
1823,5,7.0,53,Marketing,2025-07-13,2025-07-14,2025-08-23,158,5.84,922.72
1824,6,9.0,53,Finance,2025-06-07,2025-06-10,2025-06-25,230,5.82,1338.6
1825,8,,16,Marketing,2025-10-11,2025-10-20,2025-11-26,409,76.46,31272.14
1826,22,29.0,23,R&D,2024-04-30,2024-05-03,2024-05-28,431,145.64,62770.84
1827,17,,6,IT,2025-06-03,2025-06-06,2025-07-13,169,33.43,5649.67
1828,29,43.0,20,Marketing,2025-11-08,2025-11-14,2025-12-26,74,64.05,4739.7
1829,28,40.0,6,R&D,2025-07-08,2025-07-11,2025-08-06,119,31.72,3774.68
1830,1,1.0,36,R&D,2024-05-16,2024-05-17,2024-06-01,157,620.05,97347.85
1831,10,13.0,2,Finance,2025-08-14,2025-08-23,2025-09-09,197,65.46,12895.62
1832,20,25.0,22,R&D,2024-03-15,2024-03-19,2024-04-07,282,341.94,96427.08
1833,10,13.0,29,Manufacturing,2025-02-27,2025-03-05,2025-03-25,477,267.22,127463.94
1834,36,54.0,49,Operations,2024-12-21,2024-12-29,2025-02-07,77,172.67,13295.59
1835,14,,19,IT,2025-01-22,2025-01-22,2025-01-31,213,51.81,11035.53
1836,15,19.0,3,Manufacturing,2025-01-10,2025-01-14,2025-02-01,31,68.01,2108.31
1837,23,32.0,9,Operations,2024-01-21,2024-01-23,2024-02-17,48,38.96,1870.08
1838,34,50.0,2,Marketing,2025-01-04,2025-01-05,2025-01-17,11,83.57,919.27
1839,1,1.0,12,Finance,2025-11-14,2025-11-14,2025-11-25,396,323.53,128117.88
1840,40,,18,Manufacturing,2024-11-06,2024-11-14,2024-12-24,83,290.99,24152.17
1841,19,23.0,11,R&D,2024-07-18,2024-07-21,2024-09-02,102,1480.11,150971.22
1842,21,28.0,43,R&D,2025-12-22,2025-12-27,2026-01-30,242,39.16,9476.72
1843,28,40.0,40,Manufacturing,2024-03-05,2024-03-13,2024-03-28,147,403.1,59255.7
1844,25,,50,IT,2024-12-20,2024-12-20,2025-02-02,180,108.7,19566.0
1845,12,,28,R&D,2025-01-03,2025-01-09,2025-01-20,312,212.51,66303.12
1846,11,14.0,21,IT,2024-12-14,2024-12-14,2025-01-04,58,139.22,8074.76
1847,30,,35,Operations,2025-10-27,2025-11-03,2025-12-04,449,72.82,32696.18
1848,18,21.0,35,Manufacturing,2024-10-30,2024-11-03,2024-11-13,288,56.78,16352.64
1849,22,30.0,26,Manufacturing,2025-12-11,2025-12-11,2025-12-31,381,125.63,47865.03
1850,5,7.0,22,Operations,2024-02-18,2024-02-18,2024-03-17,97,271.44,26329.68
1851,19,23.0,1,Manufacturing,2025-06-13,2025-06-19,2025-07-06,39,292.56,11409.84
1852,28,40.0,11,Operations,2025-03-02,2025-03-08,2025-04-09,415,1421.58,589955.7
1853,34,50.0,29,Manufacturing,2024-06-16,2024-06-24,2024-07-29,307,305.03,93644.21
1854,29,42.0,22,IT,2024-06-12,2024-06-15,2024-07-26,383,290.2,111146.6
1855,30,,9,Operations,2025-06-03,2025-06-09,2025-06-25,314,51.39,16136.46
1856,3,4.0,28,IT,2025-04-07,2025-04-10,2025-05-24,156,152.62,23808.72
1857,38,,60,Marketing,2025-03-20,2025-03-22,2025-04-05,163,33.6,5476.8
1858,18,,2,Finance,2024-01-30,2024-02-07,2024-02-15,316,80.39,25403.24
1859,33,49.0,48,IT,2025-03-03,2025-03-12,2025-04-22,164,52.25,8569.0
1860,2,,6,IT,2025-12-15,2025-12-17,2026-01-08,231,42.02,9706.62
1861,29,44.0,46,Manufacturing,2024-01-05,2024-01-13,2024-01-24,42,928.5,38997.0
1862,21,26.0,23,Marketing,2024-12-04,2024-12-08,2024-12-23,152,126.06,19161.12
1863,20,,27,R&D,2024-12-20,2024-12-26,2025-02-03,305,30.4,9272.0
1864,1,1.0,49,Manufacturing,2025-10-15,2025-10-16,2025-10-28,374,166.68,62338.32
1865,5,7.0,53,R&D,2024-07-25,2024-07-25,2024-08-25,338,6.22,2102.36
1866,17,,30,R&D,2024-12-09,2024-12-13,2025-01-11,107,67.99,7274.93
1867,35,51.0,53,Manufacturing,2025-06-05,2025-06-07,2025-07-02,268,6.62,1774.16
1868,20,,39,Operations,2024-02-07,2024-02-14,2024-03-24,180,548.65,98757.0
1869,24,34.0,12,Marketing,2025-07-30,2025-08-07,2025-08-30,144,355.58,51203.52
1870,14,,4,Marketing,2025-08-21,2025-08-23,2025-09-20,207,24.75,5123.25
1871,30,46.0,15,IT,2025-06-01,2025-06-09,2025-06-21,258,806.55,208089.9
1872,7,10.0,20,IT,2025-04-18,2025-04-18,2025-04-26,222,69.28,15380.16
1873,40,,37,IT,2025-06-20,2025-06-29,2025-07-09,425,309.79,131660.75
1874,25,,59,Operations,2025-07-23,2025-07-24,2025-08-15,451,159.33,71857.83
1875,25,36.0,53,Marketing,2025-10-19,2025-10-21,2025-11-10,116,6.02,698.32
1876,31,47.0,20,Finance,2024-11-04,2024-11-08,2024-11-29,101,66.07,6673.07
1877,13,17.0,53,Manufacturing,2024-11-22,2024-11-28,2024-12-26,306,6.51,1992.06
1878,19,22.0,28,Manufacturing,2025-04-01,2025-04-10,2025-05-12,465,147.67,68666.55
1879,1,1.0,49,Operations,2024-05-13,2024-05-20,2024-06-13,488,188.44,91958.72
1880,19,24.0,27,Marketing,2025-09-08,2025-09-17,2025-10-25,239,21.15,5054.85
1881,22,30.0,27,IT,2025-07-13,2025-07-16,2025-08-09,139,23.18,3222.02
1882,23,32.0,39,Operations,2025-04-03,2025-04-05,2025-04-29,276,438.6,121053.6
1883,34,50.0,2,Operations,2024-08-07,2024-08-08,2024-09-09,449,82.28,36943.72
1884,25,,46,Marketing,2024-09-05,2024-09-10,2024-10-16,343,789.71,270870.53
1885,32,48.0,10,IT,2024-11-10,2024-11-13,2024-12-06,22,27.27,599.94
1886,34,50.0,2,Manufacturing,2025-04-20,2025-04-28,2025-05-05,279,75.83,21156.57
1887,32,48.0,10,Marketing,2025-07-13,2025-07-21,2025-08-26,372,26.95,10025.4
1888,28,39.0,16,IT,2025-04-30,2025-05-05,2025-05-29,344,52.6,18094.4
1889,35,53.0,4,R&D,2025-11-05,2025-11-09,2025-12-15,42,27.31,1147.02
1890,36,,18,Marketing,2025-11-26,2025-12-02,2026-01-13,104,220.65,22947.6
1891,40,,18,Operations,2025-05-20,2025-05-29,2025-06-20,288,265.24,76389.12
1892,24,35.0,55,Operations,2024-09-27,2024-09-27,2024-10-27,451,7.51,3387.01
1893,11,14.0,51,Marketing,2025-03-07,2025-03-13,2025-04-08,486,40.71,19785.06
1894,23,32.0,10,Finance,2024-11-04,2024-11-06,2024-12-01,339,25.94,8793.66
1895,11,14.0,51,Manufacturing,2025-03-28,2025-04-04,2025-04-11,89,43.65,3884.85
1896,33,49.0,16,IT,2025-08-09,2025-08-15,2025-09-27,497,55.92,27792.24
1897,28,39.0,20,Marketing,2024-09-26,2024-09-26,2024-11-08,94,70.66,6642.04
1898,18,21.0,27,IT,2024-12-26,2025-01-04,2025-02-03,224,21.48,4811.52
1899,3,4.0,23,R&D,2024-01-27,2024-02-03,2024-03-15,309,131.46,40621.14
1900,14,,4,Operations,2025-06-15,2025-06-21,2025-07-05,252,25.17,6342.84
1901,21,27.0,20,Finance,2024-12-21,2024-12-23,2025-02-02,269,65.09,17509.21
1902,16,,1,R&D,2024-11-28,2024-12-01,2024-12-08,494,321.29,158717.26
1903,21,28.0,44,Manufacturing,2025-01-17,2025-01-23,2025-03-03,459,228.69,104968.71
1904,22,29.0,28,R&D,2024-06-04,2024-06-06,2024-07-09,448,155.84,69816.32
1905,16,,30,IT,2025-03-09,2025-03-12,2025-04-20,268,63.96,17141.28
1906,39,,37,Marketing,2025-06-18,2025-06-27,2025-08-09,356,299.92,106771.52
1907,40,,38,Finance,2024-09-05,2024-09-12,2024-09-28,256,30.98,7930.88
1908,8,,20,R&D,2024-04-02,2024-04-05,2024-04-29,347,66.95,23231.65
1909,40,,18,Finance,2024-10-09,2024-10-09,2024-11-14,337,264.93,89281.41
1910,23,32.0,10,Operations,2024-05-24,2024-05-24,2024-06-17,222,24.55,5450.1
1911,19,24.0,35,Operations,2024-09-27,2024-09-29,2024-10-07,205,57.25,11736.25
1912,4,5.0,26,R&D,2025-03-31,2025-04-02,2025-04-14,73,157.12,11469.76
1913,6,8.0,57,IT,2024-03-14,2024-03-23,2024-04-08,351,142.12,49884.12
1914,7,11.0,37,R&D,2025-06-25,2025-06-29,2025-08-04,435,291.7,126889.5
1915,9,,46,Operations,2024-06-06,2024-06-12,2024-06-25,189,997.8,188584.2
1916,23,33.0,22,Operations,2025-10-07,2025-10-15,2025-11-20,262,315.28,82603.36
1917,22,30.0,26,Manufacturing,2025-06-18,2025-06-18,2025-07-15,393,119.59,46998.87
1918,29,43.0,13,Finance,2024-07-17,2024-07-17,2024-08-08,248,9.8,2430.4
1919,10,13.0,46,Marketing,2025-02-12,2025-02-15,2025-03-18,134,691.43,92651.62
1920,39,,37,IT,2024-03-20,2024-03-21,2024-03-28,368,314.02,115559.36
1921,25,,52,Manufacturing,2024-03-09,2024-03-13,2024-04-23,329,480.0,157920.0
1922,22,31.0,7,IT,2025-11-22,2025-11-28,2026-01-05,178,14.02,2495.56
1923,29,42.0,53,Operations,2025-08-07,2025-08-08,2025-09-10,116,5.32,617.12
1924,23,33.0,53,Operations,2024-04-13,2024-04-22,2024-05-08,241,6.33,1525.53
1925,27,,48,Marketing,2024-07-17,2024-07-25,2024-09-02,153,48.78,7463.34
1926,33,49.0,16,Finance,2024-05-19,2024-05-24,2024-06-20,341,58.64,19996.24
1927,17,,3,Operations,2024-10-15,2024-10-15,2024-10-23,88,90.67,7978.96
1928,29,44.0,2,Manufacturing,2024-07-28,2024-07-31,2024-09-10,404,73.22,29580.88
1929,11,14.0,51,R&D,2024-08-25,2024-08-27,2024-10-03,360,43.75,15750.0
1930,33,49.0,13,Operations,2025-01-13,2025-01-21,2025-02-03,363,10.81,3924.03
1931,4,,58,IT,2024-05-13,2024-05-18,2024-06-13,316,276.3,87310.8
1932,21,27.0,13,IT,2025-09-28,2025-10-06,2025-10-28,389,11.45,4454.05
1933,26,37.0,30,Finance,2025-06-13,2025-06-15,2025-06-30,390,46.29,18053.1
1934,6,8.0,32,Manufacturing,2025-07-05,2025-07-09,2025-07-25,345,64.94,22404.3
1935,8,,20,Marketing,2024-04-24,2024-05-03,2024-06-15,291,65.1,18944.1
1936,34,50.0,46,IT,2025-05-23,2025-05-31,2025-07-14,219,873.35,191263.65
1937,10,13.0,52,Manufacturing,2025-08-30,2025-09-02,2025-09-26,46,321.93,14808.78
1938,9,,42,IT,2024-04-30,2024-05-07,2024-05-26,438,78.33,34308.54
1939,2,3.0,18,Operations,2025-07-01,2025-07-02,2025-08-14,467,243.11,113532.37
1940,18,,29,Manufacturing,2024-09-16,2024-09-18,2024-10-02,441,270.52,119299.32
1941,19,23.0,56,Operations,2025-07-26,2025-07-28,2025-08-15,98,14.21,1392.58
1942,39,,37,Marketing,2024-12-08,2024-12-15,2025-01-17,225,283.96,63891.0
1943,32,48.0,35,Operations,2025-08-03,2025-08-08,2025-08-21,344,59.12,20337.28
1944,35,53.0,31,Manufacturing,2024-04-11,2024-04-17,2024-05-17,314,107.58,33780.12
1945,1,1.0,34,Marketing,2024-10-09,2024-10-11,2024-11-11,30,112.64,3379.2
1946,33,49.0,16,Marketing,2024-07-18,2024-07-18,2024-08-27,423,63.2,26733.6
1947,37,,60,Finance,2024-06-22,2024-06-30,2024-08-05,298,40.72,12134.56
1948,34,50.0,46,Operations,2024-08-04,2024-08-13,2024-09-07,260,825.32,214583.2
1949,15,18.0,33,Operations,2024-10-03,2024-10-06,2024-10-29,118,586.61,69219.98
1950,9,12.0,16,Operations,2024-03-31,2024-04-02,2024-04-14,382,61.78,23599.96
1951,33,49.0,16,Marketing,2025-05-27,2025-05-31,2025-06-19,353,53.95,19044.35
1952,2,,3,R&D,2025-01-27,2025-02-05,2025-03-07,272,68.84,18724.48
1953,8,,48,R&D,2025-08-22,2025-08-28,2025-09-07,400,47.41,18964.0
1954,1,1.0,41,Finance,2025-05-29,2025-05-29,2025-07-03,229,649.16,148657.64
1955,30,46.0,40,IT,2024-04-14,2024-04-18,2024-05-17,57,375.44,21400.08
1956,5,7.0,22,Finance,2024-02-17,2024-02-21,2024-03-18,408,318.74,130045.92
1957,22,31.0,44,Finance,2024-11-02,2024-11-04,2024-12-12,349,227.53,79407.97
1958,10,13.0,46,Marketing,2024-12-10,2024-12-17,2025-01-26,296,824.23,243972.08
1959,19,22.0,28,IT,2024-06-22,2024-06-24,2024-07-24,64,152.42,9754.88
1960,13,17.0,53,Manufacturing,2025-07-19,2025-07-25,2025-08-05,425,6.55,2783.75
1961,21,27.0,13,Manufacturing,2025-02-27,2025-02-28,2025-04-03,98,11.43,1120.14
1962,27,,22,Operations,2025-06-25,2025-06-30,2025-07-31,231,348.26,80448.06
1963,35,53.0,24,IT,2024-03-16,2024-03-20,2024-04-27,96,39.78,3818.88
1964,17,,30,Manufacturing,2025-08-16,2025-08-18,2025-09-18,385,57.69,22210.65
1965,9,12.0,13,Manufacturing,2024-05-26,2024-05-30,2024-06-16,358,10.54,3773.32
1966,16,,40,Manufacturing,2024-11-14,2024-11-23,2024-11-30,362,498.94,180616.28
1967,37,,60,Marketing,2024-11-09,2024-11-16,2024-12-11,264,41.63,10990.32
1968,31,,11,IT,2025-08-17,2025-08-22,2025-09-07,244,1716.78,418894.32
1969,9,12.0,48,Marketing,2024-07-18,2024-07-21,2024-08-22,195,51.83,10106.85
1970,9,,2,Operations,2024-06-19,2024-06-24,2024-08-01,423,68.23,28861.29
1971,3,,36,IT,2024-08-31,2024-09-04,2024-10-10,218,912.82,198994.76
1972,8,,48,Marketing,2024-09-17,2024-09-20,2024-11-03,343,49.26,16896.18
1973,13,17.0,22,Operations,2024-05-06,2024-05-12,2024-06-08,421,319.73,134606.33
1974,21,28.0,51,IT,2024-04-29,2024-05-08,2024-06-20,346,41.22,14262.12
1975,26,37.0,56,Marketing,2024-06-11,2024-06-17,2024-07-15,132,12.74,1681.68
1976,38,,21,IT,2024-11-29,2024-12-07,2024-12-22,26,149.66,3891.16
1977,8,,48,Manufacturing,2024-09-03,2024-09-07,2024-10-11,83,56.23,4667.09
1978,32,48.0,35,R&D,2024-10-05,2024-10-13,2024-11-04,374,58.9,22028.6
1979,37,,59,Finance,2025-06-04,2025-06-08,2025-07-07,137,140.45,19241.65
1980,8,,20,Manufacturing,2024-06-15,2024-06-24,2024-07-28,371,87.33,32399.43
1981,7,10.0,16,Finance,2025-10-25,2025-10-26,2025-11-12,409,69.04,28237.36
1982,25,,42,R&D,2025-06-29,2025-07-02,2025-07-30,395,60.91,24059.45
1983,4,,14,Operations,2024-04-28,2024-05-07,2024-05-16,59,24.78,1462.02
1984,26,37.0,1,Marketing,2024-08-12,2024-08-17,2024-09-08,279,270.08,75352.32
1985,25,,59,Finance,2024-05-08,2024-05-13,2024-05-28,319,122.84,39185.96
1986,28,40.0,1,Marketing,2024-07-13,2024-07-18,2024-07-26,354,308.1,109067.4
1987,19,23.0,15,R&D,2024-09-23,2024-09-23,2024-10-27,69,920.76,63532.44
1988,4,5.0,39,Marketing,2024-03-27,2024-04-05,2024-04-18,99,424.24,41999.76
1989,8,,16,R&D,2024-01-09,2024-01-11,2024-02-10,348,68.97,24001.56
1990,7,11.0,37,Manufacturing,2024-11-16,2024-11-16,2024-12-21,235,267.59,62883.65
1991,8,,16,Manufacturing,2025-05-20,2025-05-26,2025-06-14,51,69.89,3564.39
1992,39,,15,R&D,2024-08-02,2024-08-09,2024-09-20,365,779.1,284371.5
1993,38,,57,Manufacturing,2025-09-14,2025-09-20,2025-10-26,404,141.44,57141.76
1994,14,,55,Operations,2024-09-17,2024-09-26,2024-10-17,36,9.22,331.92
1995,1,1.0,34,Manufacturing,2025-10-14,2025-10-19,2025-11-04,216,102.1,22053.6
1996,24,34.0,41,Marketing,2024-06-19,2024-06-21,2024-07-08,129,769.65,99284.85
1997,1,1.0,34,IT,2025-01-27,2025-01-28,2025-02-22,271,106.46,28850.66
1998,12,,23,R&D,2025-07-07,2025-07-11,2025-08-07,359,136.41,48971.19
1999,12,16.0,6,Marketing,2024-02-13,2024-02-13,2024-03-20,486,35.56,17282.16
2000,21,28.0,44,Finance,2025-11-04,2025-11-09,2025-11-25,314,266.06,83542.84
2001,6,8.0,60,Operations,2024-09-22,2024-09-23,2024-10-12,69,31.57,2178.33
2002,13,17.0,53,IT,2024-12-21,2024-12-29,2025-02-01,432,6.42,2773.44
2003,20,25.0,53,IT,2025-03-27,2025-04-03,2025-05-12,79,6.11,482.69
2004,17,,40,Finance,2025-04-14,2025-04-14,2025-04-30,373,381.32,142232.36
2005,21,27.0,16,R&D,2024-01-12,2024-01-18,2024-02-07,156,63.85,9960.6
2006,3,4.0,28,R&D,2025-09-16,2025-09-25,2025-10-08,273,143.83,39265.59
2007,5,7.0,53,Manufacturing,2025-03-22,2025-03-31,2025-04-16,117,5.67,663.39
2008,13,17.0,22,Finance,2025-12-23,2025-12-30,2026-02-05,473,292.62,138409.26
2009,23,33.0,53,Finance,2024-12-05,2024-12-10,2025-01-22,329,6.03,1983.87
2010,32,48.0,35,Operations,2025-03-14,2025-03-23,2025-04-21,312,58.33,18198.96
2011,9,12.0,13,Operations,2024-11-09,2024-11-17,2024-12-18,76,11.29,858.04
2012,5,7.0,53,Marketing,2025-10-05,2025-10-11,2025-10-24,196,5.47,1072.12
2013,24,35.0,31,Marketing,2025-08-22,2025-08-30,2025-09-11,136,94.45,12845.2
2014,14,,55,Finance,2025-10-18,2025-10-25,2025-12-04,200,8.53,1706.0
2015,1,1.0,12,Manufacturing,2024-12-27,2025-01-03,2025-02-14,194,328.32,63694.08
2016,2,2.0,28,IT,2025-07-22,2025-07-31,2025-08-27,232,155.13,35990.16
2017,37,,59,IT,2024-09-09,2024-09-18,2024-10-18,411,158.6,65184.6
2018,18,21.0,26,IT,2024-11-23,2024-12-02,2025-01-13,348,132.74,46193.52
2019,26,37.0,1,Finance,2025-06-30,2025-07-08,2025-08-20,56,318.45,17833.2
2020,20,25.0,53,Finance,2024-02-25,2024-02-29,2024-03-19,116,6.66,772.56
2021,27,,16,Manufacturing,2025-05-26,2025-06-02,2025-06-29,351,70.02,24577.02
2022,39,,40,Manufacturing,2024-01-03,2024-01-12,2024-02-03,208,433.11,90086.88
2023,13,17.0,53,IT,2025-02-19,2025-02-27,2025-04-12,206,6.59,1357.54
2024,8,,16,IT,2024-12-12,2024-12-14,2025-01-25,117,63.82,7466.94
2025,38,,60,IT,2024-12-03,2024-12-08,2025-01-17,143,33.6,4804.8
2026,14,,31,R&D,2024-12-25,2024-12-26,2025-02-05,118,116.98,13803.64
2027,15,19.0,6,Operations,2024-12-23,2024-12-25,2025-01-21,308,31.94,9837.52
2028,10,13.0,42,Manufacturing,2024-10-19,2024-10-24,2024-11-15,425,55.84,23732.0
2029,15,19.0,11,Finance,2024-11-25,2024-11-25,2024-12-22,89,1233.41,109773.49
2030,34,50.0,2,Finance,2025-02-11,2025-02-18,2025-03-30,118,72.87,8598.66
2031,10,13.0,2,Marketing,2025-07-07,2025-07-11,2025-08-17,297,65.41,19426.77
2032,15,18.0,17,Operations,2025-01-30,2025-02-07,2025-03-07,427,775.47,331125.69
2033,27,,20,Marketing,2025-04-12,2025-04-14,2025-05-12,343,90.55,31058.65
2034,39,,30,IT,2025-09-01,2025-09-02,2025-09-30,221,61.79,13655.59
2035,6,9.0,22,Operations,2025-12-18,2025-12-23,2026-01-08,330,346.26,114265.8
2036,19,22.0,23,R&D,2024-03-12,2024-03-20,2024-03-31,469,123.97,58141.93
2037,25,36.0,22,Finance,2025-05-27,2025-06-04,2025-07-01,74,341.71,25286.54
2038,3,,49,IT,2024-06-08,2024-06-13,2024-06-26,280,213.78,59858.4
2039,12,16.0,1,R&D,2024-05-23,2024-05-23,2024-06-27,46,307.6,14149.6
2040,8,,48,IT,2025-07-25,2025-08-01,2025-09-10,335,61.0,20435.0
2041,1,1.0,14,IT,2024-02-14,2024-02-20,2024-03-03,39,16.95,661.05
2042,25,,29,Manufacturing,2025-09-06,2025-09-10,2025-10-21,372,285.66,106265.52
2043,31,,6,IT,2025-07-12,2025-07-16,2025-07-26,33,42.71,1409.43
2044,28,40.0,3,Manufacturing,2025-12-25,2025-12-27,2026-01-16,118,70.41,8308.38
2045,37,,32,Operations,2025-04-28,2025-05-02,2025-06-01,199,72.39,14405.61
2046,1,1.0,12,Marketing,2025-09-28,2025-09-29,2025-10-21,170,343.88,58459.6
2047,26,37.0,1,Manufacturing,2024-03-24,2024-03-27,2024-05-05,264,271.29,71620.56
2048,38,,51,Operations,2025-10-04,2025-10-11,2025-11-24,346,48.11,16646.06
2049,22,30.0,39,Operations,2024-04-19,2024-04-27,2024-06-10,94,380.32,35750.08
2050,8,,16,Marketing,2024-08-13,2024-08-17,2024-09-15,337,74.65,25157.05
2051,30,45.0,52,Operations,2024-03-30,2024-04-03,2024-04-11,462,325.16,150223.92
2052,24,34.0,49,Operations,2024-10-14,2024-10-20,2024-11-30,221,177.31,39185.51
2053,38,,7,Finance,2025-06-30,2025-06-30,2025-08-09,310,18.66,5784.6
2054,38,,21,IT,2024-07-12,2024-07-14,2024-08-07,396,149.85,59340.6
2055,19,22.0,28,IT,2025-08-17,2025-08-23,2025-09-03,377,145.34,54793.18
2056,2,2.0,28,Manufacturing,2025-03-14,2025-03-18,2025-04-30,187,145.97,27296.39
2057,6,9.0,22,Operations,2025-04-04,2025-04-04,2025-05-01,167,354.62,59221.54
2058,38,,57,Manufacturing,2025-11-07,2025-11-16,2025-11-28,183,145.91,26701.53
2059,36,54.0,34,R&D,2024-11-02,2024-11-11,2024-11-27,151,108.47,16378.97
2060,12,16.0,15,Operations,2024-08-30,2024-09-08,2024-09-23,465,911.58,423884.7
2061,6,9.0,53,R&D,2025-12-27,2025-12-27,2026-01-09,387,6.23,2411.01
2062,37,,59,Manufacturing,2025-02-10,2025-02-10,2025-02-17,364,145.55,52980.2
2063,12,,23,Marketing,2025-03-23,2025-03-24,2025-04-08,63,126.54,7972.02
2064,6,9.0,22,Operations,2024-08-01,2024-08-04,2024-08-19,372,307.27,114304.44
2065,31,,3,Marketing,2024-06-06,2024-06-06,2024-06-21,439,89.98,39501.22
2066,30,45.0,2,R&D,2024-05-02,2024-05-03,2024-06-06,158,65.07,10281.06
2067,8,,13,Manufacturing,2024-06-04,2024-06-12,2024-07-20,14,12.72,178.08
2068,21,26.0,28,Operations,2024-05-16,2024-05-22,2024-05-31,175,155.93,27287.75
2069,23,33.0,53,Operations,2025-06-20,2025-06-29,2025-07-18,258,5.94,1532.52
2070,30,,10,R&D,2024-02-04,2024-02-12,2024-03-12,105,33.07,3472.35
2071,2,,11,R&D,2025-03-29,2025-04-04,2025-04-30,42,1647.75,69205.5
2072,37,,5,Marketing,2025-11-14,2025-11-23,2025-12-20,118,133.27,15725.86
2073,23,32.0,26,Marketing,2025-07-05,2025-07-12,2025-08-13,161,129.76,20891.36
2074,29,43.0,20,IT,2024-10-15,2024-10-21,2024-11-06,95,58.87,5592.65
2075,11,,23,Operations,2024-02-11,2024-02-13,2024-02-24,426,169.0,71994.0
2076,8,,13,Marketing,2025-08-27,2025-08-31,2025-09-13,12,10.41,124.92
2077,37,,59,Marketing,2023-12-25,2024-01-03,2024-01-14,132,150.63,19883.16
2078,7,11.0,17,Manufacturing,2025-05-09,2025-05-12,2025-05-24,469,703.9,330129.1
2079,33,49.0,20,Operations,2025-04-30,2025-05-04,2025-05-30,412,66.23,27286.76
2080,16,,15,Manufacturing,2024-05-14,2024-05-20,2024-06-25,245,762.46,186802.7
2081,12,16.0,56,Operations,2025-06-16,2025-06-24,2025-07-28,112,13.74,1538.88
2082,16,20.0,21,Finance,2024-05-08,2024-05-08,2024-06-05,36,139.37,5017.32
2083,7,11.0,17,Operations,2024-06-04,2024-06-13,2024-07-06,29,778.53,22577.37
2084,14,,31,Manufacturing,2025-08-14,2025-08-15,2025-09-21,429,92.2,39553.8
2085,20,25.0,22,Finance,2025-12-09,2025-12-15,2025-12-27,236,340.52,80362.72
2086,13,17.0,22,Marketing,2024-07-08,2024-07-12,2024-08-22,269,306.51,82451.19
2087,33,49.0,48,Operations,2025-10-27,2025-11-03,2025-12-09,107,46.06,4928.42
2088,40,,18,Manufacturing,2025-10-28,2025-10-28,2025-12-07,183,229.52,42002.16
2089,35,51.0,22,Marketing,2025-07-08,2025-07-15,2025-08-24,239,328.11,78418.29
2090,24,34.0,14,Marketing,2024-04-12,2024-04-12,2024-05-21,284,17.53,4978.52
2091,6,8.0,8,R&D,2024-08-03,2024-08-06,2024-08-25,393,355.77,139817.61
2092,38,,7,IT,2025-05-06,2025-05-09,2025-05-18,450,15.42,6939.0
2093,26,37.0,56,R&D,2025-12-28,2025-12-30,2026-01-21,432,12.31,5317.92
2094,34,50.0,2,Manufacturing,2025-08-13,2025-08-17,2025-09-12,342,81.44,27852.48
2095,38,,50,Finance,2024-10-30,2024-11-02,2024-12-15,397,96.26,38215.22
2096,26,37.0,40,Finance,2024-06-18,2024-06-20,2024-07-07,187,386.59,72292.33
2097,15,19.0,30,Operations,2025-11-27,2025-12-02,2026-01-10,495,46.87,23200.65
2098,29,44.0,2,IT,2024-07-13,2024-07-20,2024-08-04,255,81.86,20874.3
2099,15,19.0,15,Marketing,2024-09-05,2024-09-06,2024-10-12,133,799.42,106322.86
2100,23,32.0,27,Finance,2025-11-27,2025-12-05,2025-12-18,121,21.02,2543.42
2101,6,8.0,57,Manufacturing,2025-02-10,2025-02-14,2025-02-27,440,140.13,61657.2
2102,19,22.0,28,Operations,2024-07-09,2024-07-12,2024-07-26,349,131.39,45855.11
2103,38,,44,Marketing,2024-01-01,2024-01-04,2024-02-13,260,241.84,62878.4
2104,30,46.0,6,Manufacturing,2024-11-09,2024-11-09,2024-12-12,252,30.38,7655.76
2105,10,13.0,46,Finance,2025-12-11,2025-12-20,2026-01-19,464,820.81,380855.84
2106,28,41.0,46,R&D,2024-11-06,2024-11-11,2024-11-19,68,671.44,45657.92
2107,40,,37,Marketing,2025-05-16,2025-05-25,2025-06-09,242,286.41,69311.22
2108,22,29.0,23,Marketing,2024-07-01,2024-07-03,2024-08-05,415,126.43,52468.45
2109,20,25.0,22,Manufacturing,2025-07-20,2025-07-20,2025-08-07,483,316.3,152772.9
2110,23,33.0,53,IT,2025-07-16,2025-07-20,2025-08-01,30,5.34,160.2
2111,17,,6,R&D,2025-03-16,2025-03-20,2025-05-01,171,36.64,6265.44
2112,13,17.0,53,Finance,2025-07-08,2025-07-17,2025-08-10,314,6.49,2037.86
2113,36,54.0,36,R&D,2025-02-20,2025-02-26,2025-03-23,94,714.31,67145.14
2114,29,43.0,20,IT,2024-10-01,2024-10-03,2024-10-16,369,68.71,25353.99
2115,29,42.0,22,Manufacturing,2025-06-13,2025-06-22,2025-07-30,42,264.64,11114.88
2116,1,1.0,12,R&D,2025-08-29,2025-09-01,2025-09-10,150,327.07,49060.5
2117,3,4.0,28,IT,2025-09-02,2025-09-05,2025-10-02,169,154.34,26083.46
2118,19,22.0,28,IT,2024-06-03,2024-06-04,2024-07-06,92,150.48,13844.16
2119,14,,24,Operations,2025-05-05,2025-05-08,2025-06-12,354,41.83,14807.82
2120,34,50.0,2,R&D,2023-12-27,2024-01-04,2024-02-14,420,82.59,34687.8
2121,22,30.0,26,Marketing,2025-02-12,2025-02-21,2025-03-29,495,143.69,71126.55
2122,6,8.0,21,IT,2025-02-19,2025-02-20,2025-04-03,213,120.21,25604.73
2123,12,,23,Manufacturing,2024-09-22,2024-09-22,2024-10-06,31,155.24,4812.44
2124,13,17.0,22,Finance,2025-12-25,2025-12-26,2026-01-23,58,341.41,19801.78
2125,27,,48,IT,2025-09-29,2025-10-06,2025-11-11,409,54.57,22319.13
2126,28,41.0,2,Manufacturing,2024-01-24,2024-01-29,2024-02-29,464,62.74,29111.36
2127,8,,16,Manufacturing,2024-05-30,2024-06-01,2024-07-09,465,70.12,32605.8
2128,6,8.0,51,IT,2024-05-23,2024-05-31,2024-06-13,27,37.0,999.0
2129,16,,6,IT,2025-10-12,2025-10-17,2025-11-11,175,36.95,6466.25
2130,26,37.0,15,R&D,2025-01-10,2025-01-13,2025-02-01,38,855.21,32497.98
2131,35,51.0,22,IT,2025-06-16,2025-06-16,2025-07-11,22,310.84,6838.48
2132,39,,33,Finance,2025-08-10,2025-08-14,2025-09-10,177,637.07,112761.39
2133,21,28.0,57,IT,2025-07-11,2025-07-14,2025-08-13,377,140.67,53032.59
2134,4,6.0,47,Manufacturing,2024-03-06,2024-03-06,2024-04-16,339,12.69,4301.91
2135,23,32.0,26,Operations,2024-04-08,2024-04-12,2024-05-12,151,144.03,21748.53
2136,7,10.0,48,Operations,2024-10-08,2024-10-15,2024-11-04,104,52.55,5465.2
2137,25,,29,Manufacturing,2024-09-01,2024-09-04,2024-10-11,29,288.63,8370.27
2138,35,51.0,22,Finance,2025-06-22,2025-06-29,2025-07-11,486,294.98,143360.28
2139,7,11.0,17,IT,2024-04-16,2024-04-24,2024-05-18,315,783.2,246708.0
2140,16,20.0,21,Finance,2024-09-21,2024-09-28,2024-10-24,47,122.05,5736.35
2141,28,41.0,2,Operations,2024-06-19,2024-06-21,2024-07-31,61,70.9,4324.9
2142,35,53.0,31,IT,2024-05-13,2024-05-17,2024-06-19,424,94.44,40042.56
2143,28,39.0,48,Operations,2024-04-27,2024-05-06,2024-05-29,203,48.72,9890.16
2144,32,48.0,27,Operations,2024-05-17,2024-05-22,2024-06-28,310,24.19,7498.9
2145,29,42.0,53,Marketing,2025-02-11,2025-02-15,2025-03-28,431,4.96,2137.76
2146,35,53.0,25,Manufacturing,2024-10-17,2024-10-26,2024-11-24,92,92.17,8479.64
2147,18,21.0,9,IT,2024-11-10,2024-11-13,2024-12-12,221,42.58,9410.18
2148,32,48.0,27,Finance,2024-12-10,2024-12-15,2025-01-15,36,23.89,860.04
2149,4,5.0,10,Manufacturing,2025-06-24,2025-06-24,2025-07-31,421,28.99,12204.79
2150,1,1.0,58,Marketing,2025-09-16,2025-09-21,2025-10-20,267,232.77,62149.59
2151,35,51.0,53,R&D,2025-01-19,2025-01-19,2025-01-28,61,6.42,391.62
2152,20,25.0,53,Operations,2025-04-07,2025-04-13,2025-05-20,323,5.7,1841.1
2153,38,,60,IT,2025-06-16,2025-06-23,2025-08-01,323,34.9,11272.7
2154,34,50.0,46,R&D,2025-05-13,2025-05-18,2025-06-09,145,829.55,120284.75
2155,34,50.0,46,Manufacturing,2024-04-04,2024-04-08,2024-05-06,453,913.03,413602.59
2156,6,9.0,22,R&D,2025-12-14,2025-12-18,2026-01-05,480,310.9,149232.0
2157,23,33.0,22,IT,2024-04-22,2024-04-30,2024-05-27,66,328.93,21709.38
2158,17,,56,IT,2024-10-21,2024-10-27,2024-11-19,367,13.07,4796.69
2159,18,,29,R&D,2025-04-17,2025-04-21,2025-05-06,417,319.67,133302.39
2160,18,,42,Manufacturing,2024-10-16,2024-10-21,2024-11-27,417,82.35,34339.95
2161,19,23.0,40,R&D,2024-06-24,2024-06-26,2024-07-23,282,411.23,115966.86
2162,24,35.0,25,Finance,2025-10-28,2025-11-05,2025-11-26,468,78.5,36738.0
2163,1,1.0,58,Manufacturing,2024-02-17,2024-02-22,2024-03-08,492,233.0,114636.0
2164,5,7.0,22,Finance,2024-06-26,2024-06-28,2024-07-13,166,295.42,49039.72
2165,30,46.0,1,IT,2025-12-16,2025-12-25,2026-01-15,177,278.09,49221.93
2166,10,13.0,2,Finance,2025-06-16,2025-06-16,2025-07-30,72,75.2,5414.4
2167,22,31.0,21,Marketing,2024-02-26,2024-03-04,2024-03-14,173,110.0,19030.0
2168,6,8.0,57,R&D,2025-07-04,2025-07-04,2025-08-05,48,125.43,6020.64
2169,5,7.0,53,IT,2025-12-06,2025-12-08,2025-12-18,430,5.99,2575.7
2170,14,,19,Marketing,2024-03-09,2024-03-12,2024-04-21,150,55.37,8305.5
2171,7,11.0,37,Operations,2024-10-23,2024-10-29,2024-11-23,471,263.05,123896.55
2172,9,,52,Manufacturing,2024-12-04,2024-12-07,2025-01-18,489,357.99,175057.11
2173,4,5.0,35,R&D,2024-04-05,2024-04-05,2024-05-01,113,63.79,7208.27
2174,8,,16,Operations,2024-05-19,2024-05-26,2024-06-21,89,64.75,5762.75
2175,37,,50,Operations,2024-05-04,2024-05-06,2024-06-18,194,122.69,23801.86
2176,7,10.0,20,R&D,2024-05-11,2024-05-15,2024-05-27,299,76.05,22738.95
2177,28,40.0,3,Finance,2024-10-18,2024-10-21,2024-11-09,207,71.37,14773.59
2178,37,,8,Marketing,2024-11-25,2024-12-04,2025-01-01,115,435.15,50042.25
2179,29,42.0,53,Marketing,2024-06-17,2024-06-22,2024-07-18,330,5.31,1752.3
2180,19,23.0,6,R&D,2024-07-30,2024-07-30,2024-08-21,35,36.67,1283.45
2181,11,,28,Finance,2024-05-12,2024-05-20,2024-06-22,320,191.38,61241.6
2182,24,34.0,14,Manufacturing,2025-07-29,2025-08-04,2025-08-17,322,18.62,5995.64
2183,14,,4,IT,2024-05-27,2024-06-03,2024-06-29,115,22.11,2542.65
2184,12,16.0,40,IT,2025-10-16,2025-10-24,2025-11-13,469,392.67,184162.23
2185,35,52.0,9,IT,2025-01-20,2025-01-28,2025-02-08,423,44.1,18654.3
2186,24,35.0,4,Marketing,2025-08-05,2025-08-08,2025-09-06,212,23.71,5026.52
2187,39,,48,R&D,2025-04-02,2025-04-09,2025-05-08,138,47.85,6603.3
2188,5,7.0,22,IT,2024-07-05,2024-07-13,2024-08-23,270,313.09,84534.3
2189,27,,13,Finance,2025-03-11,2025-03-14,2025-04-19,111,13.67,1517.37
2190,28,39.0,48,Manufacturing,2024-07-18,2024-07-19,2024-08-14,303,47.74,14465.22
2191,23,32.0,39,Finance,2024-03-21,2024-03-27,2024-05-07,36,428.34,15420.24
2192,1,1.0,36,Operations,2024-07-01,2024-07-04,2024-08-12,436,705.76,307711.36
2193,28,40.0,30,Manufacturing,2024-07-15,2024-07-20,2024-09-02,34,55.39,1883.26
2194,19,23.0,30,Operations,2024-04-03,2024-04-08,2024-04-30,33,53.11,1752.63
2195,27,,13,IT,2024-01-12,2024-01-18,2024-01-29,98,13.27,1300.46
2196,11,15.0,4,Finance,2025-11-14,2025-11-19,2025-11-30,120,23.83,2859.6
2197,10,13.0,29,R&D,2025-01-01,2025-01-09,2025-02-18,187,273.49,51142.63
2198,40,,38,IT,2024-10-15,2024-10-20,2024-11-27,496,27.77,13773.92
2199,30,45.0,42,R&D,2025-11-08,2025-11-09,2025-11-21,303,55.99,16964.97
2200,39,,48,Marketing,2024-06-06,2024-06-13,2024-07-13,489,45.99,22489.11
2201,29,44.0,42,R&D,2024-10-15,2024-10-21,2024-11-08,179,73.09,13083.11
2202,1,1.0,49,IT,2025-09-05,2025-09-10,2025-10-22,242,176.75,42773.5
2203,4,6.0,25,Marketing,2025-04-01,2025-04-06,2025-04-15,226,88.17,19926.42
2204,1,1.0,58,R&D,2024-10-18,2024-10-18,2024-11-21,194,209.66,40674.04
2205,33,49.0,16,Manufacturing,2024-07-01,2024-07-05,2024-07-20,288,59.67,17184.96
2206,16,,40,Operations,2024-01-23,2024-01-26,2024-02-02,474,392.97,186267.78
2207,38,,57,IT,2024-02-27,2024-03-03,2024-03-10,352,162.46,57185.92
2208,23,32.0,10,R&D,2024-04-28,2024-04-28,2024-06-03,84,23.79,1998.36
2209,2,3.0,37,Operations,2025-07-20,2025-07-28,2025-08-10,37,284.38,10522.06
2210,8,,16,IT,2025-04-07,2025-04-11,2025-05-13,91,60.94,5545.54
2211,24,34.0,34,Operations,2024-11-04,2024-11-12,2024-12-15,461,107.22,49428.42
2212,12,,23,Operations,2025-07-19,2025-07-25,2025-08-04,264,161.3,42583.2
2213,15,19.0,11,Finance,2024-04-19,2024-04-27,2024-05-21,443,1278.25,566264.75
2214,33,49.0,16,R&D,2024-05-29,2024-06-02,2024-06-19,325,60.5,19662.5
2215,25,,2,R&D,2024-10-13,2024-10-13,2024-11-18,33,82.56,2724.48
2216,13,17.0,22,R&D,2025-10-31,2025-10-31,2025-12-03,358,331.31,118608.98
2217,39,,3,Manufacturing,2025-03-23,2025-03-24,2025-04-23,54,69.56,3756.24
2218,10,13.0,42,R&D,2025-09-13,2025-09-13,2025-10-06,244,60.37,14730.28
2219,37,,7,Operations,2024-06-25,2024-06-30,2024-07-10,321,20.45,6564.45
2220,38,,60,Marketing,2025-09-02,2025-09-11,2025-10-23,321,41.07,13183.47
2221,21,27.0,20,Marketing,2024-02-14,2024-02-22,2024-03-29,180,68.37,12306.6
2222,30,45.0,52,R&D,2024-06-15,2024-06-15,2024-07-04,133,309.39,41148.87
2223,29,44.0,42,IT,2025-01-14,2025-01-16,2025-02-22,119,64.9,7723.1
2224,34,50.0,2,Finance,2024-01-31,2024-02-06,2024-03-01,476,80.34,38241.84
2225,24,34.0,12,Marketing,2025-09-11,2025-09-18,2025-10-08,365,359.84,131341.6
2226,19,23.0,15,Finance,2025-09-18,2025-09-25,2025-11-03,116,824.83,95680.28
2227,27,38.0,3,Marketing,2025-01-26,2025-01-30,2025-02-06,312,71.33,22254.96
2228,3,4.0,28,Operations,2024-08-04,2024-08-11,2024-08-24,33,141.89,4682.37
2229,17,,6,Marketing,2024-03-08,2024-03-13,2024-04-05,300,41.19,12357.0
2230,37,,32,Operations,2025-03-24,2025-03-27,2025-05-01,489,71.79,35105.31
2231,36,54.0,49,Manufacturing,2025-01-25,2025-01-27,2025-02-21,72,162.12,11672.64
2232,24,35.0,45,IT,2025-07-01,2025-07-08,2025-08-10,90,90.33,8129.7
2233,24,35.0,31,Manufacturing,2025-03-07,2025-03-15,2025-04-27,260,94.88,24668.8
2234,13,17.0,22,R&D,2024-04-01,2024-04-03,2024-04-20,494,319.19,157679.86
2235,22,31.0,50,Manufacturing,2024-03-23,2024-03-29,2024-04-06,208,97.5,20280.0
2236,21,26.0,28,R&D,2025-07-21,2025-07-24,2025-09-03,107,157.71,16874.97
2237,17,,3,Operations,2024-04-21,2024-04-26,2024-06-02,317,87.21,27645.57
2238,11,15.0,47,Finance,2025-11-12,2025-11-16,2025-12-30,352,12.76,4491.52
2239,29,44.0,52,IT,2024-03-09,2024-03-18,2024-04-07,400,361.17,144468.0
2240,36,55.0,16,R&D,2025-06-08,2025-06-15,2025-07-07,396,57.96,22952.16
2241,2,2.0,23,Marketing,2025-12-04,2025-12-12,2026-01-21,198,137.08,27141.84
2242,1,1.0,49,Operations,2024-11-14,2024-11-18,2024-12-08,381,196.18,74744.58
2243,6,9.0,22,R&D,2024-02-07,2024-02-11,2024-03-04,130,313.14,40708.2
2244,35,52.0,9,Marketing,2025-09-23,2025-10-01,2025-10-24,296,37.76,11176.96
2245,8,,16,Manufacturing,2024-05-07,2024-05-16,2024-06-08,177,74.33,13156.41
2246,7,11.0,18,Manufacturing,2025-01-12,2025-01-20,2025-02-17,380,251.76,95668.8
2247,6,8.0,21,Manufacturing,2025-12-17,2025-12-19,2026-01-10,97,117.4,11387.8
2248,10,13.0,29,Finance,2025-06-25,2025-06-27,2025-07-19,63,246.16,15508.08
2249,17,,11,Operations,2024-02-01,2024-02-03,2024-02-17,172,1448.55,249150.6
2250,27,,48,Manufacturing,2025-08-21,2025-08-21,2025-09-09,49,63.96,3134.04
2251,35,51.0,53,Marketing,2024-04-27,2024-04-27,2024-06-03,132,6.12,807.84
2252,21,28.0,7,IT,2025-06-29,2025-07-01,2025-07-09,106,16.79,1779.74
2253,26,37.0,1,Marketing,2025-03-26,2025-03-29,2025-04-24,102,272.71,27816.42
2254,33,49.0,20,Finance,2024-07-23,2024-07-29,2024-08-14,255,73.27,18683.85
2255,5,7.0,53,Manufacturing,2024-11-02,2024-11-05,2024-12-12,280,5.31,1486.8
2256,5,7.0,53,Marketing,2024-03-24,2024-03-27,2024-04-26,461,6.04,2784.44
2257,40,,38,R&D,2025-12-19,2025-12-21,2026-02-03,247,23.76,5868.72
2258,25,,8,Manufacturing,2024-06-20,2024-06-22,2024-07-02,384,500.67,192257.28
2259,10,13.0,29,Marketing,2024-08-04,2024-08-13,2024-09-17,447,236.3,105626.1
2260,34,50.0,46,Manufacturing,2024-12-30,2025-01-02,2025-01-21,499,781.83,390133.17
2261,28,40.0,6,IT,2025-04-26,2025-05-05,2025-05-22,181,32.67,5913.27
2262,40,,33,Marketing,2024-12-28,2025-01-03,2025-02-03,271,478.68,129722.28
2263,8,,48,IT,2024-12-31,2025-01-03,2025-02-01,105,54.62,5735.1
2264,11,14.0,21,Finance,2025-02-26,2025-03-01,2025-03-20,409,120.38,49235.42
2265,14,,54,IT,2025-09-13,2025-09-18,2025-10-31,293,181.21,53094.53
2266,23,33.0,22,Manufacturing,2024-10-12,2024-10-15,2024-10-24,320,333.28,106649.6
2267,17,,3,Marketing,2025-08-23,2025-08-30,2025-09-20,309,80.65,24920.85
2268,34,50.0,46,Manufacturing,2025-07-23,2025-07-28,2025-08-09,113,855.15,96631.95
2269,29,44.0,52,Finance,2025-11-30,2025-12-02,2025-12-22,385,388.0,149380.0
2270,14,,19,Operations,2025-10-28,2025-10-28,2025-11-08,32,64.72,2071.04
2271,12,,28,Marketing,2025-07-29,2025-08-05,2025-08-19,223,167.58,37370.34
2272,32,48.0,9,Finance,2024-06-20,2024-06-29,2024-08-11,328,38.84,12739.52
2273,38,,59,Manufacturing,2025-07-18,2025-07-19,2025-08-26,31,126.71,3928.01
2274,19,24.0,39,Manufacturing,2025-06-19,2025-06-21,2025-08-04,99,385.23,38137.77
2275,23,32.0,39,Manufacturing,2024-07-21,2024-07-30,2024-08-14,168,449.31,75484.08
2276,4,6.0,24,Manufacturing,2025-05-08,2025-05-09,2025-06-08,354,40.45,14319.3
2277,21,26.0,28,Marketing,2024-06-27,2024-07-03,2024-08-09,126,147.83,18626.58
2278,26,37.0,3,Marketing,2025-01-13,2025-01-16,2025-01-30,201,67.57,13581.57
2279,24,35.0,19,Manufacturing,2025-07-31,2025-08-04,2025-09-03,372,62.06,23086.32
2280,20,,35,Finance,2024-05-13,2024-05-17,2024-05-31,308,67.42,20765.36
2281,32,48.0,10,Manufacturing,2024-08-31,2024-09-02,2024-09-20,11,23.88,262.68
2282,33,49.0,20,R&D,2025-07-28,2025-08-03,2025-09-06,151,66.91,10103.41
2283,10,13.0,2,Operations,2024-11-26,2024-11-27,2024-12-18,170,67.91,11544.7
2284,1,1.0,36,Operations,2025-11-26,2025-12-02,2025-12-23,273,642.67,175448.91
2285,32,48.0,27,Finance,2023-12-28,2024-01-06,2024-01-20,411,26.63,10944.93
2286,32,48.0,35,Manufacturing,2025-06-04,2025-06-10,2025-07-11,436,54.46,23744.56
2287,39,,16,Finance,2025-08-17,2025-08-17,2025-09-23,109,60.6,6605.4
2288,18,,46,Operations,2025-10-28,2025-11-01,2025-11-08,414,990.43,410038.02
2289,32,48.0,39,Manufacturing,2024-04-21,2024-04-24,2024-06-05,430,451.82,194282.6
2290,21,27.0,13,Finance,2025-12-19,2025-12-19,2026-01-22,388,10.88,4221.44
2291,40,,33,Manufacturing,2024-10-08,2024-10-13,2024-11-05,449,482.3,216552.7
2292,23,32.0,9,Finance,2024-09-07,2024-09-13,2024-09-23,154,41.76,6431.04
2293,33,49.0,13,Manufacturing,2024-09-15,2024-09-16,2024-09-24,21,11.95,250.95
2294,7,11.0,33,Manufacturing,2025-04-08,2025-04-10,2025-04-19,249,585.44,145774.56
2295,22,30.0,10,R&D,2025-04-17,2025-04-26,2025-05-15,310,22.18,6875.8
2296,30,,35,Finance,2024-12-09,2024-12-11,2025-01-08,100,59.33,5933.0
2297,32,48.0,10,R&D,2024-02-21,2024-02-21,2024-04-01,391,25.54,9986.14
2298,12,16.0,1,Manufacturing,2025-12-18,2025-12-21,2026-01-21,465,336.75,156588.75
2299,7,11.0,17,R&D,2024-06-10,2024-06-11,2024-06-18,251,749.13,188031.63
2300,14,,47,Manufacturing,2024-03-05,2024-03-09,2024-04-09,151,13.0,1963.0
2301,9,,42,Manufacturing,2025-03-10,2025-03-12,2025-03-24,283,63.82,18061.06
2302,9,12.0,16,R&D,2024-10-23,2024-10-28,2024-11-25,427,62.46,26670.42
2303,38,,51,Manufacturing,2025-03-19,2025-03-25,2025-04-11,264,52.64,13896.96
2304,3,4.0,28,Manufacturing,2025-09-27,2025-10-01,2025-10-20,199,150.44,29937.56
2305,25,,29,IT,2024-03-03,2024-03-12,2024-04-20,208,329.72,68581.76
2306,26,37.0,6,Finance,2024-07-22,2024-07-26,2024-08-15,163,31.34,5108.42
2307,24,35.0,47,Manufacturing,2025-01-05,2025-01-12,2025-01-24,357,13.86,4948.02
2308,8,,48,Operations,2025-07-29,2025-07-29,2025-08-23,16,48.34,773.44
2309,12,16.0,11,Finance,2025-03-13,2025-03-14,2025-04-09,353,1383.87,488506.11
2310,6,8.0,51,IT,2024-10-06,2024-10-06,2024-11-12,452,42.95,19413.4
2311,14,,4,IT,2025-03-19,2025-03-21,2025-04-01,385,32.74,12604.9
2312,26,37.0,6,R&D,2025-12-14,2025-12-16,2026-01-23,413,31.85,13154.05
2313,27,,53,Marketing,2024-12-11,2024-12-16,2025-01-18,241,6.54,1576.14
2314,4,5.0,10,Finance,2025-10-06,2025-10-06,2025-11-15,382,25.03,9561.46
2315,19,22.0,28,Manufacturing,2025-07-16,2025-07-23,2025-08-25,425,155.95,66278.75
2316,25,,43,Marketing,2024-07-31,2024-08-07,2024-09-06,239,42.41,10135.99
2317,7,10.0,16,Marketing,2024-06-23,2024-07-01,2024-07-11,99,66.42,6575.58
2318,12,16.0,30,IT,2025-07-16,2025-07-16,2025-08-19,435,50.53,21980.55
2319,34,50.0,42,IT,2024-05-29,2024-05-31,2024-06-20,370,62.7,23199.0
2320,5,7.0,22,Finance,2024-08-24,2024-09-02,2024-09-25,270,309.22,83489.4
2321,3,,36,Marketing,2024-06-11,2024-06-20,2024-07-18,145,951.74,138002.3
2322,36,54.0,34,Finance,2025-03-17,2025-03-18,2025-04-23,63,103.72,6534.36
2323,17,,30,R&D,2024-08-02,2024-08-02,2024-09-05,280,61.96,17348.8
2324,31,47.0,48,Manufacturing,2025-04-21,2025-04-25,2025-06-08,464,52.66,24434.24
2325,18,21.0,26,Finance,2025-11-12,2025-11-13,2025-12-13,232,126.82,29422.24
2326,26,37.0,11,Finance,2025-08-24,2025-08-28,2025-09-09,194,1296.58,251536.52
2327,12,16.0,40,Finance,2025-11-17,2025-11-23,2025-12-13,186,403.76,75099.36
2328,23,32.0,35,Operations,2024-01-17,2024-01-18,2024-02-15,340,56.2,19108.0
2329,2,,1,Finance,2024-11-28,2024-11-28,2024-12-22,313,341.81,106986.53
2330,16,,1,Finance,2024-06-05,2024-06-09,2024-07-14,187,283.87,53083.69
2331,4,6.0,19,R&D,2025-10-24,2025-11-01,2025-11-13,256,59.23,15162.88
2332,5,7.0,53,Operations,2025-06-01,2025-06-03,2025-07-04,182,5.44,990.08
2333,18,21.0,39,Finance,2024-08-21,2024-08-21,2024-09-02,55,405.82,22320.1
2334,9,,2,Finance,2025-02-07,2025-02-15,2025-03-11,432,88.18,38093.76
2335,7,10.0,13,Finance,2025-03-09,2025-03-17,2025-04-13,215,12.72,2734.8
2336,7,10.0,16,Finance,2024-12-18,2024-12-27,2025-01-11,366,68.85,25199.1
2337,38,,7,R&D,2024-12-05,2024-12-12,2025-01-11,200,17.23,3446.0
2338,31,,6,R&D,2024-02-01,2024-02-10,2024-03-22,461,32.56,15010.16
2339,6,8.0,51,Marketing,2024-11-21,2024-11-26,2025-01-02,314,37.3,11712.2
2340,4,,14,Marketing,2024-09-04,2024-09-11,2024-09-26,112,25.27,2830.24
2341,2,,40,IT,2025-08-12,2025-08-20,2025-09-23,85,364.6,30991.0
2342,11,14.0,59,Finance,2025-09-22,2025-09-23,2025-10-02,281,121.37,34104.97
2343,16,20.0,51,Operations,2025-07-01,2025-07-01,2025-07-24,26,45.41,1180.66
2344,20,,39,Marketing,2024-01-20,2024-01-23,2024-02-06,132,459.13,60605.16
2345,26,37.0,30,Marketing,2025-09-01,2025-09-06,2025-09-26,183,52.66,9636.78
2346,3,,41,Manufacturing,2024-10-16,2024-10-16,2024-10-30,194,680.39,131995.66
2347,17,,40,Operations,2024-10-23,2024-10-30,2024-11-28,325,348.39,113226.75
2348,12,,28,Finance,2025-11-14,2025-11-20,2025-12-23,468,172.71,80828.28
2349,39,,3,Marketing,2025-09-16,2025-09-25,2025-10-26,311,68.33,21250.63
2350,36,55.0,13,Manufacturing,2024-01-31,2024-02-07,2024-03-20,475,11.1,5272.5
2351,13,17.0,22,Finance,2024-09-10,2024-09-19,2024-10-29,11,347.04,3817.44
2352,7,10.0,20,Manufacturing,2025-06-29,2025-07-01,2025-08-13,246,71.63,17620.98
2353,39,,17,Finance,2025-01-20,2025-01-28,2025-02-28,120,654.28,78513.6
2354,19,24.0,35,Manufacturing,2024-07-03,2024-07-07,2024-07-16,428,50.11,21447.08
2355,33,49.0,20,Finance,2025-01-09,2025-01-18,2025-01-27,256,70.6,18073.6
2356,22,31.0,57,Finance,2025-09-16,2025-09-24,2025-10-16,394,138.81,54691.14
2357,37,,7,IT,2024-06-05,2024-06-12,2024-06-27,68,17.02,1157.36
2358,34,50.0,29,Operations,2025-06-24,2025-06-28,2025-07-28,268,301.83,80890.44
2359,35,51.0,53,Operations,2025-06-12,2025-06-20,2025-07-12,356,6.38,2271.28
2360,22,31.0,21,Operations,2025-09-29,2025-10-08,2025-10-30,162,110.83,17954.46
2361,7,10.0,48,Finance,2024-07-28,2024-08-05,2024-09-13,71,51.74,3673.54
2362,21,27.0,16,Manufacturing,2024-06-03,2024-06-06,2024-06-23,140,61.8,8652.0
2363,17,,6,R&D,2025-02-02,2025-02-03,2025-03-09,273,32.2,8790.6
2364,33,49.0,13,Operations,2025-01-17,2025-01-22,2025-02-20,192,9.97,1914.24
2365,5,7.0,22,IT,2024-10-18,2024-10-25,2024-12-07,186,303.75,56497.5
2366,11,15.0,54,Operations,2025-07-16,2025-07-22,2025-08-26,406,121.7,49410.2
2367,18,,42,Finance,2025-07-31,2025-08-06,2025-08-29,435,61.87,26913.45
2368,33,49.0,16,IT,2024-06-19,2024-06-28,2024-07-14,315,52.49,16534.35
2369,3,,41,IT,2025-07-28,2025-08-03,2025-08-12,233,958.6,223353.8
2370,39,,38,Manufacturing,2024-06-08,2024-06-17,2024-07-21,213,25.4,5410.2
2371,10,13.0,52,Manufacturing,2024-10-23,2024-10-24,2024-11-21,180,364.5,65610.0
2372,17,,40,Operations,2024-01-17,2024-01-20,2024-02-28,131,417.1,54640.1
2373,27,38.0,40,IT,2024-09-03,2024-09-05,2024-09-17,354,352.95,124944.3
2374,16,,40,Manufacturing,2025-11-29,2025-11-30,2025-12-19,253,418.13,105786.89
2375,20,,27,Operations,2024-11-15,2024-11-19,2024-12-15,469,27.2,12756.8
2376,37,,43,IT,2025-05-27,2025-06-02,2025-06-11,359,37.76,13555.84
2377,30,46.0,3,R&D,2024-03-18,2024-03-19,2024-04-16,283,62.63,17724.29
2378,16,,1,R&D,2025-04-03,2025-04-08,2025-05-21,124,311.55,38632.2
2379,32,48.0,35,R&D,2024-09-26,2024-09-28,2024-10-30,102,63.15,6441.3
2380,35,52.0,35,IT,2025-06-27,2025-06-27,2025-07-16,221,57.36,12676.56
2381,16,,11,IT,2025-11-07,2025-11-08,2025-12-10,201,1197.33,240663.33
2382,6,8.0,44,Finance,2025-01-18,2025-01-23,2025-02-18,239,233.24,55744.36
2383,10,13.0,46,Marketing,2024-03-13,2024-03-16,2024-04-03,351,694.45,243751.95
2384,20,,39,R&D,2024-12-11,2024-12-13,2025-01-22,375,451.02,169132.5
2385,10,13.0,46,Operations,2024-03-27,2024-03-30,2024-04-07,216,710.68,153506.88
2386,33,49.0,20,Operations,2024-11-15,2024-11-24,2024-12-02,342,67.36,23037.12
2387,40,,38,IT,2024-02-07,2024-02-14,2024-03-15,223,25.76,5744.48
2388,1,1.0,34,IT,2025-04-09,2025-04-12,2025-04-29,43,112.44,4834.92
2389,21,26.0,23,Marketing,2024-08-12,2024-08-14,2024-09-18,206,129.21,26617.26
2390,16,,11,Operations,2024-05-27,2024-05-27,2024-06-18,257,1420.93,365179.01
2391,29,42.0,22,IT,2024-01-10,2024-01-13,2024-02-18,402,309.1,124258.2
2392,18,,46,Marketing,2025-10-02,2025-10-10,2025-11-02,285,1064.65,303425.25
2393,27,,53,Operations,2025-08-27,2025-09-03,2025-09-15,460,7.55,3473.0
2394,10,13.0,2,IT,2025-08-13,2025-08-15,2025-09-12,319,73.93,23583.67
2395,14,,31,Finance,2024-02-09,2024-02-12,2024-03-10,345,122.87,42390.15
2396,12,,28,Operations,2024-09-04,2024-09-12,2024-09-25,480,194.79,93499.2
2397,15,19.0,30,Marketing,2025-12-06,2025-12-10,2026-01-05,492,44.96,22120.32
2398,33,49.0,20,R&D,2025-02-19,2025-02-26,2025-03-17,296,71.3,21104.8
2399,24,35.0,54,R&D,2024-03-27,2024-04-03,2024-04-20,415,150.3,62374.5
2400,5,7.0,22,Finance,2024-04-06,2024-04-12,2024-05-16,396,290.4,114998.4
2401,33,49.0,13,Manufacturing,2024-07-06,2024-07-11,2024-08-12,348,10.11,3518.28
2402,25,,46,Marketing,2025-12-05,2025-12-10,2026-01-10,289,896.45,259074.05
2403,37,,57,Operations,2024-04-30,2024-05-03,2024-05-28,213,143.79,30627.27
2404,27,,22,IT,2025-10-21,2025-10-21,2025-11-04,499,317.46,158412.54
2405,28,39.0,13,Manufacturing,2025-05-02,2025-05-09,2025-05-29,335,10.11,3386.85
2406,16,,15,Finance,2025-11-02,2025-11-03,2025-12-07,249,807.74,201127.26
2407,30,45.0,29,Manufacturing,2025-08-16,2025-08-25,2025-09-25,283,244.97,69326.51
2408,39,,13,R&D,2024-08-26,2024-08-30,2024-09-28,351,10.16,3566.16
2409,2,2.0,23,Manufacturing,2025-08-22,2025-08-27,2025-10-08,179,127.88,22890.52
2410,7,11.0,38,Manufacturing,2024-04-30,2024-05-03,2024-05-25,56,25.53,1429.68
2411,28,41.0,46,Finance,2024-07-26,2024-07-31,2024-09-09,164,792.16,129914.24
2412,16,20.0,51,Operations,2024-06-02,2024-06-03,2024-06-27,323,39.96,12907.08
2413,33,49.0,13,Marketing,2024-04-05,2024-04-07,2024-04-25,463,11.24,5204.12
2414,40,,38,Operations,2024-02-29,2024-03-06,2024-04-01,43,26.24,1128.32
2415,25,,2,Manufacturing,2024-05-09,2024-05-16,2024-06-27,274,93.3,25564.2
2416,36,,18,IT,2024-03-24,2024-03-28,2024-04-29,215,277.74,59714.1
2417,15,18.0,37,R&D,2024-09-25,2024-10-04,2024-10-24,128,253.51,32449.28
2418,4,5.0,10,Marketing,2024-02-20,2024-02-22,2024-03-15,261,27.75,7242.75
2419,26,37.0,1,R&D,2024-02-12,2024-02-14,2024-03-25,369,295.92,109194.48
2420,25,36.0,53,Operations,2025-12-21,2025-12-23,2026-01-25,22,5.47,120.34
2421,26,37.0,15,Manufacturing,2024-03-05,2024-03-05,2024-03-27,436,744.57,324632.52
2422,36,,37,Manufacturing,2024-02-21,2024-02-24,2024-04-06,294,302.56,88952.64
2423,28,39.0,48,Marketing,2024-01-14,2024-01-22,2024-03-03,497,51.0,25347.0
2424,40,,38,Operations,2024-03-28,2024-04-06,2024-05-10,360,26.84,9662.4
2425,3,,36,Operations,2025-01-18,2025-01-20,2025-02-28,423,830.86,351453.78
2426,32,48.0,9,IT,2025-08-19,2025-08-26,2025-09-17,88,40.9,3599.2
2427,7,11.0,17,IT,2025-06-19,2025-06-20,2025-07-18,82,775.98,63630.36
2428,19,22.0,28,IT,2025-02-19,2025-02-27,2025-03-17,265,137.45,36424.25
2429,30,46.0,15,Operations,2024-02-24,2024-03-03,2024-04-09,219,800.45,175298.55
2430,39,,18,R&D,2025-07-18,2025-07-19,2025-07-30,320,219.11,70115.2
2431,38,,43,R&D,2024-01-23,2024-01-28,2024-02-24,78,37.45,2921.1
2432,28,41.0,42,R&D,2025-03-29,2025-04-05,2025-04-13,441,56.87,25079.67
2433,2,,1,IT,2024-10-21,2024-10-25,2024-11-20,59,373.37,22028.83
2434,11,14.0,8,IT,2025-09-26,2025-10-05,2025-11-03,302,414.96,125317.92
2435,32,48.0,35,R&D,2024-08-06,2024-08-12,2024-09-17,26,62.31,1620.06
2436,14,,25,Manufacturing,2025-04-10,2025-04-11,2025-05-06,484,77.43,37476.12
2437,10,13.0,42,Manufacturing,2024-11-10,2024-11-17,2024-12-27,12,60.95,731.4
2438,1,1.0,34,Marketing,2025-01-10,2025-01-16,2025-01-29,331,111.51,36909.81
2439,40,,33,R&D,2025-11-15,2025-11-16,2025-11-25,115,624.19,71781.85
2440,20,,35,Operations,2025-05-27,2025-06-04,2025-06-22,284,76.44,21708.96
2441,6,9.0,53,Marketing,2024-10-29,2024-10-29,2024-12-08,111,5.97,662.67
2442,20,25.0,53,Marketing,2024-11-15,2024-11-22,2024-12-10,460,6.49,2985.4
2443,24,34.0,58,Marketing,2025-05-27,2025-05-29,2025-06-29,324,214.98,69653.52
2444,20,25.0,53,Operations,2024-08-31,2024-09-09,2024-09-22,185,6.52,1206.2
2445,11,,28,R&D,2024-04-29,2024-05-02,2024-05-14,34,181.3,6164.2
2446,13,17.0,22,Marketing,2024-12-05,2024-12-07,2024-12-30,467,298.99,139628.33
2447,8,,48,Manufacturing,2024-02-14,2024-02-19,2024-04-01,287,65.17,18703.79
2448,28,40.0,56,Marketing,2024-04-28,2024-05-03,2024-05-16,242,13.64,3300.88
2449,17,,30,Marketing,2024-10-29,2024-11-03,2024-11-11,373,64.34,23998.82
2450,31,47.0,13,Finance,2025-07-26,2025-08-04,2025-08-19,130,10.56,1372.8
2451,13,17.0,22,Finance,2025-07-18,2025-07-24,2025-08-08,47,293.5,13794.5
2452,24,34.0,34,R&D,2024-07-01,2024-07-09,2024-08-18,418,110.46,46172.28
2453,36,54.0,41,Operations,2024-10-29,2024-11-04,2024-11-14,139,723.42,100555.38
2454,24,34.0,14,Manufacturing,2024-04-17,2024-04-22,2024-06-02,105,17.65,1853.25
2455,5,7.0,53,IT,2025-07-01,2025-07-05,2025-07-25,199,5.99,1192.01
2456,25,,52,IT,2024-06-27,2024-06-28,2024-08-01,163,429.47,70003.61
2457,32,48.0,9,Marketing,2025-07-31,2025-08-06,2025-08-30,434,40.71,17668.14
2458,28,39.0,16,Finance,2025-09-02,2025-09-06,2025-09-21,494,56.0,27664.0
2459,3,,41,Manufacturing,2025-05-17,2025-05-18,2025-06-04,18,928.42,16711.56
2460,5,7.0,53,Marketing,2024-08-25,2024-08-29,2024-09-15,59,5.79,341.61
2461,20,25.0,53,IT,2025-11-23,2025-11-26,2025-12-03,365,5.79,2113.35
2462,18,,2,Operations,2025-05-14,2025-05-15,2025-06-24,141,72.27,10190.07
2463,31,47.0,16,R&D,2025-04-13,2025-04-16,2025-05-04,258,54.56,14076.48
2464,22,31.0,60,Finance,2025-09-11,2025-09-17,2025-09-29,110,33.94,3733.4
2465,10,13.0,46,Marketing,2025-09-30,2025-10-05,2025-11-05,482,723.34,348649.88
2466,26,37.0,6,Finance,2024-02-25,2024-02-26,2024-03-11,363,29.83,10828.29
2467,26,37.0,30,Manufacturing,2025-09-30,2025-10-05,2025-10-14,485,51.53,24992.05
2468,8,,48,IT,2025-07-09,2025-07-12,2025-08-09,188,55.49,10432.12
2469,17,,3,R&D,2024-05-30,2024-05-30,2024-06-16,179,92.65,16584.35
2470,39,,13,Manufacturing,2024-08-05,2024-08-12,2024-08-28,341,11.54,3935.14
2471,27,38.0,30,IT,2025-07-01,2025-07-03,2025-07-29,290,54.36,15764.4
2472,2,,6,Finance,2024-06-02,2024-06-07,2024-06-30,423,32.91,13920.93
2473,29,43.0,13,Finance,2024-11-18,2024-11-26,2024-12-23,118,9.95,1174.1
2474,9,12.0,16,Operations,2025-05-15,2025-05-17,2025-06-24,484,58.48,28304.32
2475,8,,16,R&D,2025-04-18,2025-04-19,2025-05-04,398,68.05,27083.9
2476,8,,16,R&D,2025-10-22,2025-10-26,2025-12-05,295,71.13,20983.35
2477,23,32.0,26,IT,2024-03-15,2024-03-22,2024-03-31,167,136.48,22792.16
2478,36,55.0,48,Finance,2024-07-26,2024-08-03,2024-09-11,44,41.48,1825.12
2479,16,20.0,21,R&D,2025-12-18,2025-12-19,2026-01-25,271,118.88,32216.48
2480,25,,21,R&D,2025-02-12,2025-02-19,2025-04-04,203,139.59,28336.77
2481,10,13.0,52,Operations,2024-06-21,2024-06-30,2024-07-14,317,309.41,98082.97
2482,5,7.0,53,Manufacturing,2024-07-26,2024-07-30,2024-08-23,201,5.61,1127.61
2483,19,22.0,23,IT,2024-08-27,2024-09-04,2024-10-14,124,121.27,15037.48
2484,19,24.0,9,Finance,2025-02-03,2025-02-08,2025-02-16,354,36.61,12959.94
2485,24,34.0,12,Marketing,2024-07-18,2024-07-26,2024-08-23,254,335.24,85150.96
2486,31,,15,Finance,2025-03-22,2025-03-29,2025-05-06,231,881.07,203527.17
2487,14,,19,R&D,2024-11-13,2024-11-21,2024-12-06,378,58.31,22041.18
2488,8,,16,Manufacturing,2025-03-17,2025-03-21,2025-04-12,110,62.19,6840.9
2489,28,41.0,2,Operations,2024-04-17,2024-04-23,2024-05-20,62,62.83,3895.46
2490,40,,18,Finance,2025-03-28,2025-03-31,2025-04-14,129,254.6,32843.4
2491,18,21.0,26,Manufacturing,2025-10-30,2025-11-06,2025-11-17,465,131.9,61333.5
2492,38,,59,Marketing,2024-03-31,2024-04-08,2024-05-20,418,144.44,60375.92
2493,1,1.0,41,IT,2024-08-24,2024-08-27,2024-10-10,258,738.86,190625.88
2494,38,,57,Operations,2025-05-17,2025-05-21,2025-07-03,100,171.47,17147.0
2495,19,23.0,6,Manufacturing,2025-03-20,2025-03-26,2025-04-15,45,38.04,1711.8
2496,1,1.0,49,Marketing,2025-04-29,2025-05-07,2025-05-15,197,167.04,32906.88
2497,24,34.0,49,IT,2025-02-10,2025-02-12,2025-03-12,422,172.58,72828.76
2498,11,14.0,57,Finance,2025-05-11,2025-05-13,2025-06-11,275,164.52,45243.0
2499,16,,1,Manufacturing,2025-03-20,2025-03-20,2025-04-24,415,375.3,155749.5
2500,21,26.0,28,Marketing,2024-02-16,2024-02-24,2024-03-07,372,152.35,56674.2
2501,3,4.0,28,Operations,2025-07-02,2025-07-02,2025-07-09,250,166.43,41607.5
2502,18,,2,Finance,2024-11-13,2024-11-22,2024-12-14,219,82.04,17966.76
2503,3,,36,IT,2024-02-06,2024-02-07,2024-03-12,229,800.33,183275.57
2504,15,18.0,17,IT,2024-10-17,2024-10-25,2024-11-21,181,813.77,147292.37
2505,32,48.0,39,IT,2024-11-09,2024-11-13,2024-12-09,201,461.79,92819.79
2506,24,34.0,41,Finance,2024-03-03,2024-03-04,2024-03-19,196,754.09,147801.64
2507,34,50.0,29,IT,2025-12-28,2025-12-28,2026-01-31,82,287.6,23583.2
2508,21,28.0,5,Marketing,2024-06-03,2024-06-11,2024-06-30,402,125.12,50298.24
2509,17,,40,Finance,2024-08-25,2024-08-29,2024-10-12,35,349.03,12216.05
2510,13,17.0,53,Manufacturing,2024-11-16,2024-11-17,2024-12-16,276,6.5,1794.0
2511,32,48.0,27,IT,2025-08-25,2025-08-30,2025-10-03,100,24.92,2492.0
2512,17,,40,R&D,2025-06-18,2025-06-26,2025-08-07,499,487.78,243402.22
2513,10,13.0,46,Manufacturing,2025-07-15,2025-07-16,2025-08-13,382,774.3,295782.6
2514,36,,37,R&D,2024-06-15,2024-06-22,2024-08-04,262,267.86,70179.32
2515,32,48.0,35,Manufacturing,2025-08-31,2025-09-09,2025-09-30,112,54.76,6133.12
2516,18,,46,Operations,2025-08-21,2025-08-28,2025-10-06,99,722.64,71541.36
2517,5,7.0,53,Manufacturing,2024-11-30,2024-12-04,2025-01-16,87,5.18,450.66
2518,5,7.0,53,IT,2025-01-31,2025-02-02,2025-02-22,390,5.95,2320.5
2519,13,17.0,22,IT,2024-01-24,2024-01-28,2024-03-05,240,346.9,83256.0
2520,4,5.0,35,Operations,2025-07-01,2025-07-09,2025-07-18,21,56.23,1180.83
2521,11,14.0,50,Marketing,2025-12-02,2025-12-02,2025-12-19,53,94.76,5022.28
2522,34,50.0,52,R&D,2024-12-10,2024-12-10,2025-01-03,351,370.11,129908.61
2523,32,48.0,10,IT,2025-01-27,2025-01-29,2025-03-09,79,24.18,1910.22
2524,31,,11,R&D,2024-12-29,2024-12-30,2025-02-10,183,1438.2,263190.6
2525,9,,29,R&D,2024-03-01,2024-03-01,2024-03-14,342,361.04,123475.68
2526,4,5.0,27,Marketing,2025-03-26,2025-03-28,2025-05-02,56,23.85,1335.6
2527,20,25.0,53,R&D,2025-06-08,2025-06-10,2025-07-24,367,5.84,2143.28
2528,23,32.0,26,IT,2025-11-05,2025-11-08,2025-12-22,436,139.96,61022.56
2529,13,17.0,22,Manufacturing,2025-11-09,2025-11-09,2025-12-23,415,316.26,131247.9
2530,24,35.0,47,IT,2024-12-17,2024-12-25,2025-01-16,173,13.18,2280.14
2531,19,23.0,1,Manufacturing,2025-11-23,2025-12-01,2026-01-03,452,325.6,147171.2
2532,11,15.0,55,Operations,2025-01-14,2025-01-20,2025-02-10,96,6.76,648.96
2533,16,,56,Marketing,2025-04-04,2025-04-13,2025-05-03,309,15.66,4838.94
2534,9,,52,R&D,2025-03-12,2025-03-15,2025-04-15,122,432.28,52738.16
2535,20,25.0,53,Manufacturing,2025-12-27,2025-12-30,2026-02-08,278,6.25,1737.5
2536,23,32.0,10,Operations,2025-06-15,2025-06-22,2025-07-19,372,24.42,9084.24
2537,11,14.0,59,IT,2024-03-21,2024-03-28,2024-04-29,64,121.79,7794.56
2538,33,49.0,16,R&D,2024-02-20,2024-02-22,2024-03-23,74,53.76,3978.24
2539,25,,2,Finance,2024-10-19,2024-10-26,2024-11-13,325,72.59,23591.75
2540,18,,42,R&D,2025-01-09,2025-01-11,2025-02-08,78,81.74,6375.72
2541,23,33.0,53,Operations,2025-05-03,2025-05-03,2025-05-19,468,5.75,2691.0
2542,8,,20,Manufacturing,2024-12-13,2024-12-17,2025-01-19,94,75.03,7052.82
2543,15,19.0,56,Marketing,2025-01-07,2025-01-10,2025-02-18,120,11.6,1392.0
2544,33,49.0,20,Operations,2025-11-02,2025-11-03,2025-12-12,320,67.96,21747.2
2545,30,45.0,52,Marketing,2024-08-25,2024-09-01,2024-09-19,303,350.98,106346.94
2546,11,15.0,24,Marketing,2024-12-24,2024-12-26,2025-02-03,474,34.61,16405.14
2547,26,37.0,6,R&D,2025-02-01,2025-02-10,2025-03-01,286,30.62,8757.32
2548,31,,56,Marketing,2024-11-28,2024-12-07,2024-12-24,486,13.6,6609.6
2549,13,17.0,53,Finance,2025-11-28,2025-12-07,2026-01-19,288,6.65,1915.2
2550,21,27.0,13,R&D,2025-11-30,2025-12-03,2026-01-03,140,11.13,1558.2
2551,17,,1,R&D,2025-01-02,2025-01-09,2025-02-01,176,304.52,53595.52
2552,23,33.0,22,Finance,2024-11-18,2024-11-24,2024-12-18,447,317.59,141962.73
2553,34,50.0,42,Manufacturing,2025-02-25,2025-03-05,2025-04-06,110,68.88,7576.8
2554,29,44.0,2,Marketing,2024-05-07,2024-05-12,2024-05-31,378,74.41,28126.98
2555,34,50.0,2,R&D,2024-11-01,2024-11-06,2024-12-12,250,72.45,18112.5
2556,39,,20,Marketing,2024-06-04,2024-06-07,2024-06-30,382,70.99,27118.18
2557,16,,15,R&D,2024-04-15,2024-04-15,2024-05-15,492,1020.07,501874.44
2558,22,29.0,23,Manufacturing,2024-03-06,2024-03-10,2024-03-26,492,144.64,71162.88
2559,32,48.0,35,IT,2025-02-24,2025-03-04,2025-03-28,215,56.46,12138.9
2560,26,37.0,40,Manufacturing,2023-12-28,2024-01-01,2024-01-22,492,362.46,178330.32
2561,3,,36,R&D,2025-04-09,2025-04-16,2025-05-25,66,657.14,43371.24
2562,3,4.0,28,Finance,2024-11-04,2024-11-11,2024-11-23,458,142.49,65260.42
2563,21,28.0,8,R&D,2024-09-17,2024-09-24,2024-11-04,364,426.12,155107.68
2564,7,11.0,18,Operations,2025-07-08,2025-07-15,2025-08-18,75,255.13,19134.75
2565,27,,22,IT,2025-01-26,2025-01-28,2025-02-20,215,284.66,61201.9
2566,12,,23,Finance,2025-06-19,2025-06-19,2025-07-07,209,125.03,26131.27
2567,33,49.0,48,R&D,2025-05-24,2025-06-01,2025-06-23,163,46.07,7509.41
2568,31,47.0,16,Operations,2024-01-18,2024-01-24,2024-03-04,260,54.62,14201.2
2569,37,,32,Operations,2024-05-31,2024-06-06,2024-07-07,454,87.89,39902.06
2570,32,48.0,27,R&D,2025-02-13,2025-02-20,2025-03-15,433,25.69,11123.77
2571,40,,38,R&D,2025-12-09,2025-12-13,2026-01-15,21,25.44,534.24
2572,5,7.0,53,Finance,2024-04-18,2024-04-22,2024-06-04,425,5.42,2303.5
2573,10,13.0,52,Marketing,2024-03-09,2024-03-18,2024-03-31,435,358.51,155951.85
2574,7,11.0,33,Manufacturing,2025-11-11,2025-11-17,2025-12-28,24,515.41,12369.84
2575,32,48.0,26,R&D,2025-11-27,2025-12-06,2025-12-21,11,149.94,1649.34
2576,29,43.0,16,Manufacturing,2024-04-29,2024-05-02,2024-05-26,46,57.33,2637.18
2577,36,,33,R&D,2024-10-16,2024-10-20,2024-10-31,201,617.32,124081.32
2578,3,,14,Marketing,2025-03-31,2025-04-02,2025-05-13,143,23.65,3381.95
2579,38,,5,Finance,2024-05-20,2024-05-22,2024-07-03,204,153.47,31307.88
2580,40,,33,Manufacturing,2024-08-21,2024-08-26,2024-10-02,397,564.96,224289.12
2581,14,,25,Manufacturing,2024-10-10,2024-10-15,2024-10-26,178,88.37,15729.86
2582,24,34.0,34,Finance,2025-04-10,2025-04-13,2025-05-26,244,102.41,24988.04
2583,4,5.0,27,Manufacturing,2024-08-09,2024-08-12,2024-09-10,416,26.24,10915.84
2584,8,,13,Operations,2024-10-24,2024-10-27,2024-11-14,170,11.31,1922.7
2585,7,10.0,13,Finance,2024-07-28,2024-07-30,2024-08-21,26,11.12,289.12
2586,5,7.0,53,R&D,2025-07-06,2025-07-08,2025-08-19,72,6.18,444.96
2587,35,52.0,26,IT,2024-04-16,2024-04-21,2024-05-22,85,138.84,11801.4
2588,19,23.0,15,Manufacturing,2024-06-15,2024-06-17,2024-07-12,75,891.39,66854.25
2589,16,20.0,50,IT,2024-06-29,2024-07-01,2024-07-10,79,99.93,7894.47
2590,3,,12,Finance,2025-10-21,2025-10-23,2025-11-06,47,417.82,19637.54
2591,22,29.0,23,Marketing,2025-11-12,2025-11-20,2025-12-06,341,125.19,42689.79
2592,34,50.0,29,IT,2024-12-22,2024-12-31,2025-01-11,134,267.54,35850.36
2593,37,,51,Manufacturing,2024-04-20,2024-04-24,2024-05-20,380,47.92,18209.6
2594,40,,18,Finance,2025-07-02,2025-07-05,2025-08-11,139,222.7,30955.3
2595,30,,9,Manufacturing,2024-12-24,2024-12-25,2025-01-14,474,53.08,25159.92
2596,40,,17,Operations,2025-09-03,2025-09-12,2025-09-26,94,964.73,90684.62
2597,37,,60,IT,2024-09-17,2024-09-19,2024-10-19,321,34.51,11077.71
2598,11,,28,Finance,2025-12-26,2025-12-30,2026-02-08,356,151.01,53759.56
2599,1,1.0,49,Manufacturing,2025-08-09,2025-08-12,2025-09-23,123,181.42,22314.66
2600,8,,20,IT,2024-06-06,2024-06-12,2024-07-04,393,64.96,25529.28
2601,34,50.0,42,IT,2025-06-05,2025-06-13,2025-07-19,190,65.65,12473.5
2602,34,50.0,52,R&D,2024-07-23,2024-07-28,2024-08-08,426,362.63,154480.38
2603,37,,32,Marketing,2024-09-11,2024-09-12,2024-10-25,291,72.33,21048.03
2604,39,,37,R&D,2024-06-26,2024-07-01,2024-07-16,487,290.27,141361.49
2605,26,37.0,11,Marketing,2025-05-08,2025-05-13,2025-05-24,70,1312.72,91890.4
2606,22,30.0,10,Finance,2024-07-03,2024-07-10,2024-07-30,109,21.29,2320.61
2607,7,10.0,20,Finance,2025-04-10,2025-04-11,2025-05-16,45,73.9,3325.5
2608,5,7.0,22,Finance,2025-03-01,2025-03-01,2025-03-12,428,322.76,138141.28
2609,32,48.0,26,Operations,2025-06-26,2025-07-02,2025-07-12,324,140.33,45466.92
2610,6,9.0,53,Finance,2025-12-24,2025-12-26,2026-01-11,146,6.05,883.3
2611,6,8.0,57,Finance,2024-01-04,2024-01-07,2024-02-19,421,126.93,53437.53
2612,11,,23,R&D,2025-12-18,2025-12-23,2026-01-21,427,184.9,78952.3
2613,18,21.0,10,IT,2024-03-18,2024-03-20,2024-04-26,253,21.92,5545.76
2614,29,44.0,42,R&D,2025-01-12,2025-01-19,2025-01-29,80,66.21,5296.8
2615,35,53.0,4,R&D,2024-09-02,2024-09-05,2024-09-26,479,23.61,11309.19
2616,33,49.0,48,Manufacturing,2025-04-06,2025-04-11,2025-05-19,211,51.5,10866.5
2617,15,19.0,1,R&D,2025-06-09,2025-06-10,2025-07-01,173,263.98,45668.54
2618,25,36.0,22,IT,2025-09-13,2025-09-19,2025-10-31,483,313.6,151468.8
2619,7,10.0,48,Manufacturing,2024-10-18,2024-10-20,2024-11-15,399,54.84,21881.16
2620,8,,20,Operations,2025-11-04,2025-11-12,2025-11-23,289,80.44,23247.16
2621,38,,7,Marketing,2024-08-19,2024-08-23,2024-09-12,282,19.76,5572.32
2622,19,23.0,15,Manufacturing,2024-05-28,2024-05-28,2024-06-11,119,866.89,103159.91
2623,18,,46,IT,2024-09-27,2024-10-03,2024-11-15,462,724.23,334594.26
2624,27,,16,Operations,2025-01-18,2025-01-20,2025-02-19,153,64.75,9906.75
2625,32,48.0,39,Finance,2025-04-24,2025-05-02,2025-05-12,206,408.9,84233.4
2626,17,,15,Marketing,2025-08-27,2025-08-30,2025-09-29,310,994.33,308242.3
2627,25,,46,Finance,2024-06-04,2024-06-13,2024-07-01,311,737.0,229207.0
2628,35,52.0,39,R&D,2024-08-01,2024-08-09,2024-09-22,90,419.37,37743.3
2629,14,,4,IT,2025-11-07,2025-11-16,2025-12-10,378,23.15,8750.7
2630,15,18.0,38,Manufacturing,2024-11-15,2024-11-17,2024-12-13,79,29.04,2294.16
2631,14,,24,Manufacturing,2024-06-18,2024-06-25,2024-07-19,82,41.01,3362.82
2632,25,,57,Manufacturing,2025-12-13,2025-12-20,2026-01-24,440,165.32,72740.8
2633,26,37.0,6,R&D,2024-11-19,2024-11-23,2024-12-10,19,33.57,637.83
2634,4,5.0,39,R&D,2025-12-17,2025-12-20,2026-01-18,477,431.33,205744.41
2635,24,35.0,4,Marketing,2025-10-24,2025-11-02,2025-12-02,37,23.01,851.37
2636,21,28.0,44,Operations,2025-10-19,2025-10-23,2025-11-20,159,264.34,42030.06
2637,20,25.0,22,Finance,2025-02-28,2025-02-28,2025-04-03,278,328.51,91325.78
2638,33,49.0,48,Marketing,2025-08-04,2025-08-05,2025-08-19,157,45.77,7185.89
2639,11,15.0,25,Operations,2025-11-28,2025-12-02,2025-12-18,273,69.27,18910.71
2640,21,26.0,28,Operations,2024-07-14,2024-07-15,2024-07-23,180,137.93,24827.4
2641,4,,14,R&D,2024-01-27,2024-01-28,2024-03-02,168,21.71,3647.28
2642,3,4.0,23,Marketing,2024-08-22,2024-08-22,2024-09-03,64,138.13,8840.32
2643,4,6.0,45,IT,2025-04-06,2025-04-09,2025-04-22,335,96.36,32280.6
2644,32,48.0,26,R&D,2025-02-03,2025-02-03,2025-03-15,139,134.59,18708.01
2645,24,34.0,36,IT,2024-02-23,2024-02-28,2024-03-06,388,651.23,252677.24
2646,6,9.0,22,R&D,2025-02-08,2025-02-13,2025-02-26,376,357.32,134352.32
2647,6,9.0,22,R&D,2024-04-28,2024-05-07,2024-05-21,327,322.3,105392.1
2648,30,45.0,52,Manufacturing,2025-01-02,2025-01-04,2025-02-03,80,317.42,25393.6
2649,32,48.0,39,Operations,2025-02-23,2025-02-24,2025-03-28,336,417.92,140421.12
2650,20,25.0,22,Operations,2025-03-31,2025-04-09,2025-05-15,338,318.38,107612.44
2651,25,,21,IT,2024-10-25,2024-10-28,2024-11-20,202,140.0,28280.0
2652,16,20.0,60,IT,2024-10-17,2024-10-25,2024-11-26,260,36.21,9414.6
2653,30,46.0,1,Marketing,2025-05-01,2025-05-10,2025-06-06,323,298.04,96266.92
2654,6,9.0,22,Operations,2025-06-25,2025-06-30,2025-07-15,431,353.02,152151.62
2655,15,19.0,3,Marketing,2025-08-04,2025-08-12,2025-09-11,267,64.14,17125.38
2656,32,48.0,26,Finance,2024-08-31,2024-08-31,2024-09-13,434,140.92,61159.28
2657,18,21.0,39,IT,2024-11-05,2024-11-05,2024-11-27,318,382.83,121739.94
2658,15,19.0,11,IT,2024-08-27,2024-08-29,2024-09-16,331,1132.48,374850.88
2659,10,13.0,52,Operations,2025-01-14,2025-01-20,2025-03-01,174,331.6,57698.4
2660,11,15.0,55,Marketing,2024-03-30,2024-04-02,2024-05-02,410,6.63,2718.3
2661,1,1.0,49,Finance,2024-11-07,2024-11-09,2024-12-02,291,174.69,50834.79
2662,32,48.0,35,Finance,2024-05-15,2024-05-17,2024-06-08,135,60.22,8129.7
2663,18,,29,Operations,2025-01-23,2025-01-23,2025-02-18,354,350.03,123910.62
2664,17,,15,Finance,2025-09-10,2025-09-12,2025-09-30,317,789.13,250154.21
2665,3,,41,R&D,2025-12-18,2025-12-20,2026-01-20,151,742.95,112185.45
2666,9,,52,R&D,2024-11-21,2024-11-21,2024-12-22,94,387.56,36430.64
2667,17,,30,Manufacturing,2024-02-08,2024-02-11,2024-03-02,66,63.76,4208.16
2668,33,49.0,20,IT,2024-06-10,2024-06-15,2024-06-30,27,61.65,1664.55
2669,17,,30,Operations,2024-03-11,2024-03-17,2024-04-08,54,68.15,3680.1
2670,5,7.0,53,Operations,2025-07-02,2025-07-08,2025-08-14,483,5.71,2757.93
2671,32,48.0,27,R&D,2025-12-11,2025-12-19,2025-12-26,405,23.23,9408.15
2672,6,8.0,50,Manufacturing,2025-02-08,2025-02-08,2025-03-19,68,89.15,6062.2
2673,37,,43,IT,2024-05-03,2024-05-09,2024-06-10,187,41.08,7681.96
2674,24,34.0,14,Operations,2024-01-14,2024-01-16,2024-02-29,219,17.19,3764.61
2675,27,,53,IT,2025-12-04,2025-12-13,2026-01-19,366,7.23,2646.18
2676,16,20.0,60,Manufacturing,2024-08-13,2024-08-18,2024-09-28,303,31.69,9602.07
2677,19,22.0,23,Operations,2024-03-19,2024-03-22,2024-04-02,199,129.93,25856.07
2678,21,26.0,28,Marketing,2024-05-01,2024-05-09,2024-06-16,251,140.64,35300.64
2679,6,9.0,22,Marketing,2024-06-30,2024-07-05,2024-07-19,15,320.79,4811.85
2680,17,,1,Finance,2025-04-21,2025-04-23,2025-05-19,110,312.6,34386.0
2681,23,32.0,35,R&D,2025-10-05,2025-10-13,2025-11-20,225,55.8,12555.0
2682,14,,19,Operations,2024-07-18,2024-07-19,2024-08-09,415,67.36,27954.4
2683,26,37.0,56,IT,2025-05-07,2025-05-16,2025-06-07,218,12.9,2812.2
2684,13,17.0,53,Marketing,2024-02-09,2024-02-17,2024-02-28,145,6.14,890.3
2685,33,49.0,20,R&D,2024-01-06,2024-01-08,2024-01-18,169,71.45,12075.05
2686,30,,26,Marketing,2024-02-04,2024-02-10,2024-03-01,266,159.51,42429.66
2687,12,,23,Finance,2025-10-26,2025-11-04,2025-11-24,350,179.16,62706.0
2688,33,49.0,16,IT,2025-02-24,2025-02-28,2025-04-09,318,62.36,19830.48
2689,18,21.0,35,Operations,2025-08-03,2025-08-10,2025-09-03,178,53.52,9526.56
2690,17,,40,Marketing,2024-01-11,2024-01-16,2024-01-25,348,388.29,135124.92
2691,16,20.0,59,IT,2024-01-17,2024-01-17,2024-02-28,444,116.66,51797.04
2692,11,14.0,5,IT,2025-09-07,2025-09-11,2025-10-02,340,124.98,42493.2
2693,11,,28,Marketing,2024-03-06,2024-03-15,2024-04-28,254,151.53,38488.62
2694,31,,6,Marketing,2024-04-18,2024-04-23,2024-04-30,476,33.92,16145.92
2695,8,,13,Operations,2025-01-08,2025-01-13,2025-02-14,497,11.94,5934.18
2696,31,,11,Operations,2025-03-13,2025-03-18,2025-04-06,103,1379.33,142070.99
2697,14,,24,Marketing,2024-06-07,2024-06-16,2024-07-14,34,48.54,1650.36
2698,8,,48,Finance,2024-11-16,2024-11-20,2024-12-12,246,60.08,14779.68
2699,18,21.0,9,IT,2025-05-01,2025-05-07,2025-06-12,386,41.89,16169.54
2700,31,47.0,48,Operations,2024-11-19,2024-11-19,2024-11-28,218,47.34,10320.12
2701,9,12.0,16,R&D,2024-09-27,2024-10-06,2024-10-21,453,58.92,26690.76
2702,4,6.0,47,Marketing,2024-02-14,2024-02-22,2024-04-06,186,14.75,2743.5
2703,17,,15,Manufacturing,2024-11-22,2024-11-25,2024-12-30,468,877.34,410595.12
2704,14,,24,IT,2025-08-03,2025-08-09,2025-09-18,193,37.58,7252.94
2705,33,49.0,16,Operations,2025-03-26,2025-04-02,2025-04-25,248,63.08,15643.84
2706,11,,23,R&D,2025-10-05,2025-10-13,2025-10-24,154,174.22,26829.88
2707,23,32.0,39,R&D,2024-03-25,2024-04-02,2024-05-10,87,392.88,34180.56
2708,29,44.0,42,Manufacturing,2023-12-31,2024-01-09,2024-02-21,303,72.44,21949.32
2709,11,,28,IT,2025-02-02,2025-02-04,2025-03-20,389,194.71,75742.19
2710,30,45.0,46,Manufacturing,2024-05-01,2024-05-10,2024-06-10,118,787.85,92966.3
2711,31,,56,IT,2025-03-01,2025-03-09,2025-03-29,499,15.53,7749.47
2712,15,18.0,37,IT,2025-10-21,2025-10-21,2025-11-06,182,268.95,48948.9
2713,39,,3,R&D,2024-08-27,2024-09-03,2024-10-16,128,82.9,10611.2
2714,9,,52,Finance,2025-01-30,2025-02-05,2025-03-21,462,465.44,215033.28
2715,34,50.0,2,Operations,2025-05-09,2025-05-12,2025-06-05,301,85.85,25840.85
2716,32,48.0,9,IT,2024-04-14,2024-04-19,2024-05-11,457,44.54,20354.78
2717,12,16.0,30,Manufacturing,2025-10-14,2025-10-17,2025-11-22,353,57.52,20304.56
2718,6,8.0,60,IT,2024-05-25,2024-05-28,2024-06-25,493,30.87,15218.91
2719,31,47.0,16,Manufacturing,2025-08-06,2025-08-13,2025-08-20,379,62.67,23751.93
2720,25,36.0,22,Marketing,2025-04-18,2025-04-26,2025-05-21,373,296.72,110676.56
2721,18,,2,R&D,2024-04-11,2024-04-12,2024-05-21,192,77.56,14891.52
2722,22,30.0,9,Finance,2025-06-05,2025-06-13,2025-07-10,432,39.42,17029.44
2723,40,,38,Operations,2024-05-21,2024-05-23,2024-06-26,469,34.28,16077.32
2724,13,17.0,53,Finance,2025-03-10,2025-03-13,2025-04-20,245,5.88,1440.6
2725,8,,16,Marketing,2025-11-30,2025-12-01,2025-12-10,495,62.4,30888.0
2726,40,,33,Manufacturing,2025-11-17,2025-11-26,2025-12-07,198,502.76,99546.48
2727,7,10.0,16,Marketing,2025-09-23,2025-09-28,2025-10-21,151,62.29,9405.79
2728,31,47.0,16,IT,2024-12-19,2024-12-26,2025-01-23,374,61.69,23072.06
2729,14,,24,IT,2025-02-12,2025-02-12,2025-03-12,392,42.54,16675.68
2730,37,,5,IT,2024-08-05,2024-08-07,2024-09-10,219,125.46,27475.74
2731,3,,41,IT,2025-10-28,2025-11-03,2025-11-22,310,692.23,214591.3
2732,25,,29,IT,2024-12-11,2024-12-14,2024-12-23,51,247.53,12624.03
2733,36,54.0,49,Finance,2025-07-15,2025-07-17,2025-08-14,197,178.56,35176.32
2734,7,11.0,17,Manufacturing,2024-09-19,2024-09-19,2024-10-07,398,747.77,297612.46
2735,4,6.0,31,R&D,2025-06-15,2025-06-24,2025-07-04,245,97.98,24005.1
2736,18,,52,R&D,2024-06-03,2024-06-12,2024-06-25,167,463.94,77477.98
2737,22,30.0,39,Finance,2025-06-18,2025-06-19,2025-07-22,425,385.81,163969.25
2738,5,7.0,53,IT,2024-01-30,2024-02-03,2024-02-18,64,5.69,364.16
2739,35,51.0,53,R&D,2024-03-09,2024-03-17,2024-04-24,344,5.6,1926.4
2740,2,3.0,18,Marketing,2024-09-12,2024-09-14,2024-10-06,179,238.75,42736.25
2741,2,2.0,23,IT,2024-12-08,2024-12-17,2024-12-25,296,129.36,38290.56
2742,5,7.0,22,R&D,2025-06-01,2025-06-03,2025-06-14,479,320.68,153605.72
2743,33,49.0,48,IT,2024-09-14,2024-09-19,2024-10-20,245,50.51,12374.95
2744,8,,13,IT,2024-01-05,2024-01-14,2024-02-22,398,11.06,4401.88
2745,3,4.0,28,Marketing,2024-08-25,2024-08-25,2024-10-01,207,159.81,33080.67
2746,21,28.0,51,Marketing,2024-11-07,2024-11-16,2024-11-25,403,45.09,18171.27
2747,5,7.0,53,Finance,2025-01-27,2025-01-31,2025-03-13,34,6.14,208.76
2748,21,28.0,5,Operations,2025-04-09,2025-04-15,2025-05-24,217,135.01,29297.17
2749,15,19.0,40,Marketing,2024-06-25,2024-06-29,2024-07-30,425,347.77,147802.25
2750,17,,3,Marketing,2025-03-20,2025-03-21,2025-05-01,280,73.29,20521.2
2751,25,,44,R&D,2025-04-04,2025-04-06,2025-05-14,89,287.69,25604.41
2752,34,50.0,42,IT,2025-07-11,2025-07-20,2025-08-04,156,68.07,10618.92
2753,10,13.0,52,Manufacturing,2025-01-08,2025-01-16,2025-02-09,234,360.06,84254.04
2754,27,,22,Manufacturing,2025-08-06,2025-08-14,2025-09-20,166,351.12,58285.92
2755,19,23.0,3,Operations,2024-06-08,2024-06-10,2024-07-03,408,71.75,29274.0
2756,17,,56,Operations,2025-06-02,2025-06-03,2025-07-10,176,12.5,2200.0
2757,12,,23,R&D,2024-01-25,2024-02-03,2024-02-29,103,171.6,17674.8
2758,9,12.0,13,Finance,2024-03-11,2024-03-16,2024-04-12,317,11.45,3629.65
2759,32,48.0,27,Manufacturing,2025-09-22,2025-09-23,2025-11-02,105,25.38,2664.9
2760,38,,59,R&D,2024-12-11,2024-12-12,2024-12-20,478,158.86,75935.08
2761,16,20.0,50,Marketing,2025-03-24,2025-03-29,2025-05-10,141,92.38,13025.58
2762,38,,44,Finance,2025-03-13,2025-03-16,2025-03-27,334,298.06,99552.04
2763,25,,46,Finance,2025-05-17,2025-05-22,2025-06-10,134,874.05,117122.7
2764,18,,46,Operations,2024-06-24,2024-06-28,2024-08-03,17,1070.48,18198.16
2765,17,,6,R&D,2024-05-02,2024-05-10,2024-06-20,305,34.34,10473.7
2766,28,41.0,2,Marketing,2024-01-30,2024-02-01,2024-02-25,228,63.93,14576.04
2767,19,23.0,40,Manufacturing,2025-09-14,2025-09-23,2025-09-30,181,409.0,74029.0
2768,10,13.0,42,R&D,2024-06-03,2024-06-12,2024-06-28,352,63.08,22204.16
2769,30,46.0,3,Manufacturing,2025-02-18,2025-02-23,2025-03-12,12,65.55,786.6
2770,37,,32,Manufacturing,2024-11-19,2024-11-28,2024-12-31,283,66.92,18938.36
2771,6,9.0,53,Operations,2024-04-19,2024-04-28,2024-06-04,234,5.66,1324.44
2772,30,,27,R&D,2024-10-27,2024-10-29,2024-11-28,254,27.09,6880.86
2773,37,,8,Operations,2024-02-21,2024-03-01,2024-03-31,489,463.55,226675.95
2774,24,35.0,24,Finance,2024-05-02,2024-05-08,2024-06-09,457,38.61,17644.77
2775,11,14.0,59,Operations,2024-04-09,2024-04-11,2024-05-03,454,141.17,64091.18
2776,32,48.0,10,Finance,2025-08-23,2025-08-24,2025-09-25,219,26.51,5805.69
2777,22,29.0,23,Marketing,2025-02-16,2025-02-18,2025-03-23,498,140.46,69949.08
2778,2,,6,IT,2025-11-02,2025-11-06,2025-11-25,109,30.55,3329.95
2779,25,,42,IT,2024-11-10,2024-11-14,2024-12-01,438,73.74,32298.12
2780,24,34.0,58,Manufacturing,2024-05-25,2024-05-26,2024-07-01,56,228.36,12788.16
2781,2,2.0,28,R&D,2025-03-17,2025-03-20,2025-04-19,296,160.55,47522.8
2782,3,,14,Operations,2025-11-05,2025-11-09,2025-11-24,493,19.59,9657.87
2783,6,9.0,22,Operations,2025-01-17,2025-01-23,2025-02-05,128,300.28,38435.84
2784,39,,30,IT,2024-01-05,2024-01-14,2024-01-31,311,47.94,14909.34
2785,5,7.0,53,Finance,2024-08-03,2024-08-09,2024-08-23,293,5.72,1675.96
2786,7,11.0,38,Marketing,2025-10-28,2025-11-06,2025-11-30,369,26.33,9715.77
2787,33,49.0,48,R&D,2025-01-06,2025-01-13,2025-02-25,483,45.5,21976.5
2788,36,54.0,14,Finance,2025-11-19,2025-11-25,2025-12-26,26,16.31,424.06
2789,27,,53,IT,2025-01-01,2025-01-06,2025-02-13,498,6.3,3137.4
2790,38,,59,IT,2024-01-02,2024-01-09,2024-01-27,298,139.29,41508.42
2791,2,2.0,23,R&D,2025-09-26,2025-09-29,2025-10-29,15,130.79,1961.85
2792,35,53.0,55,Marketing,2025-07-03,2025-07-11,2025-07-21,377,7.21,2718.17
2793,14,,31,Marketing,2025-06-06,2025-06-06,2025-07-06,390,126.53,49346.7
2794,37,,50,Marketing,2025-11-30,2025-12-09,2025-12-29,232,89.58,20782.56
2795,36,55.0,13,R&D,2024-05-20,2024-05-23,2024-06-20,223,11.2,2497.6
2796,22,31.0,21,Marketing,2025-10-15,2025-10-23,2025-12-05,467,126.19,58930.73
2797,29,44.0,2,Manufacturing,2024-06-10,2024-06-18,2024-07-30,321,77.31,24816.51
2798,18,21.0,10,Manufacturing,2025-12-05,2025-12-09,2025-12-22,311,22.9,7121.9
2799,32,48.0,9,Operations,2024-05-11,2024-05-19,2024-06-11,379,42.6,16145.4
2800,11,,23,IT,2025-02-05,2025-02-05,2025-03-13,272,163.18,44384.96
2801,28,41.0,52,IT,2025-07-24,2025-07-30,2025-08-31,341,298.79,101887.39
2802,33,49.0,48,R&D,2024-02-21,2024-02-27,2024-04-02,484,52.09,25211.56
2803,15,19.0,11,R&D,2024-02-17,2024-02-18,2024-03-11,359,1105.96,397039.64
2804,37,,21,R&D,2025-09-10,2025-09-12,2025-10-02,371,155.11,57545.81
2805,35,51.0,53,IT,2024-02-06,2024-02-14,2024-03-16,338,5.94,2007.72
2806,18,,52,Finance,2025-03-21,2025-03-24,2025-03-31,56,324.3,18160.8
2807,17,,56,Operations,2025-11-08,2025-11-15,2025-12-24,138,15.78,2177.64
2808,2,2.0,28,IT,2025-03-17,2025-03-24,2025-04-21,350,168.44,58954.0
2809,14,,47,Manufacturing,2024-12-09,2024-12-17,2025-01-09,356,13.61,4845.16
2810,17,,30,IT,2024-10-29,2024-10-31,2024-12-03,477,55.18,26320.86
2811,32,48.0,39,Manufacturing,2025-04-09,2025-04-10,2025-05-20,208,465.5,96824.0
2812,20,25.0,53,Finance,2025-02-20,2025-02-21,2025-04-03,192,6.32,1213.44
2813,39,,13,R&D,2024-12-31,2025-01-01,2025-01-12,415,13.0,5395.0
2814,22,30.0,10,R&D,2024-04-19,2024-04-22,2024-05-21,345,24.07,8304.15
2815,32,48.0,27,IT,2025-04-21,2025-04-28,2025-05-06,456,25.69,11714.64
2816,37,,21,Marketing,2025-06-19,2025-06-24,2025-07-21,116,147.12,17065.92
2817,32,48.0,35,Finance,2025-05-30,2025-06-01,2025-06-20,189,59.97,11334.33
2818,6,9.0,22,Operations,2024-02-20,2024-02-24,2024-03-11,32,339.33,10858.56
2819,17,,15,R&D,2025-05-22,2025-05-28,2025-06-11,314,782.28,245635.92
2820,1,1.0,49,IT,2025-06-13,2025-06-16,2025-07-12,79,162.77,12858.83
2821,24,34.0,41,Finance,2024-05-08,2024-05-13,2024-06-06,241,756.18,182239.38
2822,38,,21,R&D,2025-09-07,2025-09-11,2025-10-14,340,149.17,50717.8
2823,22,31.0,21,R&D,2025-01-14,2025-01-17,2025-02-18,209,116.91,24434.19
2824,37,,21,Operations,2024-12-03,2024-12-10,2024-12-20,492,123.72,60870.24
2825,35,53.0,47,IT,2025-06-03,2025-06-11,2025-07-21,146,15.42,2251.32
2826,17,,1,Manufacturing,2024-12-29,2025-01-07,2025-02-02,241,302.77,72967.57
2827,9,12.0,16,Finance,2025-02-01,2025-02-01,2025-02-26,456,64.39,29361.84
2828,40,,37,Manufacturing,2024-08-09,2024-08-15,2024-09-20,232,305.12,70787.84
2829,17,,15,Finance,2025-11-05,2025-11-08,2025-12-21,14,1073.54,15029.56
2830,9,,52,R&D,2025-12-02,2025-12-08,2025-12-19,307,413.61,126978.27
2831,11,14.0,5,R&D,2024-04-02,2024-04-05,2024-05-05,441,118.23,52139.43
2832,10,13.0,46,Finance,2025-06-14,2025-06-19,2025-07-26,49,710.39,34809.11
2833,21,27.0,16,Marketing,2024-01-09,2024-01-18,2024-02-04,116,62.98,7305.68
2834,18,21.0,35,Finance,2024-09-26,2024-09-26,2024-10-10,148,55.55,8221.4
2835,6,8.0,60,Finance,2025-12-04,2025-12-09,2026-01-22,295,30.75,9071.25
2836,29,44.0,2,Operations,2024-04-30,2024-05-07,2024-06-17,304,86.94,26429.76
2837,6,8.0,5,Manufacturing,2024-09-25,2024-10-02,2024-10-28,263,118.3,31112.9
2838,38,,8,Manufacturing,2024-06-01,2024-06-09,2024-06-27,373,348.11,129845.03
2839,15,18.0,18,Operations,2025-06-07,2025-06-15,2025-07-18,340,249.86,84952.4
2840,38,,43,Marketing,2024-11-26,2024-12-04,2025-01-05,158,37.65,5948.7
2841,5,7.0,22,IT,2025-02-27,2025-03-08,2025-03-15,393,328.28,129014.04
2842,5,7.0,22,Manufacturing,2025-11-14,2025-11-19,2025-12-04,80,309.29,24743.2
2843,35,53.0,24,R&D,2025-01-10,2025-01-15,2025-02-03,471,43.44,20460.24
2844,15,18.0,33,Finance,2025-06-15,2025-06-19,2025-07-10,327,532.92,174264.84
2845,27,,53,R&D,2024-03-04,2024-03-12,2024-04-17,168,5.9,991.2
2846,34,50.0,29,R&D,2024-06-02,2024-06-06,2024-07-12,238,301.25,71697.5
2847,30,,39,Operations,2025-11-20,2025-11-22,2025-12-03,230,509.8,117254.0
2848,38,,50,R&D,2025-09-10,2025-09-19,2025-10-05,458,116.88,53531.04
2849,31,,11,Marketing,2025-04-16,2025-04-24,2025-05-11,308,1264.53,389475.24
2850,2,3.0,18,R&D,2024-09-26,2024-10-03,2024-10-23,284,266.65,75728.6
2851,22,31.0,5,Marketing,2024-05-18,2024-05-25,2024-06-09,139,124.08,17247.12
2852,21,28.0,43,Marketing,2025-09-04,2025-09-13,2025-10-02,170,38.53,6550.1
2853,11,15.0,55,IT,2025-07-24,2025-07-27,2025-08-04,172,7.17,1233.24
2854,25,,29,Finance,2024-06-21,2024-06-25,2024-07-08,309,264.31,81671.79
2855,31,,56,R&D,2025-02-26,2025-03-06,2025-04-19,67,16.68,1117.56
2856,32,48.0,9,IT,2025-03-26,2025-03-27,2025-04-30,337,42.58,14349.46
2857,29,42.0,53,Finance,2024-12-14,2024-12-14,2025-01-16,409,5.83,2384.47
2858,11,14.0,59,R&D,2025-11-02,2025-11-07,2025-12-05,80,134.83,10786.4
2859,32,48.0,27,Marketing,2024-03-30,2024-03-31,2024-05-04,234,24.99,5847.66
2860,32,48.0,26,R&D,2024-07-05,2024-07-07,2024-08-18,46,136.94,6299.24
2861,3,,34,Operations,2024-03-02,2024-03-10,2024-03-30,303,132.73,40217.19
2862,14,,24,Manufacturing,2025-05-12,2025-05-20,2025-05-30,30,44.51,1335.3
2863,7,11.0,17,Marketing,2025-04-12,2025-04-15,2025-05-23,133,743.26,98853.58
2864,31,,11,Manufacturing,2025-12-20,2025-12-21,2026-01-16,85,1605.09,136432.65
2865,11,14.0,32,Manufacturing,2025-01-30,2025-01-30,2025-03-13,65,76.58,4977.7
2866,31,,6,IT,2024-04-16,2024-04-19,2024-05-16,165,31.94,5270.1
2867,10,13.0,52,Finance,2024-11-25,2024-11-25,2024-12-19,362,344.5,124709.0
2868,25,,29,Finance,2024-03-02,2024-03-05,2024-04-10,289,353.08,102040.12
2869,22,31.0,57,Finance,2025-05-01,2025-05-04,2025-06-11,120,148.66,17839.2
2870,2,,15,Manufacturing,2025-05-03,2025-05-07,2025-06-17,246,1054.57,259424.22
2871,2,,40,R&D,2025-09-16,2025-09-18,2025-10-21,127,462.44,58729.88
2872,1,1.0,34,Finance,2024-09-04,2024-09-05,2024-10-02,343,102.28,35082.04
2873,18,,46,Manufacturing,2024-08-08,2024-08-14,2024-08-28,310,726.15,225106.5
2874,40,,38,Operations,2024-02-18,2024-02-22,2024-03-20,326,26.85,8753.1
2875,21,26.0,28,R&D,2024-10-24,2024-10-30,2024-12-02,100,159.56,15956.0
2876,13,17.0,22,Finance,2024-12-12,2024-12-12,2025-01-24,373,323.73,120751.29
2877,27,,20,Operations,2025-06-26,2025-07-04,2025-07-19,127,87.6,11125.2
2878,13,17.0,53,Marketing,2025-06-27,2025-07-04,2025-08-08,449,5.72,2568.28
2879,7,10.0,20,Operations,2024-04-03,2024-04-12,2024-05-02,375,74.39,27896.25
2880,24,35.0,31,R&D,2024-07-26,2024-07-27,2024-08-28,142,101.5,14413.0
2881,23,33.0,22,IT,2025-01-03,2025-01-08,2025-02-05,395,299.54,118318.3
2882,29,42.0,53,Finance,2024-08-29,2024-09-01,2024-09-28,313,5.76,1802.88
2883,9,,52,Finance,2024-01-16,2024-01-19,2024-02-11,479,399.43,191326.97
2884,40,,33,Marketing,2025-09-08,2025-09-09,2025-10-10,188,538.59,101254.92
2885,13,17.0,53,Finance,2025-06-08,2025-06-17,2025-06-26,145,6.46,936.7
2886,19,23.0,11,Marketing,2025-01-06,2025-01-14,2025-02-04,443,1358.13,601651.59
2887,29,43.0,16,Operations,2024-08-17,2024-08-19,2024-09-29,403,52.35,21097.05
2888,4,6.0,19,R&D,2025-08-31,2025-09-07,2025-09-26,356,54.84,19523.04
2889,15,19.0,11,Finance,2024-01-22,2024-01-26,2024-03-02,417,1129.53,471014.01
2890,8,,48,Manufacturing,2024-11-19,2024-11-21,2025-01-01,430,48.9,21027.0
2891,27,,53,Marketing,2025-08-01,2025-08-07,2025-09-10,409,6.68,2732.12
2892,15,18.0,38,IT,2025-11-26,2025-11-26,2026-01-05,37,29.09,1076.33
2893,26,37.0,30,Finance,2024-07-01,2024-07-02,2024-08-07,287,52.77,15144.99
2894,12,,28,IT,2025-04-16,2025-04-20,2025-05-27,246,190.97,46978.62
2895,18,21.0,27,Operations,2024-05-15,2024-05-18,2024-05-27,31,22.92,710.52
2896,18,21.0,9,Finance,2024-03-25,2024-03-25,2024-04-13,368,39.77,14635.36
2897,26,37.0,56,Operations,2024-09-14,2024-09-14,2024-10-04,13,13.45,174.85
2898,33,49.0,16,R&D,2025-10-06,2025-10-08,2025-11-06,15,62.12,931.8
2899,14,,4,R&D,2025-05-14,2025-05-18,2025-05-29,471,30.41,14323.11
2900,37,,8,Marketing,2024-12-20,2024-12-23,2025-01-17,296,352.02,104197.92
2901,20,,9,Finance,2024-07-22,2024-07-25,2024-08-30,404,45.82,18511.28
2902,25,,5,Operations,2024-04-09,2024-04-13,2024-05-24,217,154.15,33450.55
2903,8,,16,Marketing,2024-07-08,2024-07-16,2024-08-08,448,58.13,26042.24
2904,34,50.0,46,Manufacturing,2024-04-12,2024-04-21,2024-05-18,77,826.43,63635.11
2905,19,22.0,23,Marketing,2024-05-12,2024-05-16,2024-06-02,311,120.22,37388.42
2906,29,42.0,53,R&D,2025-05-07,2025-05-16,2025-06-08,467,5.18,2419.06
2907,20,,27,Operations,2024-04-01,2024-04-06,2024-05-16,345,29.25,10091.25
2908,13,17.0,22,R&D,2024-01-28,2024-02-04,2024-03-05,71,328.67,23335.57
2909,40,,17,Operations,2025-01-24,2025-01-30,2025-02-15,162,797.97,129271.14
2910,21,26.0,28,Marketing,2024-07-27,2024-07-28,2024-08-30,72,138.01,9936.72
2911,27,,20,Marketing,2024-11-25,2024-11-27,2024-12-15,356,77.38,27547.28
2912,22,31.0,51,Manufacturing,2024-04-04,2024-04-12,2024-04-27,214,40.11,8583.54
2913,31,,56,Operations,2024-06-01,2024-06-02,2024-06-12,339,15.11,5122.29
2914,34,50.0,29,Manufacturing,2024-11-12,2024-11-17,2024-11-27,66,307.27,20279.82
2915,30,,9,IT,2025-05-12,2025-05-18,2025-06-04,412,47.34,19504.08
2916,25,36.0,53,R&D,2024-10-25,2024-10-29,2024-11-18,326,6.49,2115.74
2917,11,15.0,45,Manufacturing,2025-01-26,2025-01-30,2025-02-13,39,93.77,3657.03
2918,6,9.0,53,R&D,2025-01-09,2025-01-15,2025-02-28,207,6.65,1376.55
2919,37,,60,Operations,2024-07-12,2024-07-15,2024-08-19,325,33.75,10968.75
2920,38,,8,Operations,2024-07-22,2024-07-23,2024-09-01,324,416.69,135007.56
2921,21,27.0,13,Finance,2024-10-31,2024-11-06,2024-12-05,25,10.87,271.75
2922,25,,42,IT,2024-01-20,2024-01-24,2024-03-02,321,63.81,20483.01
2923,38,,43,R&D,2025-05-14,2025-05-15,2025-06-05,22,48.6,1069.2
2924,20,,39,Marketing,2025-03-18,2025-03-24,2025-04-29,406,476.16,193320.96
2925,2,2.0,23,Operations,2024-08-10,2024-08-11,2024-08-25,331,128.51,42536.81
2926,9,12.0,20,Finance,2024-09-20,2024-09-29,2024-10-09,265,63.33,16782.45
2927,32,48.0,35,R&D,2024-08-20,2024-08-27,2024-09-03,287,55.91,16046.17
2928,3,4.0,28,IT,2025-04-18,2025-04-20,2025-05-27,55,146.02,8031.1
2929,12,16.0,40,R&D,2025-07-04,2025-07-08,2025-07-18,220,415.48,91405.6
2930,36,,17,Operations,2024-03-20,2024-03-20,2024-04-08,473,792.21,374715.33
2931,16,,3,Operations,2024-10-27,2024-10-28,2024-11-22,439,71.86,31546.54
2932,27,38.0,1,Finance,2024-01-03,2024-01-11,2024-01-20,274,279.1,76473.4
2933,36,,37,Operations,2024-11-19,2024-11-26,2024-12-08,182,316.71,57641.22
2934,32,48.0,10,Marketing,2024-06-21,2024-06-30,2024-07-25,358,27.03,9676.74
2935,29,44.0,2,IT,2024-08-29,2024-09-02,2024-10-07,434,73.46,31881.64
2936,37,,5,Manufacturing,2024-11-25,2024-11-29,2024-12-28,151,154.11,23270.61
2937,3,,12,Operations,2024-08-15,2024-08-24,2024-09-30,432,412.26,178096.32
2938,19,24.0,35,Finance,2024-10-06,2024-10-14,2024-11-08,17,50.95,866.15
2939,20,25.0,53,R&D,2025-07-11,2025-07-12,2025-08-07,179,5.72,1023.88
2940,21,26.0,28,R&D,2025-08-05,2025-08-14,2025-08-25,464,150.08,69637.12
2941,6,9.0,22,Marketing,2024-01-02,2024-01-05,2024-01-16,158,304.54,48117.32
2942,32,48.0,10,R&D,2024-09-28,2024-10-02,2024-11-12,163,24.22,3947.86
2943,31,47.0,48,R&D,2025-09-03,2025-09-10,2025-09-22,95,49.58,4710.1
2944,1,1.0,49,Finance,2025-01-13,2025-01-22,2025-02-14,481,188.92,90870.52
2945,36,,37,Finance,2024-05-21,2024-05-29,2024-07-02,180,232.03,41765.4
2946,18,21.0,39,Operations,2025-03-07,2025-03-09,2025-04-10,435,426.5,185527.5
2947,40,,33,Marketing,2024-04-09,2024-04-15,2024-05-09,120,533.84,64060.8
2948,4,5.0,35,Finance,2024-01-08,2024-01-16,2024-02-18,97,61.39,5954.83
2949,4,6.0,54,Manufacturing,2025-03-30,2025-04-06,2025-05-16,361,136.28,49197.08
2950,20,,9,Manufacturing,2025-01-03,2025-01-11,2025-01-30,412,44.49,18329.88
2951,33,49.0,48,IT,2025-07-01,2025-07-06,2025-07-19,446,49.22,21952.12
2952,29,44.0,42,Finance,2024-08-30,2024-09-08,2024-10-22,223,69.25,15442.75
2953,25,,29,Operations,2025-09-10,2025-09-15,2025-09-24,430,316.11,135927.3
2954,34,50.0,52,Finance,2024-10-26,2024-11-03,2024-12-17,441,407.87,179870.67
2955,2,,15,R&D,2025-06-16,2025-06-22,2025-07-19,404,1092.69,441446.76
2956,4,5.0,9,IT,2024-03-08,2024-03-14,2024-04-22,407,46.72,19015.04
2957,5,7.0,53,Finance,2024-03-07,2024-03-11,2024-04-20,445,5.17,2300.65
2958,10,13.0,29,Manufacturing,2025-07-19,2025-07-25,2025-08-19,316,261.77,82719.32
2959,29,44.0,46,IT,2025-08-24,2025-08-31,2025-09-10,400,873.22,349288.0
2960,8,,48,R&D,2025-11-15,2025-11-18,2025-12-23,320,50.57,16182.4
2961,38,,50,R&D,2024-08-21,2024-08-24,2024-09-29,68,90.45,6150.6
2962,3,,58,Marketing,2024-01-14,2024-01-17,2024-02-23,114,283.66,32337.24
2963,39,,3,Marketing,2025-12-07,2025-12-16,2026-01-19,452,91.57,41389.64
2964,14,,31,IT,2025-03-13,2025-03-15,2025-04-15,128,95.76,12257.28
2965,22,31.0,21,R&D,2024-06-29,2024-06-29,2024-07-10,329,115.28,37927.12
2966,6,9.0,22,R&D,2025-07-02,2025-07-11,2025-08-19,417,327.23,136454.91
2967,22,30.0,9,Finance,2025-10-12,2025-10-21,2025-11-17,26,40.78,1060.28
2968,14,,25,R&D,2024-07-26,2024-07-26,2024-08-28,226,105.39,23818.14
2969,24,34.0,58,Operations,2025-07-13,2025-07-15,2025-07-27,145,237.47,34433.15
2970,28,40.0,40,Operations,2025-07-23,2025-07-28,2025-08-31,100,420.49,42049.0
2971,31,,1,Operations,2024-12-26,2025-01-01,2025-01-10,254,375.95,95491.3
2972,39,,6,Operations,2025-04-01,2025-04-06,2025-05-08,37,37.31,1380.47
2973,19,22.0,23,Finance,2024-07-09,2024-07-15,2024-08-12,314,122.04,38320.56
2974,29,42.0,22,Manufacturing,2025-11-05,2025-11-09,2025-11-23,62,281.05,17425.1
2975,31,,11,Manufacturing,2025-12-14,2025-12-18,2026-01-29,285,1329.6,378936.0
2976,33,49.0,16,Marketing,2025-12-08,2025-12-17,2026-01-01,283,61.73,17469.59
2977,21,28.0,57,R&D,2025-06-19,2025-06-22,2025-07-08,318,148.39,47188.02
2978,16,20.0,50,IT,2024-01-30,2024-01-31,2024-03-06,96,95.5,9168.0
2979,7,11.0,17,IT,2024-09-23,2024-09-24,2024-10-03,328,720.57,236346.96
2980,34,50.0,2,Operations,2024-11-14,2024-11-20,2024-12-25,338,78.34,26478.92
2981,34,50.0,42,R&D,2025-11-23,2025-12-01,2026-01-10,471,61.64,29032.44
2982,31,,15,Manufacturing,2025-01-29,2025-02-03,2025-02-21,235,816.68,191919.8
2983,29,44.0,2,IT,2025-01-20,2025-01-26,2025-02-23,237,86.95,20607.15
2984,12,,28,Manufacturing,2024-04-08,2024-04-17,2024-04-30,128,160.09,20491.52
2985,5,7.0,53,Marketing,2025-07-24,2025-08-02,2025-08-20,267,5.5,1468.5
2986,11,15.0,47,IT,2024-08-24,2024-09-02,2024-09-26,83,11.25,933.75
2987,1,1.0,36,Marketing,2024-03-08,2024-03-08,2024-04-15,316,646.2,204199.2
2988,3,4.0,23,Finance,2025-12-19,2025-12-21,2026-01-21,202,137.61,27797.22
2989,12,16.0,30,Operations,2024-05-11,2024-05-18,2024-06-02,127,56.81,7214.87
2990,37,,59,Finance,2024-01-06,2024-01-12,2024-02-04,231,121.84,28145.04
2991,24,35.0,25,IT,2024-02-26,2024-02-26,2024-03-25,100,81.09,8109.0
2992,23,33.0,22,R&D,2024-11-22,2024-11-26,2024-12-23,171,308.5,52753.5
2993,11,,23,IT,2024-03-09,2024-03-16,2024-04-05,388,131.7,51099.6
2994,14,,55,Finance,2025-08-30,2025-09-07,2025-10-01,258,7.7,1986.6
2995,16,,3,Operations,2025-01-07,2025-01-09,2025-02-08,191,82.84,15822.44
2996,17,,1,Manufacturing,2024-08-16,2024-08-24,2024-09-30,17,351.36,5973.12
2997,31,47.0,16,Finance,2023-12-26,2024-01-03,2024-01-12,406,65.32,26519.92
2998,37,,21,Operations,2024-12-11,2024-12-16,2025-01-01,379,113.48,43008.92
2999,27,,16,Manufacturing,2024-04-14,2024-04-20,2024-05-03,106,58.34,6184.04
3000,13,17.0,53,R&D,2025-12-12,2025-12-14,2025-12-28,418,5.74,2399.32
